kode_paket,nama_paket,LPSE,Nama_Peserta,Alasan,Skor_Teknis,Harga_Terkoreksi,Skor_Akhir
5642198,Perencanaan Teknis Pembangunan Turap Jalan RT. IV dan V Desa Kembang Janggut Seleksi Ulang,LPSE KABUPATEN KUTAI KARTANEGARA,JASA PRIBHUNI,Bukan Pemenang,"82,77",190245000,"82,77"
5642198,Perencanaan Teknis Pembangunan Turap Jalan RT. IV dan V Desa Kembang Janggut Seleksi Ulang,LPSE KABUPATEN KUTAI KARTANEGARA,PT. ARCI PRATAMA KONSULTAN,Pemenang,"96,75",185405000,"96,75"
5642198,Perencanaan Teknis Pembangunan Turap Jalan RT. IV dan V Desa Kembang Janggut Seleksi Ulang,LPSE KABUPATEN KUTAI KARTANEGARA,PT. MARANNU MARAYA MAINDAN,Bukan Pemenang,"85,09",187000000,"85,09"
5642198,Perencanaan Teknis Pembangunan Turap Jalan RT. IV dan V Desa Kembang Janggut Seleksi Ulang,LPSE KABUPATEN KUTAI KARTANEGARA,PT. Teraga Olahrakayasa,Tidak Memiliki Kontrak Pengalaman Sejenis,,0,
5642198,Perencanaan Teknis Pembangunan Turap Jalan RT. IV dan V Desa Kembang Janggut Seleksi Ulang,LPSE KABUPATEN KUTAI KARTANEGARA,CV. MUTIARA KARYA CONSULTANT,Tidak Upload Dokumen Penawaran,,0,
5642198,Perencanaan Teknis Pembangunan Turap Jalan RT. IV dan V Desa Kembang Janggut Seleksi Ulang,LPSE KABUPATEN KUTAI KARTANEGARA,PT. Celebes Sarana Jasa,Tidak ada penawaran administrasi dan teknis,,0,
5642198,Perencanaan Teknis Pembangunan Turap Jalan RT. IV dan V Desa Kembang Janggut Seleksi Ulang,LPSE KABUPATEN KUTAI KARTANEGARA,PT. ASA DESAIN,Tidak Menghadiri Pembuktian,,0,
5642198,Perencanaan Teknis Pembangunan Turap Jalan RT. IV dan V Desa Kembang Janggut Seleksi Ulang,LPSE KABUPATEN KUTAI KARTANEGARA,CV.KRIS MUDA,Tidak Menghadiri Pembuktian,,0,
5642198,Perencanaan Teknis Pembangunan Turap Jalan RT. IV dan V Desa Kembang Janggut Seleksi Ulang,LPSE KABUPATEN KUTAI KARTANEGARA,PT. INTIMULYA MULTIKENCANA,Tidak Menghadiri Pembuktian,,0,
5642198,Perencanaan Teknis Pembangunan Turap Jalan RT. IV dan V Desa Kembang Janggut Seleksi Ulang,LPSE KABUPATEN KUTAI KARTANEGARA,CV.MANGKU HARTA,Tidak Menghadiri Pembuktian,,0,
5642198,Perencanaan Teknis Pembangunan Turap Jalan RT. IV dan V Desa Kembang Janggut Seleksi Ulang,LPSE KABUPATEN KUTAI KARTANEGARA,Maju Bersama Bangsa,Tidak Menghadiri Pembuktian,,0,
5642198,Perencanaan Teknis Pembangunan Turap Jalan RT. IV dan V Desa Kembang Janggut Seleksi Ulang,LPSE KABUPATEN KUTAI KARTANEGARA,PT.BIOSFERA WIDHY ENGINEERING,Tidak Menghadiri Pembuktian,,0,
5642198,Perencanaan Teknis Pembangunan Turap Jalan RT. IV dan V Desa Kembang Janggut Seleksi Ulang,LPSE KABUPATEN KUTAI KARTANEGARA,DAFINAH,Tidak Menghadiri Pembuktian,,0,
5559198,Belanja Konsultan Perencanaan Sarana Fisik Puskesmas Wilayah Ulu Paket : Puskesmas Jantur (Muara Muntai),LPSE KABUPATEN KUTAI KARTANEGARA,PT GEOMAP INTERNATIONAL CONSULTANT,Pemenang,"85,39",223465000,"85,39"
5559198,Belanja Konsultan Perencanaan Sarana Fisik Puskesmas Wilayah Ulu Paket : Puskesmas Jantur (Muara Muntai),LPSE KABUPATEN KUTAI KARTANEGARA,PT. DWI ELTIS KONSULTAN,Bukan Pemenang,"70,88",246477000,"70,88"
5559198,Belanja Konsultan Perencanaan Sarana Fisik Puskesmas Wilayah Ulu Paket : Puskesmas Jantur (Muara Muntai),LPSE KABUPATEN KUTAI KARTANEGARA,CV. EXECUTIVE 04 CONSULTANT,Bukan Pemenang,"74,37",248567000,"74,37"
5559198,Belanja Konsultan Perencanaan Sarana Fisik Puskesmas Wilayah Ulu Paket : Puskesmas Jantur (Muara Muntai),LPSE KABUPATEN KUTAI KARTANEGARA,PT. Teraga Olahrakayasa,Gugur (tidak hadir pembuktian kualifikasi),,0,
5559198,Belanja Konsultan Perencanaan Sarana Fisik Puskesmas Wilayah Ulu Paket : Puskesmas Jantur (Muara Muntai),LPSE KABUPATEN KUTAI KARTANEGARA,CV. AKASAKA TEKNIKA CONSULTANT,GUGUR (Tidak Upload Dokumen Penawaran),,0,
5559198,Belanja Konsultan Perencanaan Sarana Fisik Puskesmas Wilayah Ulu Paket : Puskesmas Jantur (Muara Muntai),LPSE KABUPATEN KUTAI KARTANEGARA,CV. Sawi Mahakam Consultant,Gugur Adminsitrasi (masa berlaku SBU/surat keterangan habis),,0,
5559198,Belanja Konsultan Perencanaan Sarana Fisik Puskesmas Wilayah Ulu Paket : Puskesmas Jantur (Muara Muntai),LPSE KABUPATEN KUTAI KARTANEGARA,Ri N Ra Artha Karya,GUGUR (Tidak Upload Dokumen Penawaran),,0,
5559198,Belanja Konsultan Perencanaan Sarana Fisik Puskesmas Wilayah Ulu Paket : Puskesmas Jantur (Muara Muntai),LPSE KABUPATEN KUTAI KARTANEGARA,CV. Raniatama Consultant,Gugur Administrasi (Tdk ada pjk Psl. 21 bln mei 2014),,0,
5559198,Belanja Konsultan Perencanaan Sarana Fisik Puskesmas Wilayah Ulu Paket : Puskesmas Jantur (Muara Muntai),LPSE KABUPATEN KUTAI KARTANEGARA,PT. ARISTA GEMILANG KONSULINDO,Gugur Administrasi (Tdk ada pajak bulan Mei 2014),,0,
5559198,Belanja Konsultan Perencanaan Sarana Fisik Puskesmas Wilayah Ulu Paket : Puskesmas Jantur (Muara Muntai),LPSE KABUPATEN KUTAI KARTANEGARA,CV. GEOSYLVA LESTARI,Lulus Tidak masuk short list,,0,
5559198,Belanja Konsultan Perencanaan Sarana Fisik Puskesmas Wilayah Ulu Paket : Puskesmas Jantur (Muara Muntai),LPSE KABUPATEN KUTAI KARTANEGARA,PT. INTIMULYA MULTIKENCANA,Gugur (tidak hadir pembuktian kualifikasi),,0,
5559198,Belanja Konsultan Perencanaan Sarana Fisik Puskesmas Wilayah Ulu Paket : Puskesmas Jantur (Muara Muntai),LPSE KABUPATEN KUTAI KARTANEGARA,CV. PRABUANA ENGINEER CONSULTANT,Gugur Administrasi (Tdk ada SPT Tahunan 2013),,0,
5559198,Belanja Konsultan Perencanaan Sarana Fisik Puskesmas Wilayah Ulu Paket : Puskesmas Jantur (Muara Muntai),LPSE KABUPATEN KUTAI KARTANEGARA,CV.DIAN CAHAYA,Tidak Menghadiri Pembuktian,,0,
5559198,Belanja Konsultan Perencanaan Sarana Fisik Puskesmas Wilayah Ulu Paket : Puskesmas Jantur (Muara Muntai),LPSE KABUPATEN KUTAI KARTANEGARA,PT. TEKNIKAL GLOBAL KONSULTAN,Tidak Menghadiri Pembuktian,,0,
5559198,Belanja Konsultan Perencanaan Sarana Fisik Puskesmas Wilayah Ulu Paket : Puskesmas Jantur (Muara Muntai),LPSE KABUPATEN KUTAI KARTANEGARA,CV. MAWAR MERAH,Tidak Menghadiri Pembuktian,,0,
5559198,Belanja Konsultan Perencanaan Sarana Fisik Puskesmas Wilayah Ulu Paket : Puskesmas Jantur (Muara Muntai),LPSE KABUPATEN KUTAI KARTANEGARA,CV.RADJA KALTIM,Tidak Menghadiri Pembuktian,,0,
5559198,Belanja Konsultan Perencanaan Sarana Fisik Puskesmas Wilayah Ulu Paket : Puskesmas Jantur (Muara Muntai),LPSE KABUPATEN KUTAI KARTANEGARA,Maju Bersama Bangsa,Tidak Menghadiri Pembuktian,,0,
5559198,Belanja Konsultan Perencanaan Sarana Fisik Puskesmas Wilayah Ulu Paket : Puskesmas Jantur (Muara Muntai),LPSE KABUPATEN KUTAI KARTANEGARA,PT. MASSUKA PRATAMA,Tidak Menghadiri Pembuktian,,0,
5559198,Belanja Konsultan Perencanaan Sarana Fisik Puskesmas Wilayah Ulu Paket : Puskesmas Jantur (Muara Muntai),LPSE KABUPATEN KUTAI KARTANEGARA,jaya utama,Tidak Menghadiri Pembuktian,,0,
5559198,Belanja Konsultan Perencanaan Sarana Fisik Puskesmas Wilayah Ulu Paket : Puskesmas Jantur (Muara Muntai),LPSE KABUPATEN KUTAI KARTANEGARA,CV. UNITED 07 CONSULTANT,Tidak Menghadiri Pembuktian,,0,
5559198,Belanja Konsultan Perencanaan Sarana Fisik Puskesmas Wilayah Ulu Paket : Puskesmas Jantur (Muara Muntai),LPSE KABUPATEN KUTAI KARTANEGARA,PT. ASA DESAIN,Tidak Menghadiri Pembuktian,,0,
5559198,Belanja Konsultan Perencanaan Sarana Fisik Puskesmas Wilayah Ulu Paket : Puskesmas Jantur (Muara Muntai),LPSE KABUPATEN KUTAI KARTANEGARA,GALLANT,Tidak Menghadiri Pembuktian,,0,
5559198,Belanja Konsultan Perencanaan Sarana Fisik Puskesmas Wilayah Ulu Paket : Puskesmas Jantur (Muara Muntai),LPSE KABUPATEN KUTAI KARTANEGARA,CV. JEVA UTAMA KONSULINDO,Tidak Menghadiri Pembuktian,,0,
5559198,Belanja Konsultan Perencanaan Sarana Fisik Puskesmas Wilayah Ulu Paket : Puskesmas Jantur (Muara Muntai),LPSE KABUPATEN KUTAI KARTANEGARA,DAFINAH,Tidak Menghadiri Pembuktian,,0,
5559198,Belanja Konsultan Perencanaan Sarana Fisik Puskesmas Wilayah Ulu Paket : Puskesmas Jantur (Muara Muntai),LPSE KABUPATEN KUTAI KARTANEGARA,CV.AURA CONSULINDO,Tidak Menghadiri Pembuktian,,0,
5384198,Inventarisasi dan Identifikasi Pemakaman di Region I dan III Kabupaten Kutai Kartanegara (Pemetaan Wilayah/Kuburan),LPSE KABUPATEN KUTAI KARTANEGARA,PT. GIRI AWAS,Bukan Pemenang,"88,8",330220000,"88,8"
5384198,Inventarisasi dan Identifikasi Pemakaman di Region I dan III Kabupaten Kutai Kartanegara (Pemetaan Wilayah/Kuburan),LPSE KABUPATEN KUTAI KARTANEGARA,Tirta Prima Pratama,Pemenang,"96,3",330770000,"96,3"
5384198,Inventarisasi dan Identifikasi Pemakaman di Region I dan III Kabupaten Kutai Kartanegara (Pemetaan Wilayah/Kuburan),LPSE KABUPATEN KUTAI KARTANEGARA,PT. ANDRA CIPTA CONSULT,HO/SITU/IG tidak tercantum pada data kualifikasi,,0,
5384198,Inventarisasi dan Identifikasi Pemakaman di Region I dan III Kabupaten Kutai Kartanegara (Pemetaan Wilayah/Kuburan),LPSE KABUPATEN KUTAI KARTANEGARA,PT. MORTEZA Teknikatama,Pajak Bulan Juli 2014 tidak tercantum pada data kualifikasi,,0,
5384198,Inventarisasi dan Identifikasi Pemakaman di Region I dan III Kabupaten Kutai Kartanegara (Pemetaan Wilayah/Kuburan),LPSE KABUPATEN KUTAI KARTANEGARA,PT. Arenco Binatama,Bukan Pemenang,,0,
5384198,Inventarisasi dan Identifikasi Pemakaman di Region I dan III Kabupaten Kutai Kartanegara (Pemetaan Wilayah/Kuburan),LPSE KABUPATEN KUTAI KARTANEGARA,CV. FASADE UTAMA,tidak mengupload dokumen penawaran administrasi & teknis,,0,
5384198,Inventarisasi dan Identifikasi Pemakaman di Region I dan III Kabupaten Kutai Kartanegara (Pemetaan Wilayah/Kuburan),LPSE KABUPATEN KUTAI KARTANEGARA,PT. Ahassa Ciptanika,ITU telah habis masa berlakunya,,0,
5384198,Inventarisasi dan Identifikasi Pemakaman di Region I dan III Kabupaten Kutai Kartanegara (Pemetaan Wilayah/Kuburan),LPSE KABUPATEN KUTAI KARTANEGARA,HUMAN,penyedia tidak hadir pembuktian kualifikasi,,0,
5384198,Inventarisasi dan Identifikasi Pemakaman di Region I dan III Kabupaten Kutai Kartanegara (Pemetaan Wilayah/Kuburan),LPSE KABUPATEN KUTAI KARTANEGARA,PT. PURI DIMENSI,-penyedia tidak dapat menunjukkan data asli yang tercantum pada isian kualifikasi SPSE,,0,
5384198,Inventarisasi dan Identifikasi Pemakaman di Region I dan III Kabupaten Kutai Kartanegara (Pemetaan Wilayah/Kuburan),LPSE KABUPATEN KUTAI KARTANEGARA,PT. Revanplan Adiraka Konsultan,HO/SITU/IG tidak tercantum pada data kualifikasi,,0,
5384198,Inventarisasi dan Identifikasi Pemakaman di Region I dan III Kabupaten Kutai Kartanegara (Pemetaan Wilayah/Kuburan),LPSE KABUPATEN KUTAI KARTANEGARA,PT. ECOPLAN REKABUMI INTERCONSULT,-penyedia tidak dapat menunjukkan data asli yang tercantum pada isian kualifikasi SPSE,,0,
5384198,Inventarisasi dan Identifikasi Pemakaman di Region I dan III Kabupaten Kutai Kartanegara (Pemetaan Wilayah/Kuburan),LPSE KABUPATEN KUTAI KARTANEGARA,PT. Maza Pradita Sarana,-penyedia tidak dapat menunjukkan data asli yang tercantum pada isian kualifikasi SPSE,,0,
5384198,Inventarisasi dan Identifikasi Pemakaman di Region I dan III Kabupaten Kutai Kartanegara (Pemetaan Wilayah/Kuburan),LPSE KABUPATEN KUTAI KARTANEGARA,PT. BIRAPLANO ASRI,SITU/HO tidak tercantum pada data kualifikasi,,0,
5384198,Inventarisasi dan Identifikasi Pemakaman di Region I dan III Kabupaten Kutai Kartanegara (Pemetaan Wilayah/Kuburan),LPSE KABUPATEN KUTAI KARTANEGARA,PT. Multicipta Rancana Selaras,pada saat pembuktian isian kualifikasi penyedia tidak dapat menunjukkan pajak bulan juni dan juli 2014,,0,
5384198,Inventarisasi dan Identifikasi Pemakaman di Region I dan III Kabupaten Kutai Kartanegara (Pemetaan Wilayah/Kuburan),LPSE KABUPATEN KUTAI KARTANEGARA,PT. TARAM,- PPn Bulan Juni yang tercantum pada data/isian kualifikasi tidak sesuai dengan data yang di bawa - penyedia tidak dapat menunjukkan data peralatan yang tercantum pada isian kualifikasi,,0,
5384198,Inventarisasi dan Identifikasi Pemakaman di Region I dan III Kabupaten Kutai Kartanegara (Pemetaan Wilayah/Kuburan),LPSE KABUPATEN KUTAI KARTANEGARA,PT. NUSA TIARA,- SBU telematika tidak tercantum pada data kualifikasi - IUJK tidak tercantum pada data kualifikasi - SPT tahunan tidak tercantum pada data kualfikasi,,0,
5384198,Inventarisasi dan Identifikasi Pemakaman di Region I dan III Kabupaten Kutai Kartanegara (Pemetaan Wilayah/Kuburan),LPSE KABUPATEN KUTAI KARTANEGARA,PT. SIGMA EKSPRESI,tidak mengupload dokumen penawaran administrasi & teknis,,0,
5384198,Inventarisasi dan Identifikasi Pemakaman di Region I dan III Kabupaten Kutai Kartanegara (Pemetaan Wilayah/Kuburan),LPSE KABUPATEN KUTAI KARTANEGARA,PT. MARGA SARANA BHUMI,- SBU tidak tercantum pada data kualifikasi - SITU/HO tidak tercantum pada data kualifikasi,,0,
5384198,Inventarisasi dan Identifikasi Pemakaman di Region I dan III Kabupaten Kutai Kartanegara (Pemetaan Wilayah/Kuburan),LPSE KABUPATEN KUTAI KARTANEGARA,PT. Raka Enginering Consultants,penyedia tidak hadir pembuktian kualifikasi,,0,
5384198,Inventarisasi dan Identifikasi Pemakaman di Region I dan III Kabupaten Kutai Kartanegara (Pemetaan Wilayah/Kuburan),LPSE KABUPATEN KUTAI KARTANEGARA,PT. Integrasi Prima Logika,- SBU tidak tercantum pada data kualifikasi - IUJK tidak tercantum pada data kualifikasi - SITU / HO tidak tercantum pada data kualifikasi - PAJAK PPh 25 bulan mei s/d juli 2014 tidak tercantum pada data kualifikasi - SPT Tahunan tidak tercantum pada data kualifikasi,,0,
5384198,Inventarisasi dan Identifikasi Pemakaman di Region I dan III Kabupaten Kutai Kartanegara (Pemetaan Wilayah/Kuburan),LPSE KABUPATEN KUTAI KARTANEGARA,PT. KWARSA HEXAGON,- SITU/HO tidak tercantum pada data kualifikasi,,0,
5384198,Inventarisasi dan Identifikasi Pemakaman di Region I dan III Kabupaten Kutai Kartanegara (Pemetaan Wilayah/Kuburan),LPSE KABUPATEN KUTAI KARTANEGARA,PT. BINA KREASI NUSANTARA,Tidak Menghadiri Pembuktian,,0,
5384198,Inventarisasi dan Identifikasi Pemakaman di Region I dan III Kabupaten Kutai Kartanegara (Pemetaan Wilayah/Kuburan),LPSE KABUPATEN KUTAI KARTANEGARA,CV. IMAYA CONSULTING ENGINEERS,Tidak Menghadiri Pembuktian,,0,
5384198,Inventarisasi dan Identifikasi Pemakaman di Region I dan III Kabupaten Kutai Kartanegara (Pemetaan Wilayah/Kuburan),LPSE KABUPATEN KUTAI KARTANEGARA,CV. KALIMANTAN INFOTAMA,Tidak Menghadiri Pembuktian,,0,
5384198,Inventarisasi dan Identifikasi Pemakaman di Region I dan III Kabupaten Kutai Kartanegara (Pemetaan Wilayah/Kuburan),LPSE KABUPATEN KUTAI KARTANEGARA,GALLANT,Tidak Menghadiri Pembuktian,,0,
5384198,Inventarisasi dan Identifikasi Pemakaman di Region I dan III Kabupaten Kutai Kartanegara (Pemetaan Wilayah/Kuburan),LPSE KABUPATEN KUTAI KARTANEGARA,Maju Bersama Bangsa,Tidak Menghadiri Pembuktian,,0,
5368198,Penyusunan Sistem Informasi Ketenagalistrikan,LPSE KABUPATEN KUTAI KARTANEGARA,PT. GIRI AWAS,Pemenang,"73,82",410025000,"73,82"
5368198,Penyusunan Sistem Informasi Ketenagalistrikan,LPSE KABUPATEN KUTAI KARTANEGARA,PT. ANDRA CIPTA CONSULT,"'tidak melampirkan SBU Non Konstruksi Bidang Jasa Khusus sub bidang Jasa Teknologi dan sistem Informasi, tidak melampirkan laporan pajak PPn bulan april tahun 2014",,0,
5368198,Penyusunan Sistem Informasi Ketenagalistrikan,LPSE KABUPATEN KUTAI KARTANEGARA,Tirta Prima Pratama,"'tidak melampirkan pajak PPh pasal 25 bulan april,mei dan juni 2014",,0,
5368198,Penyusunan Sistem Informasi Ketenagalistrikan,LPSE KABUPATEN KUTAI KARTANEGARA,PT. SIGMA EKSPRESI,Bukan Pemenang,,0,
5368198,Penyusunan Sistem Informasi Ketenagalistrikan,LPSE KABUPATEN KUTAI KARTANEGARA,PT. ARIA GRAHA,tidak hadir pembuktian kualifikasi,,0,
5368198,Penyusunan Sistem Informasi Ketenagalistrikan,LPSE KABUPATEN KUTAI KARTANEGARA,PT. ECOPLAN REKABUMI INTERCONSULT,'tidak melampirkan SBU Non Konstruksi Bidang Jasa Khusus sub bidang Jasa Teknologi dan sistem Informasi,,0,
5368198,Penyusunan Sistem Informasi Ketenagalistrikan,LPSE KABUPATEN KUTAI KARTANEGARA,PT. BIRAPLANO ASRI,Bukan Pemenang,,0,
5368198,Penyusunan Sistem Informasi Ketenagalistrikan,LPSE KABUPATEN KUTAI KARTANEGARA,PT. PRIMA MAXIMA ABADI,"'tidak melampirkan SBU Non Konstruksi Bidang Pertambangan dan Energi sub bidang pertambangan dan energi lainnya , tidak melampirkan laporan pajak bulan april tahun 2014",,0,
5368198,Penyusunan Sistem Informasi Ketenagalistrikan,LPSE KABUPATEN KUTAI KARTANEGARA,PT. Maza Pradita Sarana,'tidak melampirkan SBU Non Konstruksi Bidang Jasa Khusus sub bidang Jasa Teknologi dan sistem Informasi,,0,
5368198,Penyusunan Sistem Informasi Ketenagalistrikan,LPSE KABUPATEN KUTAI KARTANEGARA,PT. MARGA SARANA BHUMI,'tidak memiliki kemampuan pada sub bidang pekerjaan yang sejenis,,0,
5368198,Penyusunan Sistem Informasi Ketenagalistrikan,LPSE KABUPATEN KUTAI KARTANEGARA,PT. Multicipta Rancana Selaras,'tidak melampirkan SBU Non Konstruksi Bidang Jasa Khusus sub bidang Jasa Teknologi dan sistem Informasi dan Bidang Pertambangan dan Energi sub bidang pertambangan dan energi lainnya,,0,
5368198,Penyusunan Sistem Informasi Ketenagalistrikan,LPSE KABUPATEN KUTAI KARTANEGARA,PT. Ahassa Ciptanika,'tidak memiliki kemampuan pada sub bidang pekerjaan yang sejenis,,0,
5368198,Penyusunan Sistem Informasi Ketenagalistrikan,LPSE KABUPATEN KUTAI KARTANEGARA,PT. BINA KREASI NUSANTARA,Bukan Pemenang,,0,
5368198,Penyusunan Sistem Informasi Ketenagalistrikan,LPSE KABUPATEN KUTAI KARTANEGARA,PT. Revanplan Adiraka Konsultan,'tidak melampirkan SBU Non Konstruksi Bidang Jasa Khusus sub bidang Jasa Teknologi dan sistem Informasi dan Bidang Pertambangan dan Energi sub bidang pertambangan dan energi lainnya,,0,
5368198,Penyusunan Sistem Informasi Ketenagalistrikan,LPSE KABUPATEN KUTAI KARTANEGARA,PT. PURI DIMENSI,'tidak melampirkan SBU Non Konstruksi Bidang Jasa Khusus sub bidang Jasa Teknologi dan sistem Informasi,,0,
5368198,Penyusunan Sistem Informasi Ketenagalistrikan,LPSE KABUPATEN KUTAI KARTANEGARA,PT. PILAR ARTHA NUGRAHA,'tidak melampirkan SBU Non Konstruksi Bidang Jasa Khusus sub bidang Jasa Teknologi dan sistem Informasi,,0,
5368198,Penyusunan Sistem Informasi Ketenagalistrikan,LPSE KABUPATEN KUTAI KARTANEGARA,PT. Integrasi Prima Logika,"'tidak melampirkan SBU Non Konstruksi Bidang Jasa Khusus sub bidang Jasa Teknologi dan sistem Informasi dan Bidang Pertambangan dan Energi sub bidang pertambangan dan energi lainnya, tidak melampirkan SIUJK perencana, tidak melampirkan spt tahun 2013, tidak melampirkan pajak PPN, PPh psl 21, 25 bulan april dan PPh psl 25 bulan mei dan juni 2014",,0,
5368198,Penyusunan Sistem Informasi Ketenagalistrikan,LPSE KABUPATEN KUTAI KARTANEGARA,PT. TARAM,"'tidak melampirkan SBU Non Konstruksi Bidang Jasa Khusus sub bidang Jasa Teknologi dan sistem Informasi, tidak melampirkan laporan pajak bulan mei",,0,
5368198,Penyusunan Sistem Informasi Ketenagalistrikan,LPSE KABUPATEN KUTAI KARTANEGARA,PT. TUGU PERDANA,'tidak melampirkan SBU Non Konstruksi Bidang Jasa Khusus sub bidang Jasa Teknologi dan sistem Informasi,,0,
5368198,Penyusunan Sistem Informasi Ketenagalistrikan,LPSE KABUPATEN KUTAI KARTANEGARA,CV. FASADE UTAMA,Bukan Pemenang,,0,
5368198,Penyusunan Sistem Informasi Ketenagalistrikan,LPSE KABUPATEN KUTAI KARTANEGARA,PT. Raka Enginering Consultants,'tidak memiliki kemampuan pada sub bidang pekerjaan yang sejenis,,0,
5368198,Penyusunan Sistem Informasi Ketenagalistrikan,LPSE KABUPATEN KUTAI KARTANEGARA,PT. NUSA TIARA,"'tidak melampirkan SBU Non Konstruksi Bidang Jasa Khusus sub bidang Jasa Teknologi dan sistem Informasi, tidak melampirkan laporan pajak bulan april",,0,
5368198,Penyusunan Sistem Informasi Ketenagalistrikan,LPSE KABUPATEN KUTAI KARTANEGARA,GALLANT,Tidak Menghadiri Pembuktian,,0,
5368198,Penyusunan Sistem Informasi Ketenagalistrikan,LPSE KABUPATEN KUTAI KARTANEGARA,PT. Arenco Binatama,Tidak Menghadiri Pembuktian,,0,
5368198,Penyusunan Sistem Informasi Ketenagalistrikan,LPSE KABUPATEN KUTAI KARTANEGARA,PT. Duta Informatika,Tidak Menghadiri Pembuktian,,0,
5368198,Penyusunan Sistem Informasi Ketenagalistrikan,LPSE KABUPATEN KUTAI KARTANEGARA,CV. NUMESA,Tidak Menghadiri Pembuktian,,0,
5368198,Penyusunan Sistem Informasi Ketenagalistrikan,LPSE KABUPATEN KUTAI KARTANEGARA,PT. KAPIMA RENCANATAMA,Tidak Menghadiri Pembuktian,,0,
5368198,Penyusunan Sistem Informasi Ketenagalistrikan,LPSE KABUPATEN KUTAI KARTANEGARA,CV. EMWE BERSAUDARA,Tidak Menghadiri Pembuktian,,0,
5368198,Penyusunan Sistem Informasi Ketenagalistrikan,LPSE KABUPATEN KUTAI KARTANEGARA,Maju Bersama Bangsa,Tidak Menghadiri Pembuktian,,0,
5368198,Penyusunan Sistem Informasi Ketenagalistrikan,LPSE KABUPATEN KUTAI KARTANEGARA,CV. KALIMANTAN INFOTAMA,Tidak Menghadiri Pembuktian,,0,
5368198,Penyusunan Sistem Informasi Ketenagalistrikan,LPSE KABUPATEN KUTAI KARTANEGARA,CV.DIAN CAHAYA,Tidak Menghadiri Pembuktian,,0,
5368198,Penyusunan Sistem Informasi Ketenagalistrikan,LPSE KABUPATEN KUTAI KARTANEGARA,PT. MORTEZA Teknikatama,Tidak Menghadiri Pembuktian,,0,
5368198,Penyusunan Sistem Informasi Ketenagalistrikan,LPSE KABUPATEN KUTAI KARTANEGARA,PT. GEOSURVEY SWASTI SARANA,Tidak Menghadiri Pembuktian,,0,
5368198,Penyusunan Sistem Informasi Ketenagalistrikan,LPSE KABUPATEN KUTAI KARTANEGARA,CV. TIGA JAYA,Tidak Menghadiri Pembuktian,,0,
5368198,Penyusunan Sistem Informasi Ketenagalistrikan,LPSE KABUPATEN KUTAI KARTANEGARA,PT.CITRA LAHAN UTAMA,Tidak Menghadiri Pembuktian,,0,
5368198,Penyusunan Sistem Informasi Ketenagalistrikan,LPSE KABUPATEN KUTAI KARTANEGARA,CV. IMAYA CONSULTING ENGINEERS,Tidak Menghadiri Pembuktian,,0,
5368198,Penyusunan Sistem Informasi Ketenagalistrikan,LPSE KABUPATEN KUTAI KARTANEGARA,PT. Sisarti Baksya Asasta,Tidak Menghadiri Pembuktian,,0,
5346198,Pemetaan Optimalisasi PAD,LPSE KABUPATEN KUTAI KARTANEGARA,PT. Multicipta Rancana Selaras,Pemenang,"73,82",223036000,"73,82"
5346198,Pemetaan Optimalisasi PAD,LPSE KABUPATEN KUTAI KARTANEGARA,PT. BINA KREASI NUSANTARA,Bukan Pemenang,,223476000,
5346198,Pemetaan Optimalisasi PAD,LPSE KABUPATEN KUTAI KARTANEGARA,PT. BIRAPLANO ASRI,Bukan Pemenang,"72,11",224158000,"72,11"
5346198,Pemetaan Optimalisasi PAD,LPSE KABUPATEN KUTAI KARTANEGARA,PT. ECOPLAN REKABUMI INTERCONSULT,Tidak mengunggah/mengupload dokumen penawaran teknis,,0,
5346198,Pemetaan Optimalisasi PAD,LPSE KABUPATEN KUTAI KARTANEGARA,PT. Raka Enginering Consultants,Tidak hadir pada pembuktian kualifikasi,,0,
5346198,Pemetaan Optimalisasi PAD,LPSE KABUPATEN KUTAI KARTANEGARA,PT. Ahassa Ciptanika,Tidak mengunggah/mengupload dokumen penawaran teknis,,0,
5346198,Pemetaan Optimalisasi PAD,LPSE KABUPATEN KUTAI KARTANEGARA,HUMAN,Tidak hadir pada pembuktian kualifikasi,,0,
5346198,Pemetaan Optimalisasi PAD,LPSE KABUPATEN KUTAI KARTANEGARA,PT. Revanplan Adiraka Konsultan,Tidak hadir pada pembuktian kualifikasi,,0,
5346198,Pemetaan Optimalisasi PAD,LPSE KABUPATEN KUTAI KARTANEGARA,PT. Maza Pradita Sarana,Tidak mengunggah/mengupload dokumen penawaran teknis,,0,
5346198,Pemetaan Optimalisasi PAD,LPSE KABUPATEN KUTAI KARTANEGARA,Maju Bersama Bangsa,Tidak Menghadiri Pembuktian,,0,
5346198,Pemetaan Optimalisasi PAD,LPSE KABUPATEN KUTAI KARTANEGARA,PT. NUSA TIARA,Tidak Menghadiri Pembuktian,,0,
5346198,Pemetaan Optimalisasi PAD,LPSE KABUPATEN KUTAI KARTANEGARA,CV.DIAN CAHAYA,Tidak Menghadiri Pembuktian,,0,
5346198,Pemetaan Optimalisasi PAD,LPSE KABUPATEN KUTAI KARTANEGARA,PT. WINAGUNA SARANA TEKNIK,Tidak Menghadiri Pembuktian,,0,
5346198,Pemetaan Optimalisasi PAD,LPSE KABUPATEN KUTAI KARTANEGARA,PT. TARAM,Tidak Menghadiri Pembuktian,,0,
5346198,Pemetaan Optimalisasi PAD,LPSE KABUPATEN KUTAI KARTANEGARA,CV. HERDA RIPTA LOKA,Tidak Menghadiri Pembuktian,,0,
5346198,Pemetaan Optimalisasi PAD,LPSE KABUPATEN KUTAI KARTANEGARA,PT. DAYA CIPTA DIANRANCANA,Tidak Menghadiri Pembuktian,,0,
5346198,Pemetaan Optimalisasi PAD,LPSE KABUPATEN KUTAI KARTANEGARA,CV. KALIMANTAN INFOTAMA,Tidak Menghadiri Pembuktian,,0,
5346198,Pemetaan Optimalisasi PAD,LPSE KABUPATEN KUTAI KARTANEGARA,CV. PILAR CIPTA SOLUSI,Tidak Menghadiri Pembuktian,,0,
5346198,Pemetaan Optimalisasi PAD,LPSE KABUPATEN KUTAI KARTANEGARA,PT. Duta Informatika,Tidak Menghadiri Pembuktian,,0,
5297198,UPL / UKL PEMBANGUNAN SARANA DAN PRASARANA PEMERINTAHAN ( Pembangunan Pasar Ikan Loa Janan ) Seleksi Ulang,LPSE KABUPATEN KUTAI KARTANEGARA,CV. Raniatama Consultant,Pemenang,"98,4",253825000,"98,4"
5297198,UPL / UKL PEMBANGUNAN SARANA DAN PRASARANA PEMERINTAHAN ( Pembangunan Pasar Ikan Loa Janan ) Seleksi Ulang,LPSE KABUPATEN KUTAI KARTANEGARA,PT. Teraga Olahrakayasa,Tidak ada personil ahli kesehatan dan ahli ekonomi,,0,
5297198,UPL / UKL PEMBANGUNAN SARANA DAN PRASARANA PEMERINTAHAN ( Pembangunan Pasar Ikan Loa Janan ) Seleksi Ulang,LPSE KABUPATEN KUTAI KARTANEGARA,CV. Sawi Mahakam Consultant,Tidak ada ahli ekonomi,,0,
5297198,UPL / UKL PEMBANGUNAN SARANA DAN PRASARANA PEMERINTAHAN ( Pembangunan Pasar Ikan Loa Janan ) Seleksi Ulang,LPSE KABUPATEN KUTAI KARTANEGARA,PT. ASA DESAIN,Tidak memasukkan penawaran,,0,
5297198,UPL / UKL PEMBANGUNAN SARANA DAN PRASARANA PEMERINTAHAN ( Pembangunan Pasar Ikan Loa Janan ) Seleksi Ulang,LPSE KABUPATEN KUTAI KARTANEGARA,PT. Smart Teknik Consultant,Tidak ada SPT bulan Juli,,0,
5297198,UPL / UKL PEMBANGUNAN SARANA DAN PRASARANA PEMERINTAHAN ( Pembangunan Pasar Ikan Loa Janan ) Seleksi Ulang,LPSE KABUPATEN KUTAI KARTANEGARA,PT. PUSKOTLING INDONESIA,Tidak ada SPT bulan Juli,,0,
5297198,UPL / UKL PEMBANGUNAN SARANA DAN PRASARANA PEMERINTAHAN ( Pembangunan Pasar Ikan Loa Janan ) Seleksi Ulang,LPSE KABUPATEN KUTAI KARTANEGARA,CV. HERDA RIPTA LOKA,Tidak Menghadiri Pembuktian,,0,
5297198,UPL / UKL PEMBANGUNAN SARANA DAN PRASARANA PEMERINTAHAN ( Pembangunan Pasar Ikan Loa Janan ) Seleksi Ulang,LPSE KABUPATEN KUTAI KARTANEGARA,CV. EMWE BERSAUDARA,Tidak Menghadiri Pembuktian,,0,
5297198,UPL / UKL PEMBANGUNAN SARANA DAN PRASARANA PEMERINTAHAN ( Pembangunan Pasar Ikan Loa Janan ) Seleksi Ulang,LPSE KABUPATEN KUTAI KARTANEGARA,PT. MIRANTHI KONSULTAN PERMAI,Tidak Menghadiri Pembuktian,,0,
5297198,UPL / UKL PEMBANGUNAN SARANA DAN PRASARANA PEMERINTAHAN ( Pembangunan Pasar Ikan Loa Janan ) Seleksi Ulang,LPSE KABUPATEN KUTAI KARTANEGARA,PT. Dua Ribu Satu Pangripta,Tidak Menghadiri Pembuktian,,0,
5297198,UPL / UKL PEMBANGUNAN SARANA DAN PRASARANA PEMERINTAHAN ( Pembangunan Pasar Ikan Loa Janan ) Seleksi Ulang,LPSE KABUPATEN KUTAI KARTANEGARA,CV. AKASAKA TEKNIKA CONSULTANT,Tidak Menghadiri Pembuktian,,0,
5297198,UPL / UKL PEMBANGUNAN SARANA DAN PRASARANA PEMERINTAHAN ( Pembangunan Pasar Ikan Loa Janan ) Seleksi Ulang,LPSE KABUPATEN KUTAI KARTANEGARA,General Konsultan,Tidak Menghadiri Pembuktian,,0,
5297198,UPL / UKL PEMBANGUNAN SARANA DAN PRASARANA PEMERINTAHAN ( Pembangunan Pasar Ikan Loa Janan ) Seleksi Ulang,LPSE KABUPATEN KUTAI KARTANEGARA,CV. TRI JAYA MANDIRI KONSULTAN,Tidak Menghadiri Pembuktian,,0,
5297198,UPL / UKL PEMBANGUNAN SARANA DAN PRASARANA PEMERINTAHAN ( Pembangunan Pasar Ikan Loa Janan ) Seleksi Ulang,LPSE KABUPATEN KUTAI KARTANEGARA,PT. INTIMULYA MULTIKENCANA,Tidak Menghadiri Pembuktian,,0,
5297198,UPL / UKL PEMBANGUNAN SARANA DAN PRASARANA PEMERINTAHAN ( Pembangunan Pasar Ikan Loa Janan ) Seleksi Ulang,LPSE KABUPATEN KUTAI KARTANEGARA,AGRONUSA SARTIKA,Tidak Menghadiri Pembuktian,,0,
5297198,UPL / UKL PEMBANGUNAN SARANA DAN PRASARANA PEMERINTAHAN ( Pembangunan Pasar Ikan Loa Janan ) Seleksi Ulang,LPSE KABUPATEN KUTAI KARTANEGARA,Maju Bersama Bangsa,Tidak Menghadiri Pembuktian,,0,
5297198,UPL / UKL PEMBANGUNAN SARANA DAN PRASARANA PEMERINTAHAN ( Pembangunan Pasar Ikan Loa Janan ) Seleksi Ulang,LPSE KABUPATEN KUTAI KARTANEGARA,PT. ALOCITA MANDIRI,Tidak Menghadiri Pembuktian,,0,
5316198,Perencanaan Sarana Fisik Puskesmas Wilayah Pantai (Pusban Muara Pantuan),LPSE KABUPATEN KUTAI KARTANEGARA,PT.CIDIACH KARYA NUSANTARA,Bukan Pemenang,"77,95",162877000,"77,95"
5316198,Perencanaan Sarana Fisik Puskesmas Wilayah Pantai (Pusban Muara Pantuan),LPSE KABUPATEN KUTAI KARTANEGARA,CV. PRABUANA ENGINEER CONSULTANT,Bukan Pemenang,"82,38",220478500,"82,38"
5316198,Perencanaan Sarana Fisik Puskesmas Wilayah Pantai (Pusban Muara Pantuan),LPSE KABUPATEN KUTAI KARTANEGARA,CV. FASADE UTAMA,Pemenang,"85,39",220880000,"85,39"
5316198,Perencanaan Sarana Fisik Puskesmas Wilayah Pantai (Pusban Muara Pantuan),LPSE KABUPATEN KUTAI KARTANEGARA,CV. JEVA UTAMA KONSULINDO,Lulus Tidak Masuk Sort Listh,,0,
5316198,Perencanaan Sarana Fisik Puskesmas Wilayah Pantai (Pusban Muara Pantuan),LPSE KABUPATEN KUTAI KARTANEGARA,CV. MATRIX CONSULTANT,Lulus Tidak Masuk Sort Listh,,0,
5316198,Perencanaan Sarana Fisik Puskesmas Wilayah Pantai (Pusban Muara Pantuan),LPSE KABUPATEN KUTAI KARTANEGARA,TEKNIKA KARYA KONSULTAN,Lulus Tidak Masuk Sort Listh,,0,
5316198,Perencanaan Sarana Fisik Puskesmas Wilayah Pantai (Pusban Muara Pantuan),LPSE KABUPATEN KUTAI KARTANEGARA,Sarang Teknik Consultant,Lulus Tidak Masuk Sort Listh,,0,
5316198,Perencanaan Sarana Fisik Puskesmas Wilayah Pantai (Pusban Muara Pantuan),LPSE KABUPATEN KUTAI KARTANEGARA,PT GEOMAP INTERNATIONAL CONSULTANT,"SIUJK, SBU dan perpanjangannya habis masa berlakunya",,0,
5316198,Perencanaan Sarana Fisik Puskesmas Wilayah Pantai (Pusban Muara Pantuan),LPSE KABUPATEN KUTAI KARTANEGARA,CV. GEOSYLVA LESTARI,Lulus Tidak Masuk Sort Listh,,0,
5316198,Perencanaan Sarana Fisik Puskesmas Wilayah Pantai (Pusban Muara Pantuan),LPSE KABUPATEN KUTAI KARTANEGARA,CV. Raniatama Consultant,Tidak hadir pada saat pembuktian kualifikasi,,0,
5316198,Perencanaan Sarana Fisik Puskesmas Wilayah Pantai (Pusban Muara Pantuan),LPSE KABUPATEN KUTAI KARTANEGARA,PT. WINAGUNA SARANA TEKNIK,Lulus Tidak Masuk Sort Listh,,0,
5316198,Perencanaan Sarana Fisik Puskesmas Wilayah Pantai (Pusban Muara Pantuan),LPSE KABUPATEN KUTAI KARTANEGARA,PT. Teraga Olahrakayasa,Lulus Tidak Masuk Sort Listh,,0,
5316198,Perencanaan Sarana Fisik Puskesmas Wilayah Pantai (Pusban Muara Pantuan),LPSE KABUPATEN KUTAI KARTANEGARA,PT. GIRI AWAS,Lulus Tidak Masuk Sort Listh,,0,
5316198,Perencanaan Sarana Fisik Puskesmas Wilayah Pantai (Pusban Muara Pantuan),LPSE KABUPATEN KUTAI KARTANEGARA,PT. MITRA AGUNG MANUNGGAL,Lulus Tidak Masuk Sort Listh,,0,
5316198,Perencanaan Sarana Fisik Puskesmas Wilayah Pantai (Pusban Muara Pantuan),LPSE KABUPATEN KUTAI KARTANEGARA,CV. IMAYA CONSULTING ENGINEERS,Bukan Pemenang,,0,
5316198,Perencanaan Sarana Fisik Puskesmas Wilayah Pantai (Pusban Muara Pantuan),LPSE KABUPATEN KUTAI KARTANEGARA,CV. MATAHARI KONSULINDO,GUGUR ADMINISTRASI (Tidak Upload Dokumen Penawaran File 1 dan File 2),,0,
5316198,Perencanaan Sarana Fisik Puskesmas Wilayah Pantai (Pusban Muara Pantuan),LPSE KABUPATEN KUTAI KARTANEGARA,PT. ARCHEAS,Lulus Tidak Masuk Sort Listh,,0,
5316198,Perencanaan Sarana Fisik Puskesmas Wilayah Pantai (Pusban Muara Pantuan),LPSE KABUPATEN KUTAI KARTANEGARA,CV. VISTAPLAN'79 CONSULTANT,Bukan Pemenang,,0,
5316198,Perencanaan Sarana Fisik Puskesmas Wilayah Pantai (Pusban Muara Pantuan),LPSE KABUPATEN KUTAI KARTANEGARA,PT. ASA DESAIN,"Data pajak Bulan April PPH 21, PPh 25 dan PPN Tidak ada pada isian kualifikasi di sitem SPSE",,0,
5316198,Perencanaan Sarana Fisik Puskesmas Wilayah Pantai (Pusban Muara Pantuan),LPSE KABUPATEN KUTAI KARTANEGARA,PT. Erka Dua Cipta,Lulus Tidak Masuk Sort Listh,,0,
5316198,Perencanaan Sarana Fisik Puskesmas Wilayah Pantai (Pusban Muara Pantuan),LPSE KABUPATEN KUTAI KARTANEGARA,CV. HERDA RIPTA LOKA,Tidak Menghadiri Pembuktian,,0,
5316198,Perencanaan Sarana Fisik Puskesmas Wilayah Pantai (Pusban Muara Pantuan),LPSE KABUPATEN KUTAI KARTANEGARA,CV.KARYA SANGJAYA PERSADA,Tidak Menghadiri Pembuktian,,0,
5316198,Perencanaan Sarana Fisik Puskesmas Wilayah Pantai (Pusban Muara Pantuan),LPSE KABUPATEN KUTAI KARTANEGARA,PT. DAYA CIPTA DIANRANCANA,Tidak Menghadiri Pembuktian,,0,
5316198,Perencanaan Sarana Fisik Puskesmas Wilayah Pantai (Pusban Muara Pantuan),LPSE KABUPATEN KUTAI KARTANEGARA,PT. ARISTA GEMILANG KONSULINDO,Tidak Menghadiri Pembuktian,,0,
5316198,Perencanaan Sarana Fisik Puskesmas Wilayah Pantai (Pusban Muara Pantuan),LPSE KABUPATEN KUTAI KARTANEGARA,CV. AKASAKA TEKNIKA CONSULTANT,Tidak Menghadiri Pembuktian,,0,
5316198,Perencanaan Sarana Fisik Puskesmas Wilayah Pantai (Pusban Muara Pantuan),LPSE KABUPATEN KUTAI KARTANEGARA,GALLANT,Tidak Menghadiri Pembuktian,,0,
5316198,Perencanaan Sarana Fisik Puskesmas Wilayah Pantai (Pusban Muara Pantuan),LPSE KABUPATEN KUTAI KARTANEGARA,Tirta Prima Pratama,Tidak Menghadiri Pembuktian,,0,
5316198,Perencanaan Sarana Fisik Puskesmas Wilayah Pantai (Pusban Muara Pantuan),LPSE KABUPATEN KUTAI KARTANEGARA,CV. Sawi Mahakam Consultant,Tidak Menghadiri Pembuktian,,0,
5316198,Perencanaan Sarana Fisik Puskesmas Wilayah Pantai (Pusban Muara Pantuan),LPSE KABUPATEN KUTAI KARTANEGARA,PT. TEKNIKAL GLOBAL KONSULTAN,Tidak Menghadiri Pembuktian,,0,
5316198,Perencanaan Sarana Fisik Puskesmas Wilayah Pantai (Pusban Muara Pantuan),LPSE KABUPATEN KUTAI KARTANEGARA,Maju Bersama Bangsa,Tidak Menghadiri Pembuktian,,0,
5316198,Perencanaan Sarana Fisik Puskesmas Wilayah Pantai (Pusban Muara Pantuan),LPSE KABUPATEN KUTAI KARTANEGARA,PT. Bhawana Prasasta,Tidak Menghadiri Pembuktian,,0,
5316198,Perencanaan Sarana Fisik Puskesmas Wilayah Pantai (Pusban Muara Pantuan),LPSE KABUPATEN KUTAI KARTANEGARA,PT. FARIZI JAYA BORNEO,Tidak Menghadiri Pembuktian,,0,
5277198,Belanja Jasa Konsultansi Inventarisasi Potensi Energi Baru Terbarukan,LPSE KABUPATEN KUTAI KARTANEGARA,PT. Ahassa Ciptanika,Bukan Pemenang,"81,48",373752500,"81,48"
5277198,Belanja Jasa Konsultansi Inventarisasi Potensi Energi Baru Terbarukan,LPSE KABUPATEN KUTAI KARTANEGARA,PT. Maza Pradita Sarana,Bukan Pemenang,"79,42",375732500,"79,42"
5277198,Belanja Jasa Konsultansi Inventarisasi Potensi Energi Baru Terbarukan,LPSE KABUPATEN KUTAI KARTANEGARA,PT. BIRAPLANO ASRI,Pemenang,"95,6",380710000,"95,6"
5277198,Belanja Jasa Konsultansi Inventarisasi Potensi Energi Baru Terbarukan,LPSE KABUPATEN KUTAI KARTANEGARA,PT. ECOPLAN REKABUMI INTERCONSULT,Bukan Pemenang,"92,73",381196200,"92,73"
5277198,Belanja Jasa Konsultansi Inventarisasi Potensi Energi Baru Terbarukan,LPSE KABUPATEN KUTAI KARTANEGARA,PT. TARAM,"Tidak melampirkan surat pernyataan salah satu dan/atau semua pengurus dan badan usahanya tidak masuk dalam daftar hitam, Perusahaan yang bersangkutan dan manajemenya tidak dalam pengawasan pengadilan, tidak pailit, kegiatan usahanya tidak sedang dihentikan dan / atau direksi yang bertindak untuk dan atas nama perusahaan tidak sedang dalam menjalani sanksi pidana dan Memiliki kemampuan menyediakan fasilitas dan peralatan serta personil yang dipersyaratkan dalam KAK",,0,
5277198,Belanja Jasa Konsultansi Inventarisasi Potensi Energi Baru Terbarukan,LPSE KABUPATEN KUTAI KARTANEGARA,PT. Revanplan Adiraka Konsultan,Tidak memiliki SBU subbid. Pertambangan dan Energi Lainnya (1.06.99) sesuai yang dipersyaratkan di Dok. Pengadaan dan tidak memiliki pekerjaan sejenis,,0,
5277198,Belanja Jasa Konsultansi Inventarisasi Potensi Energi Baru Terbarukan,LPSE KABUPATEN KUTAI KARTANEGARA,PT. BINA KREASI NUSANTARA,tidak mengaupload dokumen adminitrasi dan teknis,,0,
5277198,Belanja Jasa Konsultansi Inventarisasi Potensi Energi Baru Terbarukan,LPSE KABUPATEN KUTAI KARTANEGARA,PT. Multicipta Rancana Selaras,Tidak memiliki SBU subbid. Pertambangan dan Energi Lainnya (1.06.99) sesuai yang dipersyaratkan di Dok. Pengadaan dan tidak memiliki pekerjaan sejenis,,0,
5277198,Belanja Jasa Konsultansi Inventarisasi Potensi Energi Baru Terbarukan,LPSE KABUPATEN KUTAI KARTANEGARA,PT. Raka Enginering Consultants,Tidak memiliki SBU subbid. Pertambangan dan Energi Lainnya (1.06.99) sesuai yang dipersyaratkan di Dok. Pengadaan dan tidak memiliki pekerjaan sejenis,,0,
5277198,Belanja Jasa Konsultansi Inventarisasi Potensi Energi Baru Terbarukan,LPSE KABUPATEN KUTAI KARTANEGARA,PT. SIGMA EKSPRESI,Tidak menghadiri klarifikasi dan pembuktian kualifikasi,,0,
5277198,Belanja Jasa Konsultansi Inventarisasi Potensi Energi Baru Terbarukan,LPSE KABUPATEN KUTAI KARTANEGARA,PT. HEGAR DAYA,Tidak menghadiri klarifikasi dan pembuktian kualifikasi,,0,
5277198,Belanja Jasa Konsultansi Inventarisasi Potensi Energi Baru Terbarukan,LPSE KABUPATEN KUTAI KARTANEGARA,HUMAN,Tidak Menghadiri Pembuktian,,0,
5277198,Belanja Jasa Konsultansi Inventarisasi Potensi Energi Baru Terbarukan,LPSE KABUPATEN KUTAI KARTANEGARA,CV. TIDORA,Tidak Menghadiri Pembuktian,,0,
5277198,Belanja Jasa Konsultansi Inventarisasi Potensi Energi Baru Terbarukan,LPSE KABUPATEN KUTAI KARTANEGARA,Maju Bersama Bangsa,Tidak Menghadiri Pembuktian,,0,
5277198,Belanja Jasa Konsultansi Inventarisasi Potensi Energi Baru Terbarukan,LPSE KABUPATEN KUTAI KARTANEGARA,PT. MORTEZA Teknikatama,Tidak Menghadiri Pembuktian,,0,
5277198,Belanja Jasa Konsultansi Inventarisasi Potensi Energi Baru Terbarukan,LPSE KABUPATEN KUTAI KARTANEGARA,CV. HERDA RIPTA LOKA,Tidak Menghadiri Pembuktian,,0,
5277198,Belanja Jasa Konsultansi Inventarisasi Potensi Energi Baru Terbarukan,LPSE KABUPATEN KUTAI KARTANEGARA,CV. CONSULTANT ENERGY INDONESIA,Tidak Menghadiri Pembuktian,,0,
5277198,Belanja Jasa Konsultansi Inventarisasi Potensi Energi Baru Terbarukan,LPSE KABUPATEN KUTAI KARTANEGARA,PT Geodinamik Konsultan,Tidak Menghadiri Pembuktian,,0,
5277198,Belanja Jasa Konsultansi Inventarisasi Potensi Energi Baru Terbarukan,LPSE KABUPATEN KUTAI KARTANEGARA,CV. INTRANUSA EM,Tidak Menghadiri Pembuktian,,0,
5246198,Penyusunan Studi Kawasan Keselamatan Operasi Penerbangan (KKOP) Bandar Udara Kabupaten Kutai Kartanegara,LPSE KABUPATEN KUTAI KARTANEGARA,CV. Intishar Karya,Bukan Pemenang,"69,81",497090000,"69,81"
5246198,Penyusunan Studi Kawasan Keselamatan Operasi Penerbangan (KKOP) Bandar Udara Kabupaten Kutai Kartanegara,LPSE KABUPATEN KUTAI KARTANEGARA,PT. DWI ELTIS KONSULTAN,Pemenang,"74,81",497134000,"74,81"
5246198,Penyusunan Studi Kawasan Keselamatan Operasi Penerbangan (KKOP) Bandar Udara Kabupaten Kutai Kartanegara,LPSE KABUPATEN KUTAI KARTANEGARA,PT. MARANNU MARAYA MAINDAN,Gugur Tidak hadir pada saat pembuktian kualifikasi,,0,
5246198,Penyusunan Studi Kawasan Keselamatan Operasi Penerbangan (KKOP) Bandar Udara Kabupaten Kutai Kartanegara,LPSE KABUPATEN KUTAI KARTANEGARA,PT. MITRA AGUNG MANUNGGAL,Tidak Ada Surat Penawaran Administrasi Teknis,,0,
5246198,Penyusunan Studi Kawasan Keselamatan Operasi Penerbangan (KKOP) Bandar Udara Kabupaten Kutai Kartanegara,LPSE KABUPATEN KUTAI KARTANEGARA,PT. Suwanda Karya Mandiri,Tidak Upload Dokumen Penawaran,,0,
5246198,Penyusunan Studi Kawasan Keselamatan Operasi Penerbangan (KKOP) Bandar Udara Kabupaten Kutai Kartanegara,LPSE KABUPATEN KUTAI KARTANEGARA,PT. Bhawana Prasasta,"Gugur administrasi SBU dan Surat Perpanjangannya habis masa berlakunya, Pph 25 bulan APRIL Tidak Ada",,0,
5246198,Penyusunan Studi Kawasan Keselamatan Operasi Penerbangan (KKOP) Bandar Udara Kabupaten Kutai Kartanegara,LPSE KABUPATEN KUTAI KARTANEGARA,PT. Indocitra Intiperkasa,Gugur Tidak hadir pada saat pembuktian kualifikasi,,0,
5246198,Penyusunan Studi Kawasan Keselamatan Operasi Penerbangan (KKOP) Bandar Udara Kabupaten Kutai Kartanegara,LPSE KABUPATEN KUTAI KARTANEGARA,PT. INTIMULYA MULTIKENCANA,Bukan Pemenang,,0,
5246198,Penyusunan Studi Kawasan Keselamatan Operasi Penerbangan (KKOP) Bandar Udara Kabupaten Kutai Kartanegara,LPSE KABUPATEN KUTAI KARTANEGARA,CV. CANDRA DIMUKA,Lulus (Tidak masuk Sort Listh),,0,
5246198,Penyusunan Studi Kawasan Keselamatan Operasi Penerbangan (KKOP) Bandar Udara Kabupaten Kutai Kartanegara,LPSE KABUPATEN KUTAI KARTANEGARA,PT. TARAM,Lulus (Tidak masuk sort listh),,0,
5246198,Penyusunan Studi Kawasan Keselamatan Operasi Penerbangan (KKOP) Bandar Udara Kabupaten Kutai Kartanegara,LPSE KABUPATEN KUTAI KARTANEGARA,PT. Grhayasa Nusacitra Estima,Lulus (Tidak Masuk Sort List),,0,
5246198,Penyusunan Studi Kawasan Keselamatan Operasi Penerbangan (KKOP) Bandar Udara Kabupaten Kutai Kartanegara,LPSE KABUPATEN KUTAI KARTANEGARA,PT. DHIKA ARCHITAMA,Lulus (Tidak Masuk Sort List),,0,
5246198,Penyusunan Studi Kawasan Keselamatan Operasi Penerbangan (KKOP) Bandar Udara Kabupaten Kutai Kartanegara,LPSE KABUPATEN KUTAI KARTANEGARA,PT. NUSA TIARA,"Gugur administrasi Pajak Pph 21, Pph 25 dan Ppn Bulan juni Tidak Ada",,0,
5246198,Penyusunan Studi Kawasan Keselamatan Operasi Penerbangan (KKOP) Bandar Udara Kabupaten Kutai Kartanegara,LPSE KABUPATEN KUTAI KARTANEGARA,CV. REXCONS INDONESIA,"Gugur administrasi Pajak Pph 21, Pph 25 dan Ppn Bulan juni Tidak Ada",,0,
5246198,Penyusunan Studi Kawasan Keselamatan Operasi Penerbangan (KKOP) Bandar Udara Kabupaten Kutai Kartanegara,LPSE KABUPATEN KUTAI KARTANEGARA,CV. HERDA RIPTA LOKA,Tidak Menghadiri Pembuktian,,0,
5246198,Penyusunan Studi Kawasan Keselamatan Operasi Penerbangan (KKOP) Bandar Udara Kabupaten Kutai Kartanegara,LPSE KABUPATEN KUTAI KARTANEGARA,Maju Bersama Bangsa,Tidak Menghadiri Pembuktian,,0,
5246198,Penyusunan Studi Kawasan Keselamatan Operasi Penerbangan (KKOP) Bandar Udara Kabupaten Kutai Kartanegara,LPSE KABUPATEN KUTAI KARTANEGARA,PT. SIGMA EKSPRESI,Tidak Menghadiri Pembuktian,,0,
5246198,Penyusunan Studi Kawasan Keselamatan Operasi Penerbangan (KKOP) Bandar Udara Kabupaten Kutai Kartanegara,LPSE KABUPATEN KUTAI KARTANEGARA,PT. BENNATIN SURYA CIPTA,Tidak Menghadiri Pembuktian,,0,
5246198,Penyusunan Studi Kawasan Keselamatan Operasi Penerbangan (KKOP) Bandar Udara Kabupaten Kutai Kartanegara,LPSE KABUPATEN KUTAI KARTANEGARA,CV. INTRANUSA EM,Tidak Menghadiri Pembuktian,,0,
5246198,Penyusunan Studi Kawasan Keselamatan Operasi Penerbangan (KKOP) Bandar Udara Kabupaten Kutai Kartanegara,LPSE KABUPATEN KUTAI KARTANEGARA,PT. Smart Teknik Consultant,Tidak Menghadiri Pembuktian,,0,
5246198,Penyusunan Studi Kawasan Keselamatan Operasi Penerbangan (KKOP) Bandar Udara Kabupaten Kutai Kartanegara,LPSE KABUPATEN KUTAI KARTANEGARA,PT. GEOSPASIA WAHANA JAYA,Tidak Menghadiri Pembuktian,,0,
5246198,Penyusunan Studi Kawasan Keselamatan Operasi Penerbangan (KKOP) Bandar Udara Kabupaten Kutai Kartanegara,LPSE KABUPATEN KUTAI KARTANEGARA,PT. PRO LESTARI,Tidak Menghadiri Pembuktian,,0,
5246198,Penyusunan Studi Kawasan Keselamatan Operasi Penerbangan (KKOP) Bandar Udara Kabupaten Kutai Kartanegara,LPSE KABUPATEN KUTAI KARTANEGARA,PT. MULTIDECON Internal,Tidak Menghadiri Pembuktian,,0,
5246198,Penyusunan Studi Kawasan Keselamatan Operasi Penerbangan (KKOP) Bandar Udara Kabupaten Kutai Kartanegara,LPSE KABUPATEN KUTAI KARTANEGARA,PT. Teraga Olahrakayasa,Tidak Menghadiri Pembuktian,,0,
5249198,Pengawasan Pekerjaan Landscape dan Turap RSUD Dayaku Raja Kota Bangun ( Bankeu - Prov ) Seleksi Ulang,LPSE KABUPATEN KUTAI KARTANEGARA,PT. MARANNU MARAYA MAINDAN,Pemenang,"79,35",254265000,"79,35"
5249198,Pengawasan Pekerjaan Landscape dan Turap RSUD Dayaku Raja Kota Bangun ( Bankeu - Prov ) Seleksi Ulang,LPSE KABUPATEN KUTAI KARTANEGARA,CV.Trikarya Utama,Tidak Menghadiri Pembuktian Kualifikasi,,0,
5249198,Pengawasan Pekerjaan Landscape dan Turap RSUD Dayaku Raja Kota Bangun ( Bankeu - Prov ) Seleksi Ulang,LPSE KABUPATEN KUTAI KARTANEGARA,Ri N Ra Artha Karya,Bukan Pemenang,,0,
5249198,Pengawasan Pekerjaan Landscape dan Turap RSUD Dayaku Raja Kota Bangun ( Bankeu - Prov ) Seleksi Ulang,LPSE KABUPATEN KUTAI KARTANEGARA,CV. AKASAKA TEKNIKA CONSULTANT,Bukan Pemenang,,0,
5249198,Pengawasan Pekerjaan Landscape dan Turap RSUD Dayaku Raja Kota Bangun ( Bankeu - Prov ) Seleksi Ulang,LPSE KABUPATEN KUTAI KARTANEGARA,CV. Sawi Mahakam Consultant,Tidak Memenuhi Persyaratan Evaluasi Kualifikasi,,0,
5249198,Pengawasan Pekerjaan Landscape dan Turap RSUD Dayaku Raja Kota Bangun ( Bankeu - Prov ) Seleksi Ulang,LPSE KABUPATEN KUTAI KARTANEGARA,CV. FASADE UTAMA,Tidak Memenuhi Persyaratan Evaluasi Kualifikasi,,0,
5249198,Pengawasan Pekerjaan Landscape dan Turap RSUD Dayaku Raja Kota Bangun ( Bankeu - Prov ) Seleksi Ulang,LPSE KABUPATEN KUTAI KARTANEGARA,TEKNIKA KARYA KONSULTAN,Tidak Mengupload Dokumen Penawaran Administrasi dan Teknis,,0,
5249198,Pengawasan Pekerjaan Landscape dan Turap RSUD Dayaku Raja Kota Bangun ( Bankeu - Prov ) Seleksi Ulang,LPSE KABUPATEN KUTAI KARTANEGARA,PT. ARISTA GEMILANG KONSULINDO,Tidak Menghadiri Pembuktian,,0,
5249198,Pengawasan Pekerjaan Landscape dan Turap RSUD Dayaku Raja Kota Bangun ( Bankeu - Prov ) Seleksi Ulang,LPSE KABUPATEN KUTAI KARTANEGARA,PT. Arenco Binatama,Tidak Menghadiri Pembuktian,,0,
5249198,Pengawasan Pekerjaan Landscape dan Turap RSUD Dayaku Raja Kota Bangun ( Bankeu - Prov ) Seleksi Ulang,LPSE KABUPATEN KUTAI KARTANEGARA,PT. TEKNIKAL GLOBAL KONSULTAN,Tidak Menghadiri Pembuktian,,0,
5249198,Pengawasan Pekerjaan Landscape dan Turap RSUD Dayaku Raja Kota Bangun ( Bankeu - Prov ) Seleksi Ulang,LPSE KABUPATEN KUTAI KARTANEGARA,Maju Bersama Bangsa,Tidak Menghadiri Pembuktian,,0,
5121198,Perencanaan Teknis Rehab Berat Jembatan Marang Kayu 1 Desa Sebuntal Kec. Marang Kayu Seleksi Ulang,LPSE KABUPATEN KUTAI KARTANEGARA,PT. ARCI PRATAMA KONSULTAN,Pemenang,"81,34",346000000,"81,34"
5121198,Perencanaan Teknis Rehab Berat Jembatan Marang Kayu 1 Desa Sebuntal Kec. Marang Kayu Seleksi Ulang,LPSE KABUPATEN KUTAI KARTANEGARA,JASA PRIBHUNI,Isian Kualifikasi Kurang dari yang disyaratkan,,0,
5121198,Perencanaan Teknis Rehab Berat Jembatan Marang Kayu 1 Desa Sebuntal Kec. Marang Kayu Seleksi Ulang,LPSE KABUPATEN KUTAI KARTANEGARA,PT. TEKNIKAL GLOBAL KONSULTAN,Tidak memiliki bukti pajak bulan Mei 2014,,0,
5121198,Perencanaan Teknis Rehab Berat Jembatan Marang Kayu 1 Desa Sebuntal Kec. Marang Kayu Seleksi Ulang,LPSE KABUPATEN KUTAI KARTANEGARA,CV. VISION ENGINEERING,Isian Kualifikasi Kurang dari yang disyaratkan,,0,
5121198,Perencanaan Teknis Rehab Berat Jembatan Marang Kayu 1 Desa Sebuntal Kec. Marang Kayu Seleksi Ulang,LPSE KABUPATEN KUTAI KARTANEGARA,CV. JEVA UTAMA KONSULINDO,Tidak Upload Penawaran File I (Administrasi dan Teknis) dan File II (Harga),,0,
5121198,Perencanaan Teknis Rehab Berat Jembatan Marang Kayu 1 Desa Sebuntal Kec. Marang Kayu Seleksi Ulang,LPSE KABUPATEN KUTAI KARTANEGARA,CV. WAHANA CAHAYA KONSULTAN,Isian Kualifikasi Kurang dari yang disyaratkan,,0,
5121198,Perencanaan Teknis Rehab Berat Jembatan Marang Kayu 1 Desa Sebuntal Kec. Marang Kayu Seleksi Ulang,LPSE KABUPATEN KUTAI KARTANEGARA,PT. MARANNU MARAYA MAINDAN,tidak hadir pembuktian,,0,
5121198,Perencanaan Teknis Rehab Berat Jembatan Marang Kayu 1 Desa Sebuntal Kec. Marang Kayu Seleksi Ulang,LPSE KABUPATEN KUTAI KARTANEGARA,PT. JASINDO KONSULT NEC,Isian SBU dalam Isian Kualifikasi Belum Konversi,,0,
5121198,Perencanaan Teknis Rehab Berat Jembatan Marang Kayu 1 Desa Sebuntal Kec. Marang Kayu Seleksi Ulang,LPSE KABUPATEN KUTAI KARTANEGARA,PT. TABAR PRATAMA CONSULTANT,Isian Kualifikasi Kurang dari yang disyaratkan,,0,
5121198,Perencanaan Teknis Rehab Berat Jembatan Marang Kayu 1 Desa Sebuntal Kec. Marang Kayu Seleksi Ulang,LPSE KABUPATEN KUTAI KARTANEGARA,PT. Celebes Sarana Jasa,Isian Kualifikasi Kurang dari yang disyaratkan,,0,
5121198,Perencanaan Teknis Rehab Berat Jembatan Marang Kayu 1 Desa Sebuntal Kec. Marang Kayu Seleksi Ulang,LPSE KABUPATEN KUTAI KARTANEGARA,PT. MITRA AGUNG MANUNGGAL,Isian Kualifikasi Kurang dari yang disyaratkan,,0,
5121198,Perencanaan Teknis Rehab Berat Jembatan Marang Kayu 1 Desa Sebuntal Kec. Marang Kayu Seleksi Ulang,LPSE KABUPATEN KUTAI KARTANEGARA,Astakona Dutasarana Dimensi,Tidak Menghadiri Pembuktian,,0,
5121198,Perencanaan Teknis Rehab Berat Jembatan Marang Kayu 1 Desa Sebuntal Kec. Marang Kayu Seleksi Ulang,LPSE KABUPATEN KUTAI KARTANEGARA,Maju Bersama Bangsa,Tidak Menghadiri Pembuktian,,0,
5121198,Perencanaan Teknis Rehab Berat Jembatan Marang Kayu 1 Desa Sebuntal Kec. Marang Kayu Seleksi Ulang,LPSE KABUPATEN KUTAI KARTANEGARA,CV. AUREL PRATAMA KARYA KONSULTAN,Tidak Menghadiri Pembuktian,,0,
5121198,Perencanaan Teknis Rehab Berat Jembatan Marang Kayu 1 Desa Sebuntal Kec. Marang Kayu Seleksi Ulang,LPSE KABUPATEN KUTAI KARTANEGARA,GALLANT,Tidak Menghadiri Pembuktian,,0,
5121198,Perencanaan Teknis Rehab Berat Jembatan Marang Kayu 1 Desa Sebuntal Kec. Marang Kayu Seleksi Ulang,LPSE KABUPATEN KUTAI KARTANEGARA,CV. ANUGRAH KARYA MANDIRI,Tidak Menghadiri Pembuktian,,0,
5121198,Perencanaan Teknis Rehab Berat Jembatan Marang Kayu 1 Desa Sebuntal Kec. Marang Kayu Seleksi Ulang,LPSE KABUPATEN KUTAI KARTANEGARA,PT. BLANTIKA MULTI ENGINEER,Tidak Menghadiri Pembuktian,,0,
5121198,Perencanaan Teknis Rehab Berat Jembatan Marang Kayu 1 Desa Sebuntal Kec. Marang Kayu Seleksi Ulang,LPSE KABUPATEN KUTAI KARTANEGARA,PT. BRAMUDA SINERGY,Tidak Menghadiri Pembuktian,,0,
5121198,Perencanaan Teknis Rehab Berat Jembatan Marang Kayu 1 Desa Sebuntal Kec. Marang Kayu Seleksi Ulang,LPSE KABUPATEN KUTAI KARTANEGARA,CITRA KONSTRUKSI,Tidak Menghadiri Pembuktian,,0,
5121198,Perencanaan Teknis Rehab Berat Jembatan Marang Kayu 1 Desa Sebuntal Kec. Marang Kayu Seleksi Ulang,LPSE KABUPATEN KUTAI KARTANEGARA,CV. MATAHARI KONSULINDO,Tidak Menghadiri Pembuktian,,0,
5121198,Perencanaan Teknis Rehab Berat Jembatan Marang Kayu 1 Desa Sebuntal Kec. Marang Kayu Seleksi Ulang,LPSE KABUPATEN KUTAI KARTANEGARA,PT. ARISTA GEMILANG KONSULINDO,Tidak Menghadiri Pembuktian,,0,
5121198,Perencanaan Teknis Rehab Berat Jembatan Marang Kayu 1 Desa Sebuntal Kec. Marang Kayu Seleksi Ulang,LPSE KABUPATEN KUTAI KARTANEGARA,PT. Teraga Olahrakayasa,Tidak Menghadiri Pembuktian,,0,
5121198,Perencanaan Teknis Rehab Berat Jembatan Marang Kayu 1 Desa Sebuntal Kec. Marang Kayu Seleksi Ulang,LPSE KABUPATEN KUTAI KARTANEGARA,PT. ADHIYASA DESICON,Tidak Menghadiri Pembuktian,,0,
5121198,Perencanaan Teknis Rehab Berat Jembatan Marang Kayu 1 Desa Sebuntal Kec. Marang Kayu Seleksi Ulang,LPSE KABUPATEN KUTAI KARTANEGARA,PT. ARSS BARU,Tidak Menghadiri Pembuktian,,0,
5121198,Perencanaan Teknis Rehab Berat Jembatan Marang Kayu 1 Desa Sebuntal Kec. Marang Kayu Seleksi Ulang,LPSE KABUPATEN KUTAI KARTANEGARA,PT. Ganes Engineering Consultant,Tidak Menghadiri Pembuktian,,0,
4996198,Perencanaan Teknis Pembangunan Jembatan Beton Desa Teluk Bingkai Kecamatan Kenohan Seleksi Ulang,LPSE KABUPATEN KUTAI KARTANEGARA,CV. VISION ENGINEERING,Bukan Pemenang,"94,88",310392000,"94,88"
4996198,Perencanaan Teknis Pembangunan Jembatan Beton Desa Teluk Bingkai Kecamatan Kenohan Seleksi Ulang,LPSE KABUPATEN KUTAI KARTANEGARA,PT. JASINDO KONSULT NEC,Pemenang,"95,68",322630000,"95,68"
4996198,Perencanaan Teknis Pembangunan Jembatan Beton Desa Teluk Bingkai Kecamatan Kenohan Seleksi Ulang,LPSE KABUPATEN KUTAI KARTANEGARA,PT. AURAMA KARYA KONSULTAN,Tidak Hadir Tahap Pembuktian Kualifikasi,,0,
4996198,Perencanaan Teknis Pembangunan Jembatan Beton Desa Teluk Bingkai Kecamatan Kenohan Seleksi Ulang,LPSE KABUPATEN KUTAI KARTANEGARA,CV. JEVA UTAMA KONSULINDO,Tidak Hadir Tahap Pembuktian Kualifikasi,,0,
4996198,Perencanaan Teknis Pembangunan Jembatan Beton Desa Teluk Bingkai Kecamatan Kenohan Seleksi Ulang,LPSE KABUPATEN KUTAI KARTANEGARA,PT. INTIMULYA MULTIKENCANA,Tidak Hadir Tahap Pembuktian Kualifikasi,,0,
4996198,Perencanaan Teknis Pembangunan Jembatan Beton Desa Teluk Bingkai Kecamatan Kenohan Seleksi Ulang,LPSE KABUPATEN KUTAI KARTANEGARA,CV. RASYA ALBAR CONSULTANT,Tidak Hadir Tahap Pembuktian Kualifikasi,,0,
4996198,Perencanaan Teknis Pembangunan Jembatan Beton Desa Teluk Bingkai Kecamatan Kenohan Seleksi Ulang,LPSE KABUPATEN KUTAI KARTANEGARA,CV.Trikarya Utama,Tidak Menghadiri Pembuktian,,0,
4996198,Perencanaan Teknis Pembangunan Jembatan Beton Desa Teluk Bingkai Kecamatan Kenohan Seleksi Ulang,LPSE KABUPATEN KUTAI KARTANEGARA,PT. TEKNIKAL GLOBAL KONSULTAN,Tidak Menghadiri Pembuktian,,0,
4996198,Perencanaan Teknis Pembangunan Jembatan Beton Desa Teluk Bingkai Kecamatan Kenohan Seleksi Ulang,LPSE KABUPATEN KUTAI KARTANEGARA,PT. ARCI PRATAMA KONSULTAN,Tidak Menghadiri Pembuktian,,0,
4996198,Perencanaan Teknis Pembangunan Jembatan Beton Desa Teluk Bingkai Kecamatan Kenohan Seleksi Ulang,LPSE KABUPATEN KUTAI KARTANEGARA,CV. HERDA RIPTA LOKA,Tidak Menghadiri Pembuktian,,0,
4996198,Perencanaan Teknis Pembangunan Jembatan Beton Desa Teluk Bingkai Kecamatan Kenohan Seleksi Ulang,LPSE KABUPATEN KUTAI KARTANEGARA,PT. ASA DESAIN,Tidak Menghadiri Pembuktian,,0,
4996198,Perencanaan Teknis Pembangunan Jembatan Beton Desa Teluk Bingkai Kecamatan Kenohan Seleksi Ulang,LPSE KABUPATEN KUTAI KARTANEGARA,CV. EXECUTIVE 04 CONSULTANT,Tidak Menghadiri Pembuktian,,0,
4996198,Perencanaan Teknis Pembangunan Jembatan Beton Desa Teluk Bingkai Kecamatan Kenohan Seleksi Ulang,LPSE KABUPATEN KUTAI KARTANEGARA,CITRA KONSTRUKSI,Tidak Menghadiri Pembuktian,,0,
4996198,Perencanaan Teknis Pembangunan Jembatan Beton Desa Teluk Bingkai Kecamatan Kenohan Seleksi Ulang,LPSE KABUPATEN KUTAI KARTANEGARA,Maju Bersama Bangsa,Tidak Menghadiri Pembuktian,,0,
4996198,Perencanaan Teknis Pembangunan Jembatan Beton Desa Teluk Bingkai Kecamatan Kenohan Seleksi Ulang,LPSE KABUPATEN KUTAI KARTANEGARA,PT. MITRA AGUNG MANUNGGAL,Tidak Menghadiri Pembuktian,,0,
4996198,Perencanaan Teknis Pembangunan Jembatan Beton Desa Teluk Bingkai Kecamatan Kenohan Seleksi Ulang,LPSE KABUPATEN KUTAI KARTANEGARA,PT. ARISTA GEMILANG KONSULINDO,Tidak Menghadiri Pembuktian,,0,
4996198,Perencanaan Teknis Pembangunan Jembatan Beton Desa Teluk Bingkai Kecamatan Kenohan Seleksi Ulang,LPSE KABUPATEN KUTAI KARTANEGARA,PT.Pradipta Raya Sejahtera,Tidak Menghadiri Pembuktian,,0,
4989198,Penyusunan Masterplan Ruang Terbuka Hijau (RTH) Kabupaten Kutai Kartanegara,LPSE KABUPATEN KUTAI KARTANEGARA,PT.NUANSA HASTA,Bukan Pemenang,"79,9",890230000,"79,9"
4989198,Penyusunan Masterplan Ruang Terbuka Hijau (RTH) Kabupaten Kutai Kartanegara,LPSE KABUPATEN KUTAI KARTANEGARA,PT. ARIA RIPTA SARANA,Bukan Pemenang,"79,02",942851250,"79,02"
4989198,Penyusunan Masterplan Ruang Terbuka Hijau (RTH) Kabupaten Kutai Kartanegara,LPSE KABUPATEN KUTAI KARTANEGARA,PT. Ahassa Ciptanika,Pemenang,"85,69",951225000,"85,69"
4989198,Penyusunan Masterplan Ruang Terbuka Hijau (RTH) Kabupaten Kutai Kartanegara,LPSE KABUPATEN KUTAI KARTANEGARA,PT. INTIMULYA MULTIKENCANA,Gugur Admiistrasi (Tidak mengisi data SBU Jasa Studi dan Bantuan Teknis),,0,
4989198,Penyusunan Masterplan Ruang Terbuka Hijau (RTH) Kabupaten Kutai Kartanegara,LPSE KABUPATEN KUTAI KARTANEGARA,PT. ECOPLAN REKABUMI INTERCONSULT,Bukan Pemenang,,0,
4989198,Penyusunan Masterplan Ruang Terbuka Hijau (RTH) Kabupaten Kutai Kartanegara,LPSE KABUPATEN KUTAI KARTANEGARA,PT. Multicipta Rancana Selaras,Bukan Pemenang,,0,
4989198,Penyusunan Masterplan Ruang Terbuka Hijau (RTH) Kabupaten Kutai Kartanegara,LPSE KABUPATEN KUTAI KARTANEGARA,PT. Raka Enginering Consultants,Gugur Admiistrasi (Tidak mengisi data SBU Jasa Studi dan Bantuan Teknis),,0,
4989198,Penyusunan Masterplan Ruang Terbuka Hijau (RTH) Kabupaten Kutai Kartanegara,LPSE KABUPATEN KUTAI KARTANEGARA,PT. Revanplan Adiraka Konsultan,Gugur Admiistrasi (IUJK Habis Masa Berlaku dan Tidak mengisi data SBU Jasa Studi dan Bantuan Teknis),,0,
4989198,Penyusunan Masterplan Ruang Terbuka Hijau (RTH) Kabupaten Kutai Kartanegara,LPSE KABUPATEN KUTAI KARTANEGARA,PT. NUANSA CITRAMANDIRI,LULUS (Tidak Masuk Short List),,0,
4989198,Penyusunan Masterplan Ruang Terbuka Hijau (RTH) Kabupaten Kutai Kartanegara,LPSE KABUPATEN KUTAI KARTANEGARA,PT. BIRAPLANO ASRI,Bukan Pemenang,,0,
4989198,Penyusunan Masterplan Ruang Terbuka Hijau (RTH) Kabupaten Kutai Kartanegara,LPSE KABUPATEN KUTAI KARTANEGARA,PT. BINA KREASI NUSANTARA,LULUS (Tidak Masuk Short List),,0,
4989198,Penyusunan Masterplan Ruang Terbuka Hijau (RTH) Kabupaten Kutai Kartanegara,LPSE KABUPATEN KUTAI KARTANEGARA,PT. Maza Pradita Sarana,Bukan Pemenang,,0,
4989198,Penyusunan Masterplan Ruang Terbuka Hijau (RTH) Kabupaten Kutai Kartanegara,LPSE KABUPATEN KUTAI KARTANEGARA,PT. BENNATIN SURYA CIPTA,"Gugur Admiistrasi (Tidak mengisi data Pajak PPh Pasal 21, 25 - April 2014 dan Pph Pasal 21, PPN - Mei 2014)",,0,
4989198,Penyusunan Masterplan Ruang Terbuka Hijau (RTH) Kabupaten Kutai Kartanegara,LPSE KABUPATEN KUTAI KARTANEGARA,PT. TARAM,LULUS (Tidak Masuk Short List),,0,
4989198,Penyusunan Masterplan Ruang Terbuka Hijau (RTH) Kabupaten Kutai Kartanegara,LPSE KABUPATEN KUTAI KARTANEGARA,PT. NUSA TIARA,LULUS (Tidak Masuk Short List),,0,
4989198,Penyusunan Masterplan Ruang Terbuka Hijau (RTH) Kabupaten Kutai Kartanegara,LPSE KABUPATEN KUTAI KARTANEGARA,PT. NUSANTARA CITRA KONSULTAN,Gugur Admiistrasi (Tidak mengisi data Pajak PPh Pasal 21 - Mei 2014),,0,
4989198,Penyusunan Masterplan Ruang Terbuka Hijau (RTH) Kabupaten Kutai Kartanegara,LPSE KABUPATEN KUTAI KARTANEGARA,PT. MAHAKA NUGRAHA PERKASA,"Gugur Admiistrasi (Tidak mengisi data Pajak PPh Pasal 21, 25 dan PPN - April 2014)",,0,
4989198,Penyusunan Masterplan Ruang Terbuka Hijau (RTH) Kabupaten Kutai Kartanegara,LPSE KABUPATEN KUTAI KARTANEGARA,PT. DAYA CIPTA DIANRANCANA,Gugur Admiistrasi (Tidak mengisi Nomor Bukti dengan benar data Pajak PPh Pasal 21 - April 2014 (PPN2114)),,0,
4989198,Penyusunan Masterplan Ruang Terbuka Hijau (RTH) Kabupaten Kutai Kartanegara,LPSE KABUPATEN KUTAI KARTANEGARA,PT. Grhayasa Nusacitra Estima,LULUS (Tidak Masuk Short List),,0,
4989198,Penyusunan Masterplan Ruang Terbuka Hijau (RTH) Kabupaten Kutai Kartanegara,LPSE KABUPATEN KUTAI KARTANEGARA,PT. DHIKA ARCHITAMA,LULUS (Tidak Masuk Short List),,0,
4989198,Penyusunan Masterplan Ruang Terbuka Hijau (RTH) Kabupaten Kutai Kartanegara,LPSE KABUPATEN KUTAI KARTANEGARA,PT. SAE CITRA ENDAH,LULUS (Tidak Masuk Short List),,0,
4989198,Penyusunan Masterplan Ruang Terbuka Hijau (RTH) Kabupaten Kutai Kartanegara,LPSE KABUPATEN KUTAI KARTANEGARA,PT.INTIMAS MULIA KONSULTAN,Gugur Admiistrasi (Tidak mengisi dengan lengkap data SBU Jasa Studi dan Bantuan Teknis),,0,
4989198,Penyusunan Masterplan Ruang Terbuka Hijau (RTH) Kabupaten Kutai Kartanegara,LPSE KABUPATEN KUTAI KARTANEGARA,PT. Catur Intireka,Gugur Admiistrasi (Tidak mengisi data SBU Jasa Studi dan Bantuan Teknis),,0,
4989198,Penyusunan Masterplan Ruang Terbuka Hijau (RTH) Kabupaten Kutai Kartanegara,LPSE KABUPATEN KUTAI KARTANEGARA,DELLASONTA MOULDING INTERNATIONAL,Gugur Admiistrasi (Tidak mengisi Nomor Bukti dengan lengkap data Pajak PPh Pasal 25 - Mei 2014 ),,0,
4989198,Penyusunan Masterplan Ruang Terbuka Hijau (RTH) Kabupaten Kutai Kartanegara,LPSE KABUPATEN KUTAI KARTANEGARA,PT. Arcas Inti Sarana,LULUS (Tidak Masuk Short List),,0,
4989198,Penyusunan Masterplan Ruang Terbuka Hijau (RTH) Kabupaten Kutai Kartanegara,LPSE KABUPATEN KUTAI KARTANEGARA,CV. FASADE UTAMA,Gugur Admiistrasi (Tidak mengisi data Pajak PPh Pasal 25 - April 2014),,0,
4989198,Penyusunan Masterplan Ruang Terbuka Hijau (RTH) Kabupaten Kutai Kartanegara,LPSE KABUPATEN KUTAI KARTANEGARA,PT. MULTIDECON Internal,LULUS (Tidak Masuk Short List),,0,
4989198,Penyusunan Masterplan Ruang Terbuka Hijau (RTH) Kabupaten Kutai Kartanegara,LPSE KABUPATEN KUTAI KARTANEGARA,PT. Arenco Binatama,LULUS (Tidak Masuk Short List),,0,
4989198,Penyusunan Masterplan Ruang Terbuka Hijau (RTH) Kabupaten Kutai Kartanegara,LPSE KABUPATEN KUTAI KARTANEGARA,PT. ANDRA CIPTA CONSULT,LULUS (Tidak Masuk Short List),,0,
4989198,Penyusunan Masterplan Ruang Terbuka Hijau (RTH) Kabupaten Kutai Kartanegara,LPSE KABUPATEN KUTAI KARTANEGARA,PT. Sisarti Baksya Asasta,Gugur Admiistrasi (Tidak mengisi data Pajak PPh Pasal 21 - April 2014),,0,
4989198,Penyusunan Masterplan Ruang Terbuka Hijau (RTH) Kabupaten Kutai Kartanegara,LPSE KABUPATEN KUTAI KARTANEGARA,PT. BARN CITA LAKSANA,Gugur Admiistrasi (Tidak mengisi data SBU Jasa Studi dan Bantuan Teknis),,0,
4989198,Penyusunan Masterplan Ruang Terbuka Hijau (RTH) Kabupaten Kutai Kartanegara,LPSE KABUPATEN KUTAI KARTANEGARA,PT. SIGMA EKSPRESI,LULUS (Tidak Masuk Short List),,0,
4989198,Penyusunan Masterplan Ruang Terbuka Hijau (RTH) Kabupaten Kutai Kartanegara,LPSE KABUPATEN KUTAI KARTANEGARA,PT. MITRA MADANI MULTICONSULT,LULUS (Tidak Masuk Short List),,0,
4989198,Penyusunan Masterplan Ruang Terbuka Hijau (RTH) Kabupaten Kutai Kartanegara,LPSE KABUPATEN KUTAI KARTANEGARA,PT. Belaputera Interplan,"Gugur Admiistrasi (Tidak mengisi data Pajak PPh Pasal 25 - Maret, April, Mei 2014)",,0,
4989198,Penyusunan Masterplan Ruang Terbuka Hijau (RTH) Kabupaten Kutai Kartanegara,LPSE KABUPATEN KUTAI KARTANEGARA,PT. Dalla Billa Sejati,LULUS (Tidak Masuk Short List),,0,
4989198,Penyusunan Masterplan Ruang Terbuka Hijau (RTH) Kabupaten Kutai Kartanegara,LPSE KABUPATEN KUTAI KARTANEGARA,PT. Dua Ribu Satu Pangripta,LULUS (Tidak Masuk Short List),,0,
4989198,Penyusunan Masterplan Ruang Terbuka Hijau (RTH) Kabupaten Kutai Kartanegara,LPSE KABUPATEN KUTAI KARTANEGARA,Gapura Nirwana Agung Konsultan,LULUS (Tidak Masuk Short List),,0,
4989198,Penyusunan Masterplan Ruang Terbuka Hijau (RTH) Kabupaten Kutai Kartanegara,LPSE KABUPATEN KUTAI KARTANEGARA,PT. MUARA CONSULT,LULUS (Tidak Masuk Short List),,0,
4989198,Penyusunan Masterplan Ruang Terbuka Hijau (RTH) Kabupaten Kutai Kartanegara,LPSE KABUPATEN KUTAI KARTANEGARA,PT. WIDYA BUANA PRASETYA,"Gugur Admiistrasi (Tidak mengisi data Pajak PPh Pasal 25 - Maret, April, Mei 2014)",,0,
4989198,Penyusunan Masterplan Ruang Terbuka Hijau (RTH) Kabupaten Kutai Kartanegara,LPSE KABUPATEN KUTAI KARTANEGARA,PT.CITRA LAHAN UTAMA,LULUS (Tidak Masuk Short List),,0,
4989198,Penyusunan Masterplan Ruang Terbuka Hijau (RTH) Kabupaten Kutai Kartanegara,LPSE KABUPATEN KUTAI KARTANEGARA,PT.CIPTHA WAHANA KONSULTAN,LULUS (Tidak Masuk Short List),,0,
4989198,Penyusunan Masterplan Ruang Terbuka Hijau (RTH) Kabupaten Kutai Kartanegara,LPSE KABUPATEN KUTAI KARTANEGARA,PT. ARTHA DEMO ENGINEERING CONSULTANT,LULUS (Tidak Masuk Short List),,0,
4989198,Penyusunan Masterplan Ruang Terbuka Hijau (RTH) Kabupaten Kutai Kartanegara,LPSE KABUPATEN KUTAI KARTANEGARA,PT. BENNANTA JASINDO,"Gugur Admiistrasi (IUJK Habis Masa Berlaku dan Tidak mengisi data Pajak Pph Pasal 21, PPN - Mei 2014)",,0,
4989198,Penyusunan Masterplan Ruang Terbuka Hijau (RTH) Kabupaten Kutai Kartanegara,LPSE KABUPATEN KUTAI KARTANEGARA,PT. TIGACAKRA GEMAKARYA,Gugur Admiistrasi (Tidak mengisi data IUJK),,0,
4989198,Penyusunan Masterplan Ruang Terbuka Hijau (RTH) Kabupaten Kutai Kartanegara,LPSE KABUPATEN KUTAI KARTANEGARA,PT. Puri Dimensi,"Gugur Admiistrasi (Tidak mengisi data Pajak PPh Pasal 21 - Maret, April, Mei 2014)",,0,
4989198,Penyusunan Masterplan Ruang Terbuka Hijau (RTH) Kabupaten Kutai Kartanegara,LPSE KABUPATEN KUTAI KARTANEGARA,PT. ARIA GRAHA,"Gugur pada Saat Pembuktian Kualifikasi (Tidak Bisa Membuktikan Pajak Psl 21, 25 & PPN Bulan Mei)",,0,
4989198,Penyusunan Masterplan Ruang Terbuka Hijau (RTH) Kabupaten Kutai Kartanegara,LPSE KABUPATEN KUTAI KARTANEGARA,PT. GemaCitra ObjekLestari,Gugur Admiistrasi (Tidak mengisi data IUJK),,0,
4989198,Penyusunan Masterplan Ruang Terbuka Hijau (RTH) Kabupaten Kutai Kartanegara,LPSE KABUPATEN KUTAI KARTANEGARA,PT. HEGAR DAYA,Gugur Admiistrasi (SBU Habis Masa Berlakunya),,0,
4989198,Penyusunan Masterplan Ruang Terbuka Hijau (RTH) Kabupaten Kutai Kartanegara,LPSE KABUPATEN KUTAI KARTANEGARA,PT. MIRANTHI KONSULTAN PERMAI,Gugur Admiistrasi (Tidak mengisi data Pajak PPh Pasal 25 - Maret 2014),,0,
4989198,Penyusunan Masterplan Ruang Terbuka Hijau (RTH) Kabupaten Kutai Kartanegara,LPSE KABUPATEN KUTAI KARTANEGARA,PT. RISPHA TERRA PARAMA,Gugur Admiistrasi (Tidak Mengisi Formulir Isian Kualifikasi dengan Lengkap),,0,
4989198,Penyusunan Masterplan Ruang Terbuka Hijau (RTH) Kabupaten Kutai Kartanegara,LPSE KABUPATEN KUTAI KARTANEGARA,PT. ASA DESAIN,Tidak Menghadiri Pembuktian,,0,
4989198,Penyusunan Masterplan Ruang Terbuka Hijau (RTH) Kabupaten Kutai Kartanegara,LPSE KABUPATEN KUTAI KARTANEGARA,MERPATI PUTIH,Tidak Menghadiri Pembuktian,,0,
4989198,Penyusunan Masterplan Ruang Terbuka Hijau (RTH) Kabupaten Kutai Kartanegara,LPSE KABUPATEN KUTAI KARTANEGARA,Maju Bersama Bangsa,Tidak Menghadiri Pembuktian,,0,
4989198,Penyusunan Masterplan Ruang Terbuka Hijau (RTH) Kabupaten Kutai Kartanegara,LPSE KABUPATEN KUTAI KARTANEGARA,CV. Cremona Teknik Consultant,Tidak Menghadiri Pembuktian,,0,
4989198,Penyusunan Masterplan Ruang Terbuka Hijau (RTH) Kabupaten Kutai Kartanegara,LPSE KABUPATEN KUTAI KARTANEGARA,PT.TEMA KARYA MANDIRI,Tidak Menghadiri Pembuktian,,0,
4989198,Penyusunan Masterplan Ruang Terbuka Hijau (RTH) Kabupaten Kutai Kartanegara,LPSE KABUPATEN KUTAI KARTANEGARA,PT. BINA INDEX CONSULT,Tidak Menghadiri Pembuktian,,0,
4989198,Penyusunan Masterplan Ruang Terbuka Hijau (RTH) Kabupaten Kutai Kartanegara,LPSE KABUPATEN KUTAI KARTANEGARA,PT. PURI DIMENSI,Tidak Menghadiri Pembuktian,,0,
4989198,Penyusunan Masterplan Ruang Terbuka Hijau (RTH) Kabupaten Kutai Kartanegara,LPSE KABUPATEN KUTAI KARTANEGARA,PT.Angelia Oerip Mandiri,Tidak Menghadiri Pembuktian,,0,
4989198,Penyusunan Masterplan Ruang Terbuka Hijau (RTH) Kabupaten Kutai Kartanegara,LPSE KABUPATEN KUTAI KARTANEGARA,CV. KALIMANTAN INFOTAMA,Tidak Menghadiri Pembuktian,,0,
4989198,Penyusunan Masterplan Ruang Terbuka Hijau (RTH) Kabupaten Kutai Kartanegara,LPSE KABUPATEN KUTAI KARTANEGARA,PT. Indocitra Intiperkasa,Tidak Menghadiri Pembuktian,,0,
4989198,Penyusunan Masterplan Ruang Terbuka Hijau (RTH) Kabupaten Kutai Kartanegara,LPSE KABUPATEN KUTAI KARTANEGARA,PT. ARTAMA INTERKONSULTINDO,Tidak Menghadiri Pembuktian,,0,
4989198,Penyusunan Masterplan Ruang Terbuka Hijau (RTH) Kabupaten Kutai Kartanegara,LPSE KABUPATEN KUTAI KARTANEGARA,PT. HERTO PERSADA SAKTI,Tidak Menghadiri Pembuktian,,0,
4989198,Penyusunan Masterplan Ruang Terbuka Hijau (RTH) Kabupaten Kutai Kartanegara,LPSE KABUPATEN KUTAI KARTANEGARA,PT. MARGA SARANA BHUMI,Tidak Menghadiri Pembuktian,,0,
4989198,Penyusunan Masterplan Ruang Terbuka Hijau (RTH) Kabupaten Kutai Kartanegara,LPSE KABUPATEN KUTAI KARTANEGARA,PT. MASSUKA PRATAMA,Tidak Menghadiri Pembuktian,,0,
4989198,Penyusunan Masterplan Ruang Terbuka Hijau (RTH) Kabupaten Kutai Kartanegara,LPSE KABUPATEN KUTAI KARTANEGARA,PT. JASINDO KONSULT NEC,Tidak Menghadiri Pembuktian,,0,
4989198,Penyusunan Masterplan Ruang Terbuka Hijau (RTH) Kabupaten Kutai Kartanegara,LPSE KABUPATEN KUTAI KARTANEGARA,PT. GIRI AWAS,Tidak Menghadiri Pembuktian,,0,
4989198,Penyusunan Masterplan Ruang Terbuka Hijau (RTH) Kabupaten Kutai Kartanegara,LPSE KABUPATEN KUTAI KARTANEGARA,PT. WINAGUNA SARANA TEKNIK,Tidak Menghadiri Pembuktian,,0,
4989198,Penyusunan Masterplan Ruang Terbuka Hijau (RTH) Kabupaten Kutai Kartanegara,LPSE KABUPATEN KUTAI KARTANEGARA,PT. MITRA AGUNG MANUNGGAL,Tidak Menghadiri Pembuktian,,0,
4989198,Penyusunan Masterplan Ruang Terbuka Hijau (RTH) Kabupaten Kutai Kartanegara,LPSE KABUPATEN KUTAI KARTANEGARA,PT. BINASIAMINDO KHARISMA,Tidak Menghadiri Pembuktian,,0,
4989198,Penyusunan Masterplan Ruang Terbuka Hijau (RTH) Kabupaten Kutai Kartanegara,LPSE KABUPATEN KUTAI KARTANEGARA,PT. Rekayasapratama Grhayasaciptaloka,Tidak Menghadiri Pembuktian,,0,
4989198,Penyusunan Masterplan Ruang Terbuka Hijau (RTH) Kabupaten Kutai Kartanegara,LPSE KABUPATEN KUTAI KARTANEGARA,bina spasia mandiri.pt,Tidak Menghadiri Pembuktian,,0,
4989198,Penyusunan Masterplan Ruang Terbuka Hijau (RTH) Kabupaten Kutai Kartanegara,LPSE KABUPATEN KUTAI KARTANEGARA,PT. ARCI PRATAMA KONSULTAN,Tidak Menghadiri Pembuktian,,0,
4989198,Penyusunan Masterplan Ruang Terbuka Hijau (RTH) Kabupaten Kutai Kartanegara,LPSE KABUPATEN KUTAI KARTANEGARA,PT. DWI ELTIS KONSULTAN,Tidak Menghadiri Pembuktian,,0,
4989198,Penyusunan Masterplan Ruang Terbuka Hijau (RTH) Kabupaten Kutai Kartanegara,LPSE KABUPATEN KUTAI KARTANEGARA,PT. KERN KONSTANINDO,Tidak Menghadiri Pembuktian,,0,
4989198,Penyusunan Masterplan Ruang Terbuka Hijau (RTH) Kabupaten Kutai Kartanegara,LPSE KABUPATEN KUTAI KARTANEGARA,PT. SABILA TRANCANA CIPTA,Tidak Menghadiri Pembuktian,,0,
4987198,Penyusunan Rencana Pembangunan Kawasan Dan Pemukiman Prioritas (RPKPP) Kawasan Tenggarong Seberang,LPSE KABUPATEN KUTAI KARTANEGARA,PT. SIGMA EKSPRESI,Pemenang,"72,59",254111000,"72,59"
4987198,Penyusunan Rencana Pembangunan Kawasan Dan Pemukiman Prioritas (RPKPP) Kawasan Tenggarong Seberang,LPSE KABUPATEN KUTAI KARTANEGARA,PT. SECON DWITUNGGAL PUTRA,Bukan Pemenang,"68,8",292325000,"68,8"
4987198,Penyusunan Rencana Pembangunan Kawasan Dan Pemukiman Prioritas (RPKPP) Kawasan Tenggarong Seberang,LPSE KABUPATEN KUTAI KARTANEGARA,PT.NUANSA HASTA,Bukan Pemenang,"72,3",276513000,"72,3"
4987198,Penyusunan Rencana Pembangunan Kawasan Dan Pemukiman Prioritas (RPKPP) Kawasan Tenggarong Seberang,LPSE KABUPATEN KUTAI KARTANEGARA,PT. NUSA TIARA,"Gugur administrasi (Tidak ada pajak PPH 21, PPH 25, PPN Bulan Mei 2014, Tidak ada data SBU yg dipersyaratkan)",,0,
4987198,Penyusunan Rencana Pembangunan Kawasan Dan Pemukiman Prioritas (RPKPP) Kawasan Tenggarong Seberang,LPSE KABUPATEN KUTAI KARTANEGARA,PT. BENNATIN SURYA CIPTA,"Gugur administrasi (Tidak ada data pajak PPH 21,PPH 25 bulan April 2014 dan PPH21, PPN bulan Mei 2014)",,0,
4987198,Penyusunan Rencana Pembangunan Kawasan Dan Pemukiman Prioritas (RPKPP) Kawasan Tenggarong Seberang,LPSE KABUPATEN KUTAI KARTANEGARA,PT. TARAM,Tidak Upload Dokumen Penawaran Administrasi dan Teknis,,0,
4987198,Penyusunan Rencana Pembangunan Kawasan Dan Pemukiman Prioritas (RPKPP) Kawasan Tenggarong Seberang,LPSE KABUPATEN KUTAI KARTANEGARA,PT. INTIMULYA MULTIKENCANA,"Gugur administrasi (Tidak ada SBU (Jasa Non Kontruksi) Jasa Studi, Penelitian Dan Bantuan Teknik)",,0,
4987198,Penyusunan Rencana Pembangunan Kawasan Dan Pemukiman Prioritas (RPKPP) Kawasan Tenggarong Seberang,LPSE KABUPATEN KUTAI KARTANEGARA,PT. Teraga Olahrakayasa,Tidak Masuk short list,,0,
4987198,Penyusunan Rencana Pembangunan Kawasan Dan Pemukiman Prioritas (RPKPP) Kawasan Tenggarong Seberang,LPSE KABUPATEN KUTAI KARTANEGARA,PT. Grhayasa Nusacitra Estima,Tidak Upload Dokumen Penawaran Administrasi dan Teknis,,0,
4987198,Penyusunan Rencana Pembangunan Kawasan Dan Pemukiman Prioritas (RPKPP) Kawasan Tenggarong Seberang,LPSE KABUPATEN KUTAI KARTANEGARA,PT. DHIKA ARCHITAMA,Gugur administrasi (Tidak ada pajak PPH 21 Bulan Mei 2014),,0,
4987198,Penyusunan Rencana Pembangunan Kawasan Dan Pemukiman Prioritas (RPKPP) Kawasan Tenggarong Seberang,LPSE KABUPATEN KUTAI KARTANEGARA,PT. SAE CITRA ENDAH,Gugur Pada Saat Pembuktian Kualifikasi (Tidak dapat membuktikan SIUJK (Perencanaan) dan SBU 1.SI.03),,0,
4987198,Penyusunan Rencana Pembangunan Kawasan Dan Pemukiman Prioritas (RPKPP) Kawasan Tenggarong Seberang,LPSE KABUPATEN KUTAI KARTANEGARA,PT. Rama Konsultan Pratama Engineering,"Gugur administrasi (Tidak ada SBU (Jasa Non Kontruksi) Jasa Studi, Penelitian Dan Bantuan Teknik)",,0,
4987198,Penyusunan Rencana Pembangunan Kawasan Dan Pemukiman Prioritas (RPKPP) Kawasan Tenggarong Seberang,LPSE KABUPATEN KUTAI KARTANEGARA,PT. BATARA CIPTA PERDANA,"Gugur Administrasi (Tidak ada SBU (Jasa Non Kontruksi) Jasa Studi, Penelitian Dan Bantuan Teknik)",,0,
4987198,Penyusunan Rencana Pembangunan Kawasan Dan Pemukiman Prioritas (RPKPP) Kawasan Tenggarong Seberang,LPSE KABUPATEN KUTAI KARTANEGARA,PT. TIMUR KONSULTAN,"Gugur administrasi (Tidak ada SBU (Jasa Non Kontruksi) Jasa Studi, Penelitian Dan Bantuan Teknik)",,0,
4987198,Penyusunan Rencana Pembangunan Kawasan Dan Pemukiman Prioritas (RPKPP) Kawasan Tenggarong Seberang,LPSE KABUPATEN KUTAI KARTANEGARA,PT. Arcas Inti Sarana,Tidak Masuk short list,,0,
4987198,Penyusunan Rencana Pembangunan Kawasan Dan Pemukiman Prioritas (RPKPP) Kawasan Tenggarong Seberang,LPSE KABUPATEN KUTAI KARTANEGARA,PT. MULTIDECON Internal,Tidak Masuk short list,,0,
4987198,Penyusunan Rencana Pembangunan Kawasan Dan Pemukiman Prioritas (RPKPP) Kawasan Tenggarong Seberang,LPSE KABUPATEN KUTAI KARTANEGARA,PT. ANDRA CIPTA CONSULT,Tidak Masuk short list,,0,
4987198,Penyusunan Rencana Pembangunan Kawasan Dan Pemukiman Prioritas (RPKPP) Kawasan Tenggarong Seberang,LPSE KABUPATEN KUTAI KARTANEGARA,CV. FASADE UTAMA,Tidak Masuk short list,,0,
4987198,Penyusunan Rencana Pembangunan Kawasan Dan Pemukiman Prioritas (RPKPP) Kawasan Tenggarong Seberang,LPSE KABUPATEN KUTAI KARTANEGARA,PT. MITRA MADANI MULTICONSULT,Tidak Masuk short list,,0,
4987198,Penyusunan Rencana Pembangunan Kawasan Dan Pemukiman Prioritas (RPKPP) Kawasan Tenggarong Seberang,LPSE KABUPATEN KUTAI KARTANEGARA,PT. Dalla Billa Sejati,Tidak Masuk short list,,0,
4987198,Penyusunan Rencana Pembangunan Kawasan Dan Pemukiman Prioritas (RPKPP) Kawasan Tenggarong Seberang,LPSE KABUPATEN KUTAI KARTANEGARA,Gapura Nirwana Agung Konsultan,Tidak Menghadiri Pembuktian,,0,
4987198,Penyusunan Rencana Pembangunan Kawasan Dan Pemukiman Prioritas (RPKPP) Kawasan Tenggarong Seberang,LPSE KABUPATEN KUTAI KARTANEGARA,PT. ARTHA DEMO ENGINEERING CONSULTANT,Tidak hadir pada saat pembuktian kualifikasi,,0,
4987198,Penyusunan Rencana Pembangunan Kawasan Dan Pemukiman Prioritas (RPKPP) Kawasan Tenggarong Seberang,LPSE KABUPATEN KUTAI KARTANEGARA,PT. BENNANTA JASINDO,Gugur administrasi (Tidak ada data pajak PPH 21 DAN PPN BULAN Mei 2014),,0,
4987198,Penyusunan Rencana Pembangunan Kawasan Dan Pemukiman Prioritas (RPKPP) Kawasan Tenggarong Seberang,LPSE KABUPATEN KUTAI KARTANEGARA,PT. Puri Dimensi,"Gugur administrasi (Tidak ada data pajak PPH 21 Bulan maret,april mei 2014, PPH 25 bulan mei 2014, PPN bulan mei 2014)",,0,
4987198,Penyusunan Rencana Pembangunan Kawasan Dan Pemukiman Prioritas (RPKPP) Kawasan Tenggarong Seberang,LPSE KABUPATEN KUTAI KARTANEGARA,PT. TIGACAKRA GEMAKARYA,Gugur administrasi (Tidak ada IUJK Perencanaan),,0,
4987198,Penyusunan Rencana Pembangunan Kawasan Dan Pemukiman Prioritas (RPKPP) Kawasan Tenggarong Seberang,LPSE KABUPATEN KUTAI KARTANEGARA,PT. ARIA GRAHA,Gugur Pada Saat Pembuktian Kualifikasi (Tidak dapat membuktikan dokumen pajak bulan mei 2014),,0,
4987198,Penyusunan Rencana Pembangunan Kawasan Dan Pemukiman Prioritas (RPKPP) Kawasan Tenggarong Seberang,LPSE KABUPATEN KUTAI KARTANEGARA,PT. GemaCitra ObjekLestari,Gugur administrasi (Tidak ada data SIUJK Pada isian kualifikasi SPSE),,0,
4987198,Penyusunan Rencana Pembangunan Kawasan Dan Pemukiman Prioritas (RPKPP) Kawasan Tenggarong Seberang,LPSE KABUPATEN KUTAI KARTANEGARA,PT. HEGAR DAYA,Gugur administrasi (SBU Habis Masa Berlakunya),,0,
4987198,Penyusunan Rencana Pembangunan Kawasan Dan Pemukiman Prioritas (RPKPP) Kawasan Tenggarong Seberang,LPSE KABUPATEN KUTAI KARTANEGARA,PT. MIRANTHI KONSULTAN PERMAI,Gugur administrasi (Tidak ada pajak PPH 25 bln Maret 2014),,0,
4987198,Penyusunan Rencana Pembangunan Kawasan Dan Pemukiman Prioritas (RPKPP) Kawasan Tenggarong Seberang,LPSE KABUPATEN KUTAI KARTANEGARA,PT. MITRA AGUNG MANUNGGAL,Tidak Menghadiri Pembuktian,,0,
4987198,Penyusunan Rencana Pembangunan Kawasan Dan Pemukiman Prioritas (RPKPP) Kawasan Tenggarong Seberang,LPSE KABUPATEN KUTAI KARTANEGARA,PT. Belaputera Interplan,Tidak Menghadiri Pembuktian,,0,
4987198,Penyusunan Rencana Pembangunan Kawasan Dan Pemukiman Prioritas (RPKPP) Kawasan Tenggarong Seberang,LPSE KABUPATEN KUTAI KARTANEGARA,PT. Suwanda Karya Mandiri,Tidak Menghadiri Pembuktian,,0,
4987198,Penyusunan Rencana Pembangunan Kawasan Dan Pemukiman Prioritas (RPKPP) Kawasan Tenggarong Seberang,LPSE KABUPATEN KUTAI KARTANEGARA,CV. KALIMANTAN INFOTAMA,Tidak Menghadiri Pembuktian,,0,
4987198,Penyusunan Rencana Pembangunan Kawasan Dan Pemukiman Prioritas (RPKPP) Kawasan Tenggarong Seberang,LPSE KABUPATEN KUTAI KARTANEGARA,PT. Bhawana Prasasta,Tidak Menghadiri Pembuktian,,0,
4987198,Penyusunan Rencana Pembangunan Kawasan Dan Pemukiman Prioritas (RPKPP) Kawasan Tenggarong Seberang,LPSE KABUPATEN KUTAI KARTANEGARA,PT. KERN KONSTANINDO,Tidak Menghadiri Pembuktian,,0,
4987198,Penyusunan Rencana Pembangunan Kawasan Dan Pemukiman Prioritas (RPKPP) Kawasan Tenggarong Seberang,LPSE KABUPATEN KUTAI KARTANEGARA,PT. ARTAMA INTERKONSULTINDO,Tidak Menghadiri Pembuktian,,0,
4987198,Penyusunan Rencana Pembangunan Kawasan Dan Pemukiman Prioritas (RPKPP) Kawasan Tenggarong Seberang,LPSE KABUPATEN KUTAI KARTANEGARA,PT. JASINDO KONSULT NEC,Tidak Menghadiri Pembuktian,,0,
4987198,Penyusunan Rencana Pembangunan Kawasan Dan Pemukiman Prioritas (RPKPP) Kawasan Tenggarong Seberang,LPSE KABUPATEN KUTAI KARTANEGARA,PT. ASA DESAIN,Tidak Menghadiri Pembuktian,,0,
4987198,Penyusunan Rencana Pembangunan Kawasan Dan Pemukiman Prioritas (RPKPP) Kawasan Tenggarong Seberang,LPSE KABUPATEN KUTAI KARTANEGARA,PT. BINASIAMINDO KHARISMA,Tidak Menghadiri Pembuktian,,0,
4987198,Penyusunan Rencana Pembangunan Kawasan Dan Pemukiman Prioritas (RPKPP) Kawasan Tenggarong Seberang,LPSE KABUPATEN KUTAI KARTANEGARA,PT. MARGA SARANA BHUMI,Tidak Menghadiri Pembuktian,,0,
4987198,Penyusunan Rencana Pembangunan Kawasan Dan Pemukiman Prioritas (RPKPP) Kawasan Tenggarong Seberang,LPSE KABUPATEN KUTAI KARTANEGARA,Maju Bersama Bangsa,Tidak Menghadiri Pembuktian,,0,
4987198,Penyusunan Rencana Pembangunan Kawasan Dan Pemukiman Prioritas (RPKPP) Kawasan Tenggarong Seberang,LPSE KABUPATEN KUTAI KARTANEGARA,PT. Arenco Binatama,Tidak Menghadiri Pembuktian,,0,
4987198,Penyusunan Rencana Pembangunan Kawasan Dan Pemukiman Prioritas (RPKPP) Kawasan Tenggarong Seberang,LPSE KABUPATEN KUTAI KARTANEGARA,PT. GIRI AWAS,Tidak Menghadiri Pembuktian,,0,
4987198,Penyusunan Rencana Pembangunan Kawasan Dan Pemukiman Prioritas (RPKPP) Kawasan Tenggarong Seberang,LPSE KABUPATEN KUTAI KARTANEGARA,PT. RISPHA TERRA PARAMA,Tidak Menghadiri Pembuktian,,0,
4988198,Perencanaan Kawasan Khusus Kerjasama Antar Daerah Kabupaten Kutai Kartanegara - Kota Samarinda,LPSE KABUPATEN KUTAI KARTANEGARA,PT. ARIA RIPTA SARANA,Pemenang,"81,25",1469377250,"81,25"
4988198,Perencanaan Kawasan Khusus Kerjasama Antar Daerah Kabupaten Kutai Kartanegara - Kota Samarinda,LPSE KABUPATEN KUTAI KARTANEGARA,PT.NUANSA HASTA,Bukan Pemenang,"79,94",1484560000,"79,94"
4988198,Perencanaan Kawasan Khusus Kerjasama Antar Daerah Kabupaten Kutai Kartanegara - Kota Samarinda,LPSE KABUPATEN KUTAI KARTANEGARA,PT. INTIMULYA MULTIKENCANA,Gugur Administrasi (tidak melampirkan SBU non konstruksi yang di syaratkan),,0,
4988198,Perencanaan Kawasan Khusus Kerjasama Antar Daerah Kabupaten Kutai Kartanegara - Kota Samarinda,LPSE KABUPATEN KUTAI KARTANEGARA,PT. ECOPLAN REKABUMI INTERCONSULT,Daftar pendek dalam Seleksi Umum berjumlah 5 sampai 7 Penyedia Jasa Konsultansi.(Perpres 54 pasal 44 ayat 4),,0,
4988198,Perencanaan Kawasan Khusus Kerjasama Antar Daerah Kabupaten Kutai Kartanegara - Kota Samarinda,LPSE KABUPATEN KUTAI KARTANEGARA,PT. Multicipta Rancana Selaras,Daftar pendek dalam Seleksi Umum berjumlah 5 sampai 7 Penyedia Jasa Konsultansi.(Perpres 54 pasal 44 ayat 4),,0,
4988198,Perencanaan Kawasan Khusus Kerjasama Antar Daerah Kabupaten Kutai Kartanegara - Kota Samarinda,LPSE KABUPATEN KUTAI KARTANEGARA,PT. Raka Enginering Consultants,Gugur Administrasi (tidak melampirkan SBU non konstruksi yang di syaratkan),,0,
4988198,Perencanaan Kawasan Khusus Kerjasama Antar Daerah Kabupaten Kutai Kartanegara - Kota Samarinda,LPSE KABUPATEN KUTAI KARTANEGARA,PT. Revanplan Adiraka Konsultan,"Gugur Administrasi (tidak melampirkan SBU non konstruksi yang di syaratkan, masa berlaku IUJK telah habis)",,0,
4988198,Perencanaan Kawasan Khusus Kerjasama Antar Daerah Kabupaten Kutai Kartanegara - Kota Samarinda,LPSE KABUPATEN KUTAI KARTANEGARA,PT. NUANSA CITRAMANDIRI,Daftar pendek dalam Seleksi Umum berjumlah 5 sampai 7 Penyedia Jasa Konsultansi.(Perpres 54 pasal 44 ayat 4),,0,
4988198,Perencanaan Kawasan Khusus Kerjasama Antar Daerah Kabupaten Kutai Kartanegara - Kota Samarinda,LPSE KABUPATEN KUTAI KARTANEGARA,PT. BIRAPLANO ASRI,Daftar pendek dalam Seleksi Umum berjumlah 5 sampai 7 Penyedia Jasa Konsultansi.(Perpres 54 pasal 44 ayat 4),,0,
4988198,Perencanaan Kawasan Khusus Kerjasama Antar Daerah Kabupaten Kutai Kartanegara - Kota Samarinda,LPSE KABUPATEN KUTAI KARTANEGARA,PT. BINA KREASI NUSANTARA,Daftar pendek dalam Seleksi Umum berjumlah 5 sampai 7 Penyedia Jasa Konsultansi.(Perpres 54 pasal 44 ayat 4),,0,
4988198,Perencanaan Kawasan Khusus Kerjasama Antar Daerah Kabupaten Kutai Kartanegara - Kota Samarinda,LPSE KABUPATEN KUTAI KARTANEGARA,PT. Maza Pradita Sarana,Daftar pendek dalam Seleksi Umum berjumlah 5 sampai 7 Penyedia Jasa Konsultansi.(Perpres 54 pasal 44 ayat 4),,0,
4988198,Perencanaan Kawasan Khusus Kerjasama Antar Daerah Kabupaten Kutai Kartanegara - Kota Samarinda,LPSE KABUPATEN KUTAI KARTANEGARA,PT. BENNATIN SURYA CIPTA,"Gugur Administrasi (tidak melampirkan pajak PPh psl 21, 25 bulan april, PPN bulan mei, dan PPh psl 21 bulan mei 2014)",,0,
4988198,Perencanaan Kawasan Khusus Kerjasama Antar Daerah Kabupaten Kutai Kartanegara - Kota Samarinda,LPSE KABUPATEN KUTAI KARTANEGARA,PT. TARAM,Daftar pendek dalam Seleksi Umum berjumlah 5 sampai 7 Penyedia Jasa Konsultansi.(Perpres 54 pasal 44 ayat 4),,0,
4988198,Perencanaan Kawasan Khusus Kerjasama Antar Daerah Kabupaten Kutai Kartanegara - Kota Samarinda,LPSE KABUPATEN KUTAI KARTANEGARA,PT. NUSA TIARA,Daftar pendek dalam Seleksi Umum berjumlah 5 sampai 7 Penyedia Jasa Konsultansi.(Perpres 54 pasal 44 ayat 4),,0,
4988198,Perencanaan Kawasan Khusus Kerjasama Antar Daerah Kabupaten Kutai Kartanegara - Kota Samarinda,LPSE KABUPATEN KUTAI KARTANEGARA,PT. MAHAKA NUGRAHA PERKASA,"Gugur Administrasi (tidak melampirkan pajak PPh psl 21, 25 bulan maret, PPN bulan april, dan PPh psl 21 dan 25 bulan april 2014)",,0,
4988198,Perencanaan Kawasan Khusus Kerjasama Antar Daerah Kabupaten Kutai Kartanegara - Kota Samarinda,LPSE KABUPATEN KUTAI KARTANEGARA,PT. ALAM MATARAM SEJAHTRA,"Gugur Administrasi (tidak melampirkan IUJK, SBU yang disyaratkan, pajak PPN, PPh psl 21, dan 25 bulan mei 2014)",,0,
4988198,Perencanaan Kawasan Khusus Kerjasama Antar Daerah Kabupaten Kutai Kartanegara - Kota Samarinda,LPSE KABUPATEN KUTAI KARTANEGARA,PT. Grhayasa Nusacitra Estima,Tidak Upload penawaran File I dan II,,0,
4988198,Perencanaan Kawasan Khusus Kerjasama Antar Daerah Kabupaten Kutai Kartanegara - Kota Samarinda,LPSE KABUPATEN KUTAI KARTANEGARA,PT. DHIKA ARCHITAMA,Bukan Pemenang,,0,
4988198,Perencanaan Kawasan Khusus Kerjasama Antar Daerah Kabupaten Kutai Kartanegara - Kota Samarinda,LPSE KABUPATEN KUTAI KARTANEGARA,PT. SAE CITRA ENDAH,Daftar pendek dalam Seleksi Umum berjumlah 5 sampai 7 Penyedia Jasa Konsultansi.(Perpres 54 pasal 44 ayat 4),,0,
4988198,Perencanaan Kawasan Khusus Kerjasama Antar Daerah Kabupaten Kutai Kartanegara - Kota Samarinda,LPSE KABUPATEN KUTAI KARTANEGARA,PT. NUSANTARA CITRA KONSULTAN,Gugur Administrasi (tidak melampirkan pajak PPh pasal 21 bulan mei 2014),,0,
4988198,Perencanaan Kawasan Khusus Kerjasama Antar Daerah Kabupaten Kutai Kartanegara - Kota Samarinda,LPSE KABUPATEN KUTAI KARTANEGARA,PT.INTIMAS MULIA KONSULTAN,Gugur Administrasi (tidak melampirkan SBU non konstruksi yang di syaratkan),,0,
4988198,Perencanaan Kawasan Khusus Kerjasama Antar Daerah Kabupaten Kutai Kartanegara - Kota Samarinda,LPSE KABUPATEN KUTAI KARTANEGARA,PT. Catur Intireka,Gugur Administrasi (masa berlaku SBU telah habis),,0,
4988198,Perencanaan Kawasan Khusus Kerjasama Antar Daerah Kabupaten Kutai Kartanegara - Kota Samarinda,LPSE KABUPATEN KUTAI KARTANEGARA,PT. Arcas Inti Sarana,Tidak Upload penawaran File I,,0,
4988198,Perencanaan Kawasan Khusus Kerjasama Antar Daerah Kabupaten Kutai Kartanegara - Kota Samarinda,LPSE KABUPATEN KUTAI KARTANEGARA,CV. FASADE UTAMA,Daftar pendek dalam Seleksi Umum berjumlah 5 sampai 7 Penyedia Jasa Konsultansi.(Perpres 54 pasal 44 ayat 4),,0,
4988198,Perencanaan Kawasan Khusus Kerjasama Antar Daerah Kabupaten Kutai Kartanegara - Kota Samarinda,LPSE KABUPATEN KUTAI KARTANEGARA,PT. Ahassa Ciptanika,Daftar pendek dalam Seleksi Umum berjumlah 5 sampai 7 Penyedia Jasa Konsultansi.(Perpres 54 pasal 44 ayat 4),,0,
4988198,Perencanaan Kawasan Khusus Kerjasama Antar Daerah Kabupaten Kutai Kartanegara - Kota Samarinda,LPSE KABUPATEN KUTAI KARTANEGARA,PT. Arenco Binatama,Daftar pendek dalam Seleksi Umum berjumlah 5 sampai 7 Penyedia Jasa Konsultansi.(Perpres 54 pasal 44 ayat 4),,0,
4988198,Perencanaan Kawasan Khusus Kerjasama Antar Daerah Kabupaten Kutai Kartanegara - Kota Samarinda,LPSE KABUPATEN KUTAI KARTANEGARA,PT. ANDRA CIPTA CONSULT,Daftar pendek dalam Seleksi Umum berjumlah 5 sampai 7 Penyedia Jasa Konsultansi.(Perpres 54 pasal 44 ayat 4),,0,
4988198,Perencanaan Kawasan Khusus Kerjasama Antar Daerah Kabupaten Kutai Kartanegara - Kota Samarinda,LPSE KABUPATEN KUTAI KARTANEGARA,PT. Sisarti Baksya Asasta,Daftar pendek dalam Seleksi Umum berjumlah 5 sampai 7 Penyedia Jasa Konsultansi.(Perpres 54 pasal 44 ayat 4),,0,
4988198,Perencanaan Kawasan Khusus Kerjasama Antar Daerah Kabupaten Kutai Kartanegara - Kota Samarinda,LPSE KABUPATEN KUTAI KARTANEGARA,PT. SIGMA EKSPRESI,Daftar pendek dalam Seleksi Umum berjumlah 5 sampai 7 Penyedia Jasa Konsultansi.(Perpres 54 pasal 44 ayat 4),,0,
4988198,Perencanaan Kawasan Khusus Kerjasama Antar Daerah Kabupaten Kutai Kartanegara - Kota Samarinda,LPSE KABUPATEN KUTAI KARTANEGARA,PT. MITRA MADANI MULTICONSULT,Tidak Upload penawaran File I dan II,,0,
4988198,Perencanaan Kawasan Khusus Kerjasama Antar Daerah Kabupaten Kutai Kartanegara - Kota Samarinda,LPSE KABUPATEN KUTAI KARTANEGARA,PT. Belaputera Interplan,"Gugur Administrasi (tidak melampirkan pajak PPh psl 25 bulan maret, april dan mei 2014)",,0,
4988198,Perencanaan Kawasan Khusus Kerjasama Antar Daerah Kabupaten Kutai Kartanegara - Kota Samarinda,LPSE KABUPATEN KUTAI KARTANEGARA,PT. Dalla Billa Sejati,Tidak Upload penawaran File I dan II,,0,
4988198,Perencanaan Kawasan Khusus Kerjasama Antar Daerah Kabupaten Kutai Kartanegara - Kota Samarinda,LPSE KABUPATEN KUTAI KARTANEGARA,Gapura Nirwana Agung Konsultan,Daftar pendek dalam Seleksi Umum berjumlah 5 sampai 7 Penyedia Jasa Konsultansi.(Perpres 54 pasal 44 ayat 4),,0,
4988198,Perencanaan Kawasan Khusus Kerjasama Antar Daerah Kabupaten Kutai Kartanegara - Kota Samarinda,LPSE KABUPATEN KUTAI KARTANEGARA,PT. ARTHA DEMO ENGINEERING CONSULTANT,Daftar pendek dalam Seleksi Umum berjumlah 5 sampai 7 Penyedia Jasa Konsultansi.(Perpres 54 pasal 44 ayat 4),,0,
4988198,Perencanaan Kawasan Khusus Kerjasama Antar Daerah Kabupaten Kutai Kartanegara - Kota Samarinda,LPSE KABUPATEN KUTAI KARTANEGARA,PT. BENNANTA JASINDO,Gugur Administrasi (masa berlaku IUJK telah habis),,0,
4988198,Perencanaan Kawasan Khusus Kerjasama Antar Daerah Kabupaten Kutai Kartanegara - Kota Samarinda,LPSE KABUPATEN KUTAI KARTANEGARA,PT. TIGACAKRA GEMAKARYA,"Gugur Administrasi (IUJK yang dilampirkan tidak sesuai, tidak melampirkan SBU yang di syaratkan)",,0,
4988198,Perencanaan Kawasan Khusus Kerjasama Antar Daerah Kabupaten Kutai Kartanegara - Kota Samarinda,LPSE KABUPATEN KUTAI KARTANEGARA,PT. ARIA GRAHA,Daftar pendek dalam Seleksi Umum berjumlah 5 sampai 7 Penyedia Jasa Konsultansi.(Perpres 54 pasal 44 ayat 4),,0,
4988198,Perencanaan Kawasan Khusus Kerjasama Antar Daerah Kabupaten Kutai Kartanegara - Kota Samarinda,LPSE KABUPATEN KUTAI KARTANEGARA,PT. HEGAR DAYA,Gugur Administrasi (masa berlaku SBU telah habis),,0,
4988198,Perencanaan Kawasan Khusus Kerjasama Antar Daerah Kabupaten Kutai Kartanegara - Kota Samarinda,LPSE KABUPATEN KUTAI KARTANEGARA,PT. MIRANTHI KONSULTAN PERMAI,Gugur Administrasi (tidak melampirkan pajak PPh psl 25 bulan maret 2014),,0,
4988198,Perencanaan Kawasan Khusus Kerjasama Antar Daerah Kabupaten Kutai Kartanegara - Kota Samarinda,LPSE KABUPATEN KUTAI KARTANEGARA,PT. RISPHA TERRA PARAMA,Tidak Menghadiri Pembuktian,,0,
4988198,Perencanaan Kawasan Khusus Kerjasama Antar Daerah Kabupaten Kutai Kartanegara - Kota Samarinda,LPSE KABUPATEN KUTAI KARTANEGARA,PT. MARGA SARANA BHUMI,Tidak Menghadiri Pembuktian,,0,
4988198,Perencanaan Kawasan Khusus Kerjasama Antar Daerah Kabupaten Kutai Kartanegara - Kota Samarinda,LPSE KABUPATEN KUTAI KARTANEGARA,PT.Angelia Oerip Mandiri,Tidak Menghadiri Pembuktian,,0,
4988198,Perencanaan Kawasan Khusus Kerjasama Antar Daerah Kabupaten Kutai Kartanegara - Kota Samarinda,LPSE KABUPATEN KUTAI KARTANEGARA,PT. ARTAMA INTERKONSULTINDO,Tidak Menghadiri Pembuktian,,0,
4988198,Perencanaan Kawasan Khusus Kerjasama Antar Daerah Kabupaten Kutai Kartanegara - Kota Samarinda,LPSE KABUPATEN KUTAI KARTANEGARA,PT. GIRI AWAS,Tidak Menghadiri Pembuktian,,0,
4988198,Perencanaan Kawasan Khusus Kerjasama Antar Daerah Kabupaten Kutai Kartanegara - Kota Samarinda,LPSE KABUPATEN KUTAI KARTANEGARA,PT. JASINDO KONSULT NEC,Tidak Menghadiri Pembuktian,,0,
4988198,Perencanaan Kawasan Khusus Kerjasama Antar Daerah Kabupaten Kutai Kartanegara - Kota Samarinda,LPSE KABUPATEN KUTAI KARTANEGARA,PT. MITRA AGUNG MANUNGGAL,Tidak Menghadiri Pembuktian,,0,
4988198,Perencanaan Kawasan Khusus Kerjasama Antar Daerah Kabupaten Kutai Kartanegara - Kota Samarinda,LPSE KABUPATEN KUTAI KARTANEGARA,PT. DAYA CIPTA DIANRANCANA,Tidak Menghadiri Pembuktian,,0,
4988198,Perencanaan Kawasan Khusus Kerjasama Antar Daerah Kabupaten Kutai Kartanegara - Kota Samarinda,LPSE KABUPATEN KUTAI KARTANEGARA,PT. BINASIAMINDO KHARISMA,Tidak Menghadiri Pembuktian,,0,
4988198,Perencanaan Kawasan Khusus Kerjasama Antar Daerah Kabupaten Kutai Kartanegara - Kota Samarinda,LPSE KABUPATEN KUTAI KARTANEGARA,PT. ARCI PRATAMA KONSULTAN,Tidak Menghadiri Pembuktian,,0,
4988198,Perencanaan Kawasan Khusus Kerjasama Antar Daerah Kabupaten Kutai Kartanegara - Kota Samarinda,LPSE KABUPATEN KUTAI KARTANEGARA,CV. RASYA ALBAR CONSULTANT,Tidak Menghadiri Pembuktian,,0,
4988198,Perencanaan Kawasan Khusus Kerjasama Antar Daerah Kabupaten Kutai Kartanegara - Kota Samarinda,LPSE KABUPATEN KUTAI KARTANEGARA,Maju Bersama Bangsa,Tidak Menghadiri Pembuktian,,0,
4988198,Perencanaan Kawasan Khusus Kerjasama Antar Daerah Kabupaten Kutai Kartanegara - Kota Samarinda,LPSE KABUPATEN KUTAI KARTANEGARA,PT. KERN KONSTANINDO,Tidak Menghadiri Pembuktian,,0,
4988198,Perencanaan Kawasan Khusus Kerjasama Antar Daerah Kabupaten Kutai Kartanegara - Kota Samarinda,LPSE KABUPATEN KUTAI KARTANEGARA,PT. SABILA TRANCANA CIPTA,Tidak Menghadiri Pembuktian,,0,
4988198,Perencanaan Kawasan Khusus Kerjasama Antar Daerah Kabupaten Kutai Kartanegara - Kota Samarinda,LPSE KABUPATEN KUTAI KARTANEGARA,PT. ASA DESAIN,Tidak Menghadiri Pembuktian,,0,
4988198,Perencanaan Kawasan Khusus Kerjasama Antar Daerah Kabupaten Kutai Kartanegara - Kota Samarinda,LPSE KABUPATEN KUTAI KARTANEGARA,PT. PURI DIMENSI,Tidak Menghadiri Pembuktian,,0,
4988198,Perencanaan Kawasan Khusus Kerjasama Antar Daerah Kabupaten Kutai Kartanegara - Kota Samarinda,LPSE KABUPATEN KUTAI KARTANEGARA,PT.TEMA KARYA MANDIRI,Tidak Menghadiri Pembuktian,,0,
4988198,Perencanaan Kawasan Khusus Kerjasama Antar Daerah Kabupaten Kutai Kartanegara - Kota Samarinda,LPSE KABUPATEN KUTAI KARTANEGARA,PT. Indocitra Intiperkasa,Tidak Menghadiri Pembuktian,,0,
4988198,Perencanaan Kawasan Khusus Kerjasama Antar Daerah Kabupaten Kutai Kartanegara - Kota Samarinda,LPSE KABUPATEN KUTAI KARTANEGARA,PT. BINA INDEX CONSULT,Tidak Menghadiri Pembuktian,,0,
4988198,Perencanaan Kawasan Khusus Kerjasama Antar Daerah Kabupaten Kutai Kartanegara - Kota Samarinda,LPSE KABUPATEN KUTAI KARTANEGARA,CV. KALIMANTAN INFOTAMA,Tidak Menghadiri Pembuktian,,0,
4988198,Perencanaan Kawasan Khusus Kerjasama Antar Daerah Kabupaten Kutai Kartanegara - Kota Samarinda,LPSE KABUPATEN KUTAI KARTANEGARA,PT. HERTO PERSADA SAKTI,Tidak Menghadiri Pembuktian,,0,
4876198,DED Jembatan Jembatan Sungai Belayan Desa Long Bleh Haloq Kecamatan Kembang Janggut,LPSE KABUPATEN KUTAI KARTANEGARA,PT. AURAMA KARYA KONSULTAN,Bukan Pemenang,"81,98",746570000,"81,98"
4876198,DED Jembatan Jembatan Sungai Belayan Desa Long Bleh Haloq Kecamatan Kembang Janggut,LPSE KABUPATEN KUTAI KARTANEGARA,PT. SIGMA EKSPRESI,Bukan Pemenang,"74,74",864215000,"74,74"
4876198,DED Jembatan Jembatan Sungai Belayan Desa Long Bleh Haloq Kecamatan Kembang Janggut,LPSE KABUPATEN KUTAI KARTANEGARA,PT. ARSS BARU,Bukan Pemenang,"81,14",859287000,"81,14"
4876198,DED Jembatan Jembatan Sungai Belayan Desa Long Bleh Haloq Kecamatan Kembang Janggut,LPSE KABUPATEN KUTAI KARTANEGARA,PT. PURI DIMENSI,Bukan Pemenang,"82,81",875545000,"82,81"
4876198,DED Jembatan Jembatan Sungai Belayan Desa Long Bleh Haloq Kecamatan Kembang Janggut,LPSE KABUPATEN KUTAI KARTANEGARA,PT. ADHIYASA DESICON,Bukan Pemenang,"83,07",860585000,"83,07"
4876198,DED Jembatan Jembatan Sungai Belayan Desa Long Bleh Haloq Kecamatan Kembang Janggut,LPSE KABUPATEN KUTAI KARTANEGARA,PT. Ganes Engineering Consultant,Bukan Pemenang,"79,23",863912000,"79,23"
4876198,DED Jembatan Jembatan Sungai Belayan Desa Long Bleh Haloq Kecamatan Kembang Janggut,LPSE KABUPATEN KUTAI KARTANEGARA,PT. HEGAR DAYA,Pemenang,"87,5",880935000,"87,5"
4876198,DED Jembatan Jembatan Sungai Belayan Desa Long Bleh Haloq Kecamatan Kembang Janggut,LPSE KABUPATEN KUTAI KARTANEGARA,PT.TEMA KARYA MANDIRI,Tidak hadir pembuktian kualifikasi,,0,
4876198,DED Jembatan Jembatan Sungai Belayan Desa Long Bleh Haloq Kecamatan Kembang Janggut,LPSE KABUPATEN KUTAI KARTANEGARA,PT. Teraga Olahrakayasa,tidak lulus,,0,
4876198,DED Jembatan Jembatan Sungai Belayan Desa Long Bleh Haloq Kecamatan Kembang Janggut,LPSE KABUPATEN KUTAI KARTANEGARA,CV. Cremona Teknik Consultant,Tidak hadir pembuktian kualifikasi,,0,
4876198,DED Jembatan Jembatan Sungai Belayan Desa Long Bleh Haloq Kecamatan Kembang Janggut,LPSE KABUPATEN KUTAI KARTANEGARA,PT. ABDI SATRIA BHUMI,Tidak hadir pembuktian kualifikasi,,0,
4876198,DED Jembatan Jembatan Sungai Belayan Desa Long Bleh Haloq Kecamatan Kembang Janggut,LPSE KABUPATEN KUTAI KARTANEGARA,PT. INTIMULYA MULTIKENCANA,Tidak hadir pembuktian kualifikasi,,0,
4876198,DED Jembatan Jembatan Sungai Belayan Desa Long Bleh Haloq Kecamatan Kembang Janggut,LPSE KABUPATEN KUTAI KARTANEGARA,CV.SATRIA CONSULTANT,Tidak hadir pembuktian kualifikasi,,0,
4876198,DED Jembatan Jembatan Sungai Belayan Desa Long Bleh Haloq Kecamatan Kembang Janggut,LPSE KABUPATEN KUTAI KARTANEGARA,CV. FASADE UTAMA,Lulus tidak di undang,,0,
4876198,DED Jembatan Jembatan Sungai Belayan Desa Long Bleh Haloq Kecamatan Kembang Janggut,LPSE KABUPATEN KUTAI KARTANEGARA,PT. Arenco Binatama,tidak lulus,,0,
4876198,DED Jembatan Jembatan Sungai Belayan Desa Long Bleh Haloq Kecamatan Kembang Janggut,LPSE KABUPATEN KUTAI KARTANEGARA,PT. BINA INDEX CONSULT,Tidak hadir pembuktian kualifikasi,,0,
4876198,DED Jembatan Jembatan Sungai Belayan Desa Long Bleh Haloq Kecamatan Kembang Janggut,LPSE KABUPATEN KUTAI KARTANEGARA,PT. INDOKONSUL CITRAMANDIRI,Tidak hadir pembuktian kualifikasi,,0,
4876198,DED Jembatan Jembatan Sungai Belayan Desa Long Bleh Haloq Kecamatan Kembang Janggut,LPSE KABUPATEN KUTAI KARTANEGARA,PT. MITRA AGUNG MANUNGGAL,Tidak hadir pembuktian kualifikasi,,0,
4876198,DED Jembatan Jembatan Sungai Belayan Desa Long Bleh Haloq Kecamatan Kembang Janggut,LPSE KABUPATEN KUTAI KARTANEGARA,PT. ARCI PRATAMA KONSULTAN,Tidak hadir pembuktian kualifikasi,,0,
4876198,DED Jembatan Jembatan Sungai Belayan Desa Long Bleh Haloq Kecamatan Kembang Janggut,LPSE KABUPATEN KUTAI KARTANEGARA,PT. JASINDO KONSULT NEC,Lulus tidak di undang,,0,
4876198,DED Jembatan Jembatan Sungai Belayan Desa Long Bleh Haloq Kecamatan Kembang Janggut,LPSE KABUPATEN KUTAI KARTANEGARA,PT. Suwanda Karya Mandiri,tidak lulus,,0,
4876198,DED Jembatan Jembatan Sungai Belayan Desa Long Bleh Haloq Kecamatan Kembang Janggut,LPSE KABUPATEN KUTAI KARTANEGARA,CV. MUTIARA KARYA CONSULTANT,Tidak Menghadiri Pembuktian,,0,
4876198,DED Jembatan Jembatan Sungai Belayan Desa Long Bleh Haloq Kecamatan Kembang Janggut,LPSE KABUPATEN KUTAI KARTANEGARA,PT. Arcas Inti Sarana,Tidak Menghadiri Pembuktian,,0,
4876198,DED Jembatan Jembatan Sungai Belayan Desa Long Bleh Haloq Kecamatan Kembang Janggut,LPSE KABUPATEN KUTAI KARTANEGARA,KUMALA SARI INDAH,Tidak Menghadiri Pembuktian,,0,
4876198,DED Jembatan Jembatan Sungai Belayan Desa Long Bleh Haloq Kecamatan Kembang Janggut,LPSE KABUPATEN KUTAI KARTANEGARA,PT. Bhawana Prasasta,Tidak Menghadiri Pembuktian,,0,
4876198,DED Jembatan Jembatan Sungai Belayan Desa Long Bleh Haloq Kecamatan Kembang Janggut,LPSE KABUPATEN KUTAI KARTANEGARA,Astakona Dutasarana Dimensi,Tidak Menghadiri Pembuktian,,0,
4876198,DED Jembatan Jembatan Sungai Belayan Desa Long Bleh Haloq Kecamatan Kembang Janggut,LPSE KABUPATEN KUTAI KARTANEGARA,PT. DWI ELTIS KONSULTAN,Tidak Menghadiri Pembuktian,,0,
4876198,DED Jembatan Jembatan Sungai Belayan Desa Long Bleh Haloq Kecamatan Kembang Janggut,LPSE KABUPATEN KUTAI KARTANEGARA,CV. AUREL PRATAMA KARYA KONSULTAN,Tidak Menghadiri Pembuktian,,0,
4876198,DED Jembatan Jembatan Sungai Belayan Desa Long Bleh Haloq Kecamatan Kembang Janggut,LPSE KABUPATEN KUTAI KARTANEGARA,PT. Deciplan Indo Persada Engineering Consultant,Tidak Menghadiri Pembuktian,,0,
4876198,DED Jembatan Jembatan Sungai Belayan Desa Long Bleh Haloq Kecamatan Kembang Janggut,LPSE KABUPATEN KUTAI KARTANEGARA,PT.MARATAMA CIPTA MANDIRI,Tidak Menghadiri Pembuktian,,0,
4876198,DED Jembatan Jembatan Sungai Belayan Desa Long Bleh Haloq Kecamatan Kembang Janggut,LPSE KABUPATEN KUTAI KARTANEGARA,PT. TEKNIKAL GLOBAL KONSULTAN,Tidak Menghadiri Pembuktian,,0,
4876198,DED Jembatan Jembatan Sungai Belayan Desa Long Bleh Haloq Kecamatan Kembang Janggut,LPSE KABUPATEN KUTAI KARTANEGARA,CV. VISION ENGINEERING,Tidak Menghadiri Pembuktian,,0,
4876198,DED Jembatan Jembatan Sungai Belayan Desa Long Bleh Haloq Kecamatan Kembang Janggut,LPSE KABUPATEN KUTAI KARTANEGARA,PT. GIRI AWAS,Tidak Menghadiri Pembuktian,,0,
4870198,Penyusunan UKL/UPL Fasilitasi dan Stimulasi Rehabilitasi Rumah Akibat Bencana Alam (Sebulu),LPSE KABUPATEN KUTAI KARTANEGARA,PT. Teraga Olahrakayasa,Pemenang,"72,28",221100000,"72,28"
4870198,Penyusunan UKL/UPL Fasilitasi dan Stimulasi Rehabilitasi Rumah Akibat Bencana Alam (Sebulu),LPSE KABUPATEN KUTAI KARTANEGARA,PT. PRO LESTARI,Bukan Pemenang,"70,65",224653000,"70,65"
4870198,Penyusunan UKL/UPL Fasilitasi dan Stimulasi Rehabilitasi Rumah Akibat Bencana Alam (Sebulu),LPSE KABUPATEN KUTAI KARTANEGARA,CV. KALIMANTAN INFOTAMA,"Tidak meng-upload penawaran administrasi, teknis dan biaya",,0,
4870198,Penyusunan UKL/UPL Fasilitasi dan Stimulasi Rehabilitasi Rumah Akibat Bencana Alam (Sebulu),LPSE KABUPATEN KUTAI KARTANEGARA,CV. VISTAPLAN'79 CONSULTANT,"Tidak meng-upload penawaran administrasi, teknis dan biaya",,0,
4870198,Penyusunan UKL/UPL Fasilitasi dan Stimulasi Rehabilitasi Rumah Akibat Bencana Alam (Sebulu),LPSE KABUPATEN KUTAI KARTANEGARA,CV. MATRIX CONSULTANT,Tidak masuk daftar pendek,,0,
4870198,Penyusunan UKL/UPL Fasilitasi dan Stimulasi Rehabilitasi Rumah Akibat Bencana Alam (Sebulu),LPSE KABUPATEN KUTAI KARTANEGARA,PT. Bhawana Prasasta,Tidak menghadiri Pembuktian Kualifikasi,,0,
4870198,Penyusunan UKL/UPL Fasilitasi dan Stimulasi Rehabilitasi Rumah Akibat Bencana Alam (Sebulu),LPSE KABUPATEN KUTAI KARTANEGARA,PT. SRI AGUNG JAYA,Tidak menghadiri Pembuktian Kualifikasi,,0,
4870198,Penyusunan UKL/UPL Fasilitasi dan Stimulasi Rehabilitasi Rumah Akibat Bencana Alam (Sebulu),LPSE KABUPATEN KUTAI KARTANEGARA,PT. LAMIN CIPTA,"Tidak meng-upload penawaran administrasi, teknis dan biaya",,0,
4870198,Penyusunan UKL/UPL Fasilitasi dan Stimulasi Rehabilitasi Rumah Akibat Bencana Alam (Sebulu),LPSE KABUPATEN KUTAI KARTANEGARA,PT. ARCHEAS,Bukan Pemenang,,0,
4870198,Penyusunan UKL/UPL Fasilitasi dan Stimulasi Rehabilitasi Rumah Akibat Bencana Alam (Sebulu),LPSE KABUPATEN KUTAI KARTANEGARA,PT.CIDIACH KARYA NUSANTARA,"Tidak meng-upload penawaran administrasi, teknis dan biaya",,0,
4870198,Penyusunan UKL/UPL Fasilitasi dan Stimulasi Rehabilitasi Rumah Akibat Bencana Alam (Sebulu),LPSE KABUPATEN KUTAI KARTANEGARA,PT. SUCOFINDO Batam (Persero),Tidak Menghadiri Pembuktian,,0,
4870198,Penyusunan UKL/UPL Fasilitasi dan Stimulasi Rehabilitasi Rumah Akibat Bencana Alam (Sebulu),LPSE KABUPATEN KUTAI KARTANEGARA,CV. Sawi Mahakam Consultant,Tidak Menghadiri Pembuktian,,0,
4870198,Penyusunan UKL/UPL Fasilitasi dan Stimulasi Rehabilitasi Rumah Akibat Bencana Alam (Sebulu),LPSE KABUPATEN KUTAI KARTANEGARA,PT. INTIMULYA MULTIKENCANA,Tidak Menghadiri Pembuktian,,0,
4870198,Penyusunan UKL/UPL Fasilitasi dan Stimulasi Rehabilitasi Rumah Akibat Bencana Alam (Sebulu),LPSE KABUPATEN KUTAI KARTANEGARA,CV. AKASAKA TEKNIKA CONSULTANT,Tidak Menghadiri Pembuktian,,0,
4870198,Penyusunan UKL/UPL Fasilitasi dan Stimulasi Rehabilitasi Rumah Akibat Bencana Alam (Sebulu),LPSE KABUPATEN KUTAI KARTANEGARA,CV. YUAFA MANDIRI,Tidak Menghadiri Pembuktian,,0,
4870198,Penyusunan UKL/UPL Fasilitasi dan Stimulasi Rehabilitasi Rumah Akibat Bencana Alam (Sebulu),LPSE KABUPATEN KUTAI KARTANEGARA,PT. BINTANG TIRTA PRATAMA,Tidak Menghadiri Pembuktian,,0,
4870198,Penyusunan UKL/UPL Fasilitasi dan Stimulasi Rehabilitasi Rumah Akibat Bencana Alam (Sebulu),LPSE KABUPATEN KUTAI KARTANEGARA,PT. AreaTECH Konsulindo,Tidak Menghadiri Pembuktian,,0,
4870198,Penyusunan UKL/UPL Fasilitasi dan Stimulasi Rehabilitasi Rumah Akibat Bencana Alam (Sebulu),LPSE KABUPATEN KUTAI KARTANEGARA,PT. TRITUNGGAL SELARAS CONSULTANT UTAMA,Tidak Menghadiri Pembuktian,,0,
4870198,Penyusunan UKL/UPL Fasilitasi dan Stimulasi Rehabilitasi Rumah Akibat Bencana Alam (Sebulu),LPSE KABUPATEN KUTAI KARTANEGARA,PT. ASA DESAIN,Tidak Menghadiri Pembuktian,,0,
4872198,Perencanaan Teknis Perbaikan 5 Buah Jembatan Kelompok Tani Desa Sungai Lunuk Menuju Desa Muara Antan,LPSE KABUPATEN KUTAI KARTANEGARA,PT.MARATAMA CIPTA MANDIRI,Bukan Pemenang,"78,34",756541000,"78,34"
4872198,Perencanaan Teknis Perbaikan 5 Buah Jembatan Kelompok Tani Desa Sungai Lunuk Menuju Desa Muara Antan,LPSE KABUPATEN KUTAI KARTANEGARA,PT. AURAMA KARYA KONSULTAN,Bukan Pemenang,"76,84",803825000,"76,84"
4872198,Perencanaan Teknis Perbaikan 5 Buah Jembatan Kelompok Tani Desa Sungai Lunuk Menuju Desa Muara Antan,LPSE KABUPATEN KUTAI KARTANEGARA,PT. HEGAR DAYA,Bukan Pemenang,"74,79",807878000,"74,79"
4872198,Perencanaan Teknis Perbaikan 5 Buah Jembatan Kelompok Tani Desa Sungai Lunuk Menuju Desa Muara Antan,LPSE KABUPATEN KUTAI KARTANEGARA,PT. ARCI PRATAMA KONSULTAN,Pemenang,"79,37",864050000,"79,37"
4872198,Perencanaan Teknis Perbaikan 5 Buah Jembatan Kelompok Tani Desa Sungai Lunuk Menuju Desa Muara Antan,LPSE KABUPATEN KUTAI KARTANEGARA,PT. Karya Utama Citramandiri,tidak hadir pembuktian kualifikasi,,0,
4872198,Perencanaan Teknis Perbaikan 5 Buah Jembatan Kelompok Tani Desa Sungai Lunuk Menuju Desa Muara Antan,LPSE KABUPATEN KUTAI KARTANEGARA,PT. INTIMULYA MULTIKENCANA,tidak hadir pembuktian kualifikasi,,0,
4872198,Perencanaan Teknis Perbaikan 5 Buah Jembatan Kelompok Tani Desa Sungai Lunuk Menuju Desa Muara Antan,LPSE KABUPATEN KUTAI KARTANEGARA,CV. VISION ENGINEERING,Lulus/Tidak diundang,,0,
4872198,Perencanaan Teknis Perbaikan 5 Buah Jembatan Kelompok Tani Desa Sungai Lunuk Menuju Desa Muara Antan,LPSE KABUPATEN KUTAI KARTANEGARA,PT. ARISTA CIPTA,tidak hadir pembuktian kualifikasi,,0,
4872198,Perencanaan Teknis Perbaikan 5 Buah Jembatan Kelompok Tani Desa Sungai Lunuk Menuju Desa Muara Antan,LPSE KABUPATEN KUTAI KARTANEGARA,PT. TEKNIKAL GLOBAL KONSULTAN,tidak hadir pembuktian kualifikasi,,0,
4872198,Perencanaan Teknis Perbaikan 5 Buah Jembatan Kelompok Tani Desa Sungai Lunuk Menuju Desa Muara Antan,LPSE KABUPATEN KUTAI KARTANEGARA,PT. ABDI SATRIA BHUMI,Lulus/Tidak diundang,,0,
4872198,Perencanaan Teknis Perbaikan 5 Buah Jembatan Kelompok Tani Desa Sungai Lunuk Menuju Desa Muara Antan,LPSE KABUPATEN KUTAI KARTANEGARA,PT. JASINDO KONSULT NEC,Lulus/Tidak diundang,,0,
4872198,Perencanaan Teknis Perbaikan 5 Buah Jembatan Kelompok Tani Desa Sungai Lunuk Menuju Desa Muara Antan,LPSE KABUPATEN KUTAI KARTANEGARA,PT. ADHIYASA DESICON,"Tidak upload dokumen penawaran Administrasi, Teknis dan Harga",,0,
4872198,Perencanaan Teknis Perbaikan 5 Buah Jembatan Kelompok Tani Desa Sungai Lunuk Menuju Desa Muara Antan,LPSE KABUPATEN KUTAI KARTANEGARA,PT. ARSS BARU,"Tidak upload dokumen penawaran Administrasi, Teknis dan Harga",,0,
4872198,Perencanaan Teknis Perbaikan 5 Buah Jembatan Kelompok Tani Desa Sungai Lunuk Menuju Desa Muara Antan,LPSE KABUPATEN KUTAI KARTANEGARA,PT. Ganes Engineering Consultant,"Tidak upload dokumen penawaran Administrasi, Teknis dan Harga",,0,
4872198,Perencanaan Teknis Perbaikan 5 Buah Jembatan Kelompok Tani Desa Sungai Lunuk Menuju Desa Muara Antan,LPSE KABUPATEN KUTAI KARTANEGARA,PT. MITRA AGUNG MANUNGGAL,tidak hadir pembuktian kualifikasi,,0,
4872198,Perencanaan Teknis Perbaikan 5 Buah Jembatan Kelompok Tani Desa Sungai Lunuk Menuju Desa Muara Antan,LPSE KABUPATEN KUTAI KARTANEGARA,PT. SIGMA EKSPRESI,Tidak Lulus/tidak di undang,,0,
4872198,Perencanaan Teknis Perbaikan 5 Buah Jembatan Kelompok Tani Desa Sungai Lunuk Menuju Desa Muara Antan,LPSE KABUPATEN KUTAI KARTANEGARA,CV. FASADE UTAMA,Lulus/Tidak diundang,,0,
4872198,Perencanaan Teknis Perbaikan 5 Buah Jembatan Kelompok Tani Desa Sungai Lunuk Menuju Desa Muara Antan,LPSE KABUPATEN KUTAI KARTANEGARA,PT. Arenco Binatama,Tidak Lulus/tidak di undang,,0,
4872198,Perencanaan Teknis Perbaikan 5 Buah Jembatan Kelompok Tani Desa Sungai Lunuk Menuju Desa Muara Antan,LPSE KABUPATEN KUTAI KARTANEGARA,PT. BINA INDEX CONSULT,Lulus/Tidak diundang,,0,
4872198,Perencanaan Teknis Perbaikan 5 Buah Jembatan Kelompok Tani Desa Sungai Lunuk Menuju Desa Muara Antan,LPSE KABUPATEN KUTAI KARTANEGARA,PT. INDOKONSUL CITRAMANDIRI,Lulus/Tidak diundang,,0,
4872198,Perencanaan Teknis Perbaikan 5 Buah Jembatan Kelompok Tani Desa Sungai Lunuk Menuju Desa Muara Antan,LPSE KABUPATEN KUTAI KARTANEGARA,CV. Cremona Teknik Consultant,Lulus/Tidak diundang,,0,
4872198,Perencanaan Teknis Perbaikan 5 Buah Jembatan Kelompok Tani Desa Sungai Lunuk Menuju Desa Muara Antan,LPSE KABUPATEN KUTAI KARTANEGARA,PT. PURI DIMENSI,Lulus/Tidak diundang,,0,
4872198,Perencanaan Teknis Perbaikan 5 Buah Jembatan Kelompok Tani Desa Sungai Lunuk Menuju Desa Muara Antan,LPSE KABUPATEN KUTAI KARTANEGARA,CV. YUAFA MANDIRI,Tidak Menghadiri Pembuktian,,0,
4872198,Perencanaan Teknis Perbaikan 5 Buah Jembatan Kelompok Tani Desa Sungai Lunuk Menuju Desa Muara Antan,LPSE KABUPATEN KUTAI KARTANEGARA,CV.Trikarya Utama,Tidak Menghadiri Pembuktian,,0,
4872198,Perencanaan Teknis Perbaikan 5 Buah Jembatan Kelompok Tani Desa Sungai Lunuk Menuju Desa Muara Antan,LPSE KABUPATEN KUTAI KARTANEGARA,CV. AUREL PRATAMA KARYA KONSULTAN,Tidak Menghadiri Pembuktian,,0,
4872198,Perencanaan Teknis Perbaikan 5 Buah Jembatan Kelompok Tani Desa Sungai Lunuk Menuju Desa Muara Antan,LPSE KABUPATEN KUTAI KARTANEGARA,PT. GEOMATIK CONSULTANT,Tidak Menghadiri Pembuktian,,0,
4872198,Perencanaan Teknis Perbaikan 5 Buah Jembatan Kelompok Tani Desa Sungai Lunuk Menuju Desa Muara Antan,LPSE KABUPATEN KUTAI KARTANEGARA,PT. Celebes Sarana Jasa,Tidak Menghadiri Pembuktian,,0,
4872198,Perencanaan Teknis Perbaikan 5 Buah Jembatan Kelompok Tani Desa Sungai Lunuk Menuju Desa Muara Antan,LPSE KABUPATEN KUTAI KARTANEGARA,PT. BINTANG TIRTA PRATAMA,Tidak Menghadiri Pembuktian,,0,
4872198,Perencanaan Teknis Perbaikan 5 Buah Jembatan Kelompok Tani Desa Sungai Lunuk Menuju Desa Muara Antan,LPSE KABUPATEN KUTAI KARTANEGARA,CV. ARCHI TEKNIK,Tidak Menghadiri Pembuktian,,0,
4872198,Perencanaan Teknis Perbaikan 5 Buah Jembatan Kelompok Tani Desa Sungai Lunuk Menuju Desa Muara Antan,LPSE KABUPATEN KUTAI KARTANEGARA,PT. MARANNU MARAYA MAINDAN,Tidak Menghadiri Pembuktian,,0,
4872198,Perencanaan Teknis Perbaikan 5 Buah Jembatan Kelompok Tani Desa Sungai Lunuk Menuju Desa Muara Antan,LPSE KABUPATEN KUTAI KARTANEGARA,CV. MUTIARA KARYA CONSULTANT,Tidak Menghadiri Pembuktian,,0,
4872198,Perencanaan Teknis Perbaikan 5 Buah Jembatan Kelompok Tani Desa Sungai Lunuk Menuju Desa Muara Antan,LPSE KABUPATEN KUTAI KARTANEGARA,PT. Trijasa Binamanunggal,Tidak Menghadiri Pembuktian,,0,
4872198,Perencanaan Teknis Perbaikan 5 Buah Jembatan Kelompok Tani Desa Sungai Lunuk Menuju Desa Muara Antan,LPSE KABUPATEN KUTAI KARTANEGARA,PORTAL ENGINEERING PERKASA,Tidak Menghadiri Pembuktian,,0,
4872198,Perencanaan Teknis Perbaikan 5 Buah Jembatan Kelompok Tani Desa Sungai Lunuk Menuju Desa Muara Antan,LPSE KABUPATEN KUTAI KARTANEGARA,Astakona Dutasarana Dimensi,Tidak Menghadiri Pembuktian,,0,
4872198,Perencanaan Teknis Perbaikan 5 Buah Jembatan Kelompok Tani Desa Sungai Lunuk Menuju Desa Muara Antan,LPSE KABUPATEN KUTAI KARTANEGARA,PT. Deciplan Indo Persada Engineering Consultant,Tidak Menghadiri Pembuktian,,0,
4698198,Manajemen Konstruksi Lanjutan Pembangunan Gedung Perpustakaan Kecamatan Tenggarong Seleksi Ulang,LPSE KABUPATEN KUTAI KARTANEGARA,PT. NUSANTARA CITRA KONSULTAN,Pemenang,"87,47",262768000,"87,47"
4698198,Manajemen Konstruksi Lanjutan Pembangunan Gedung Perpustakaan Kecamatan Tenggarong Seleksi Ulang,LPSE KABUPATEN KUTAI KARTANEGARA,PT. BIKONAR PERDANA,Bukan Pemenang,"77,91",268400000,"77,91"
4698198,Manajemen Konstruksi Lanjutan Pembangunan Gedung Perpustakaan Kecamatan Tenggarong Seleksi Ulang,LPSE KABUPATEN KUTAI KARTANEGARA,CV. ARCHI TEKNIK,Tidak Memenuhi Persyaratan Kualifikasi / Tidak Diundang,,0,
4698198,Manajemen Konstruksi Lanjutan Pembangunan Gedung Perpustakaan Kecamatan Tenggarong Seleksi Ulang,LPSE KABUPATEN KUTAI KARTANEGARA,PT. BENNATIN SURYA CIPTA,Bukan Pemenang,,0,
4698198,Manajemen Konstruksi Lanjutan Pembangunan Gedung Perpustakaan Kecamatan Tenggarong Seleksi Ulang,LPSE KABUPATEN KUTAI KARTANEGARA,PT.Angelia Oerip Mandiri,Bukan Pemenang,,0,
4698198,Manajemen Konstruksi Lanjutan Pembangunan Gedung Perpustakaan Kecamatan Tenggarong Seleksi Ulang,LPSE KABUPATEN KUTAI KARTANEGARA,PT. BENNANTA JASINDO,Tidak Mengupload Dokumen Penawaran Pada Pembukaan dan Evaluasi Penawaran File I : Administrasi dan TeknisTelah Dilakukan Pembuktian Kualifikasi / Diundang,,0,
4698198,Manajemen Konstruksi Lanjutan Pembangunan Gedung Perpustakaan Kecamatan Tenggarong Seleksi Ulang,LPSE KABUPATEN KUTAI KARTANEGARA,PT. Indocitra Intiperkasa,Tidak Masuk Daftar Pendek / Tidak Diundang,,0,
4698198,Manajemen Konstruksi Lanjutan Pembangunan Gedung Perpustakaan Kecamatan Tenggarong Seleksi Ulang,LPSE KABUPATEN KUTAI KARTANEGARA,PT.BIOSFERA WIDHY ENGINEERING,Tidak Masuk Daftar Pendek / Tidak Diundang,,0,
4698198,Manajemen Konstruksi Lanjutan Pembangunan Gedung Perpustakaan Kecamatan Tenggarong Seleksi Ulang,LPSE KABUPATEN KUTAI KARTANEGARA,PT. MARANNU MARAYA MAINDAN,Tidak Masuk Daftar Pendek / Tidak Diundang,,0,
4698198,Manajemen Konstruksi Lanjutan Pembangunan Gedung Perpustakaan Kecamatan Tenggarong Seleksi Ulang,LPSE KABUPATEN KUTAI KARTANEGARA,PT. LA'MALLY,Tidak Menghadiri Pembuktian,,0,
4698198,Manajemen Konstruksi Lanjutan Pembangunan Gedung Perpustakaan Kecamatan Tenggarong Seleksi Ulang,LPSE KABUPATEN KUTAI KARTANEGARA,PT.CINERE AGUNG MANDIRI,Tidak Menghadiri Pembuktian,,0,
4698198,Manajemen Konstruksi Lanjutan Pembangunan Gedung Perpustakaan Kecamatan Tenggarong Seleksi Ulang,LPSE KABUPATEN KUTAI KARTANEGARA,cv.muhammad rifki sugiarto,Tidak Menghadiri Pembuktian,,0,
4698198,Manajemen Konstruksi Lanjutan Pembangunan Gedung Perpustakaan Kecamatan Tenggarong Seleksi Ulang,LPSE KABUPATEN KUTAI KARTANEGARA,CV. Sawi Mahakam Consultant,Tidak Menghadiri Pembuktian,,0,
4686198,Pengawasan Rehab Sedang/Berat Mekanikal Kantor Bupati Kutai Kartanegara Blok A Seleksi Ulang,LPSE KABUPATEN KUTAI KARTANEGARA,PT. MARANNU MARAYA MAINDAN,Bukan Pemenang,"76,82",383900000,"76,82"
4686198,Pengawasan Rehab Sedang/Berat Mekanikal Kantor Bupati Kutai Kartanegara Blok A Seleksi Ulang,LPSE KABUPATEN KUTAI KARTANEGARA,PT.Angelia Oerip Mandiri,Pemenang,"80,07",388905000,"80,07"
4686198,Pengawasan Rehab Sedang/Berat Mekanikal Kantor Bupati Kutai Kartanegara Blok A Seleksi Ulang,LPSE KABUPATEN KUTAI KARTANEGARA,CV. FASADE UTAMA,Gugur Tidak Hadir Pembuktian Kualifikasi,,0,
4686198,Pengawasan Rehab Sedang/Berat Mekanikal Kantor Bupati Kutai Kartanegara Blok A Seleksi Ulang,LPSE KABUPATEN KUTAI KARTANEGARA,PT. ALOCITA MANDIRI,"Tidak Lulus, Tidak Masuk Daftar Pendek",,0,
4686198,Pengawasan Rehab Sedang/Berat Mekanikal Kantor Bupati Kutai Kartanegara Blok A Seleksi Ulang,LPSE KABUPATEN KUTAI KARTANEGARA,CV. Cipta Nusa Endah,"Tidak Lulus, Tidak Masuk Daftar Pendek",,0,
4686198,Pengawasan Rehab Sedang/Berat Mekanikal Kantor Bupati Kutai Kartanegara Blok A Seleksi Ulang,LPSE KABUPATEN KUTAI KARTANEGARA,PT. Erka Dua Cipta,Bukan Pemenang,,0,
4686198,Pengawasan Rehab Sedang/Berat Mekanikal Kantor Bupati Kutai Kartanegara Blok A Seleksi Ulang,LPSE KABUPATEN KUTAI KARTANEGARA,CV. DAYA CIPTA MANDIRI,"Tidak Lulus, Tidak Masuk Daftar Pendek",,0,
4686198,Pengawasan Rehab Sedang/Berat Mekanikal Kantor Bupati Kutai Kartanegara Blok A Seleksi Ulang,LPSE KABUPATEN KUTAI KARTANEGARA,PT. BENNATIN SURYA CIPTA,Gugur Tidak Hadir Pembuktian Kualifikasi,,0,
4686198,Pengawasan Rehab Sedang/Berat Mekanikal Kantor Bupati Kutai Kartanegara Blok A Seleksi Ulang,LPSE KABUPATEN KUTAI KARTANEGARA,PT. BENNANTA JASINDO,Gugur Tidak Hadir Pembuktian Kualifikasi,,0,
4686198,Pengawasan Rehab Sedang/Berat Mekanikal Kantor Bupati Kutai Kartanegara Blok A Seleksi Ulang,LPSE KABUPATEN KUTAI KARTANEGARA,PT.SADHYA GRAHACARA,"Tidak Lulus, Tidak Masuk Daftar Pendek",,0,
4686198,Pengawasan Rehab Sedang/Berat Mekanikal Kantor Bupati Kutai Kartanegara Blok A Seleksi Ulang,LPSE KABUPATEN KUTAI KARTANEGARA,PT. Indocitra Intiperkasa,"Tidak Lulus, Tidak Masuk Daftar Pendek",,0,
4686198,Pengawasan Rehab Sedang/Berat Mekanikal Kantor Bupati Kutai Kartanegara Blok A Seleksi Ulang,LPSE KABUPATEN KUTAI KARTANEGARA,PT. ARISTA GEMILANG KONSULINDO,Tidak Menghadiri Pembuktian,,0,
4686198,Pengawasan Rehab Sedang/Berat Mekanikal Kantor Bupati Kutai Kartanegara Blok A Seleksi Ulang,LPSE KABUPATEN KUTAI KARTANEGARA,PT. GIRI AWAS,Tidak Menghadiri Pembuktian,,0,
4686198,Pengawasan Rehab Sedang/Berat Mekanikal Kantor Bupati Kutai Kartanegara Blok A Seleksi Ulang,LPSE KABUPATEN KUTAI KARTANEGARA,cv mitra pratama,Tidak Menghadiri Pembuktian,,0,
4686198,Pengawasan Rehab Sedang/Berat Mekanikal Kantor Bupati Kutai Kartanegara Blok A Seleksi Ulang,LPSE KABUPATEN KUTAI KARTANEGARA,PT. LA'MALLY,Tidak Menghadiri Pembuktian,,0,
4686198,Pengawasan Rehab Sedang/Berat Mekanikal Kantor Bupati Kutai Kartanegara Blok A Seleksi Ulang,LPSE KABUPATEN KUTAI KARTANEGARA,MITRA BARITO MAKMUR,Tidak Menghadiri Pembuktian,,0,
4686198,Pengawasan Rehab Sedang/Berat Mekanikal Kantor Bupati Kutai Kartanegara Blok A Seleksi Ulang,LPSE KABUPATEN KUTAI KARTANEGARA,PT Trimanunggal Karyatama,Tidak Menghadiri Pembuktian,,0,
4658198,Pengawasan Lanjutan Pembangunan Rumah Sewa Seleksi Ulang,LPSE KABUPATEN KUTAI KARTANEGARA,PT.Angelia Oerip Mandiri,Pemenang,"79,21",470580000,"79,21"
4658198,Pengawasan Lanjutan Pembangunan Rumah Sewa Seleksi Ulang,LPSE KABUPATEN KUTAI KARTANEGARA,PT. CINIPTA TRIUTAMA JAYA,Tidak Diundang Karena Tidak Masuk Daftar Pendek.,,0,
4658198,Pengawasan Lanjutan Pembangunan Rumah Sewa Seleksi Ulang,LPSE KABUPATEN KUTAI KARTANEGARA,CV.Trikarya Utama,Tidak Diundang Karena Tidak Masuk Daftar Pendek.,,0,
4658198,Pengawasan Lanjutan Pembangunan Rumah Sewa Seleksi Ulang,LPSE KABUPATEN KUTAI KARTANEGARA,PT.CIDIACH KARYA NUSANTARA,Bukan Pemenang,,0,
4658198,Pengawasan Lanjutan Pembangunan Rumah Sewa Seleksi Ulang,LPSE KABUPATEN KUTAI KARTANEGARA,CV. VISTAPLAN'79 CONSULTANT,"Lulus, Tidak Diundang Karena Tidak Masuk Daftar Pendek yang disyaratkan 5 peserta.",,0,
4658198,Pengawasan Lanjutan Pembangunan Rumah Sewa Seleksi Ulang,LPSE KABUPATEN KUTAI KARTANEGARA,CV. MATRIX CONSULTANT,Bukan Pemenang,,0,
4658198,Pengawasan Lanjutan Pembangunan Rumah Sewa Seleksi Ulang,LPSE KABUPATEN KUTAI KARTANEGARA,CV. MEUTHIA MULTI KONSULTAN,Tidak Diundang Karena Tidak Masuk Daftar Pendek.,,0,
4658198,Pengawasan Lanjutan Pembangunan Rumah Sewa Seleksi Ulang,LPSE KABUPATEN KUTAI KARTANEGARA,PT. BINTANG TIRTA PRATAMA,Tidak Diundang Karena Tidak Masuk Daftar Pendek.,,0,
4658198,Pengawasan Lanjutan Pembangunan Rumah Sewa Seleksi Ulang,LPSE KABUPATEN KUTAI KARTANEGARA,TENGKONINDO TEKNIK GEOSPASIAL,Tidak Diundang Karena Tidak Masuk Daftar Pendek.,,0,
4658198,Pengawasan Lanjutan Pembangunan Rumah Sewa Seleksi Ulang,LPSE KABUPATEN KUTAI KARTANEGARA,CV. ARCHIVIL ENGINEERING,Tidak Diundang Karena Tidak Masuk Daftar Pendek.,,0,
4658198,Pengawasan Lanjutan Pembangunan Rumah Sewa Seleksi Ulang,LPSE KABUPATEN KUTAI KARTANEGARA,CV. Sakti Jaya Consultant,Tidak Diundang Karena Tidak Masuk Daftar Pendek.,,0,
4658198,Pengawasan Lanjutan Pembangunan Rumah Sewa Seleksi Ulang,LPSE KABUPATEN KUTAI KARTANEGARA,PT. BENNATIN SURYA CIPTA,Tidak Mengupload/Memasukan Dokumen Penawaran Teknis dan Biaya,,0,
4658198,Pengawasan Lanjutan Pembangunan Rumah Sewa Seleksi Ulang,LPSE KABUPATEN KUTAI KARTANEGARA,CV. BUMI BORNEO AGUNG KONSULTAN,Tidak Diundang Karena Tidak Masuk Daftar Pendek.,,0,
4658198,Pengawasan Lanjutan Pembangunan Rumah Sewa Seleksi Ulang,LPSE KABUPATEN KUTAI KARTANEGARA,"ARDHIA ASRI, CV",Tidak Diundang Karena Tidak Masuk Daftar Pendek.,,0,
4658198,Pengawasan Lanjutan Pembangunan Rumah Sewa Seleksi Ulang,LPSE KABUPATEN KUTAI KARTANEGARA,CV.KARYA CIPTA BERSAMA & Ass,Tidak Diundang Karena Tidak Masuk Daftar Pendek.,,0,
4658198,Pengawasan Lanjutan Pembangunan Rumah Sewa Seleksi Ulang,LPSE KABUPATEN KUTAI KARTANEGARA,PT.BIOSFERA WIDHY ENGINEERING,"Lulus, Tidak Diundang Karena Tidak Masuk Daftar Pendek yang disyaratkan 5 peserta.",,0,
4658198,Pengawasan Lanjutan Pembangunan Rumah Sewa Seleksi Ulang,LPSE KABUPATEN KUTAI KARTANEGARA,CV. PATOYA INDAH,Tidak Mengupload/Memasukan Dokumen Penawaran Teknis dan Biaya,,0,
4658198,Pengawasan Lanjutan Pembangunan Rumah Sewa Seleksi Ulang,LPSE KABUPATEN KUTAI KARTANEGARA,PT.ASRI ADYATAMA,Tidak Diundang Karena Tidak Masuk Daftar Pendek.,,0,
4658198,Pengawasan Lanjutan Pembangunan Rumah Sewa Seleksi Ulang,LPSE KABUPATEN KUTAI KARTANEGARA,CV. JALA SAKTI,Tidak Diundang Karena Tidak Masuk Daftar Pendek.,,0,
4658198,Pengawasan Lanjutan Pembangunan Rumah Sewa Seleksi Ulang,LPSE KABUPATEN KUTAI KARTANEGARA,PT. MITRA AGUNG MANUNGGAL,Tidak Diundang Karena Tidak Masuk Daftar Pendek.,,0,
4658198,Pengawasan Lanjutan Pembangunan Rumah Sewa Seleksi Ulang,LPSE KABUPATEN KUTAI KARTANEGARA,PT. LAMIN CIPTA,Tidak Menghadiri Pembuktian,,0,
4658198,Pengawasan Lanjutan Pembangunan Rumah Sewa Seleksi Ulang,LPSE KABUPATEN KUTAI KARTANEGARA,CV. Sawi Mahakam Consultant,Tidak Menghadiri Pembuktian,,0,
4658198,Pengawasan Lanjutan Pembangunan Rumah Sewa Seleksi Ulang,LPSE KABUPATEN KUTAI KARTANEGARA,CV. AKASAKA TEKNIKA CONSULTANT,Tidak Menghadiri Pembuktian,,0,
4658198,Pengawasan Lanjutan Pembangunan Rumah Sewa Seleksi Ulang,LPSE KABUPATEN KUTAI KARTANEGARA,Ri N Ra Artha Karya,Tidak Menghadiri Pembuktian,,0,
4658198,Pengawasan Lanjutan Pembangunan Rumah Sewa Seleksi Ulang,LPSE KABUPATEN KUTAI KARTANEGARA,PT. BENNANTA JASINDO,Tidak Menghadiri Pembuktian,,0,
4658198,Pengawasan Lanjutan Pembangunan Rumah Sewa Seleksi Ulang,LPSE KABUPATEN KUTAI KARTANEGARA,PT. Indocitra Intiperkasa,Tidak Menghadiri Pembuktian,,0,
4658198,Pengawasan Lanjutan Pembangunan Rumah Sewa Seleksi Ulang,LPSE KABUPATEN KUTAI KARTANEGARA,PT. BRAMUDA SINERGY,Tidak Menghadiri Pembuktian,,0,
4658198,Pengawasan Lanjutan Pembangunan Rumah Sewa Seleksi Ulang,LPSE KABUPATEN KUTAI KARTANEGARA,PT. ARISTA GEMILANG KONSULINDO,Tidak Menghadiri Pembuktian,,0,
4658198,Pengawasan Lanjutan Pembangunan Rumah Sewa Seleksi Ulang,LPSE KABUPATEN KUTAI KARTANEGARA,CV. MULTICIPTA ADHIRANCANA,Tidak Menghadiri Pembuktian,,0,
4658198,Pengawasan Lanjutan Pembangunan Rumah Sewa Seleksi Ulang,LPSE KABUPATEN KUTAI KARTANEGARA,PT.BALLA PANRITA KONSULTAN,Tidak Menghadiri Pembuktian,,0,
4658198,Pengawasan Lanjutan Pembangunan Rumah Sewa Seleksi Ulang,LPSE KABUPATEN KUTAI KARTANEGARA,CV. GLOTUS KONSULTAN,Tidak Menghadiri Pembuktian,,0,
4658198,Pengawasan Lanjutan Pembangunan Rumah Sewa Seleksi Ulang,LPSE KABUPATEN KUTAI KARTANEGARA,CV. LATUSIWA ENGINEERING,Tidak Menghadiri Pembuktian,,0,
4658198,Pengawasan Lanjutan Pembangunan Rumah Sewa Seleksi Ulang,LPSE KABUPATEN KUTAI KARTANEGARA,CV. ULFA CONSULTANT,Tidak Menghadiri Pembuktian,,0,
4658198,Pengawasan Lanjutan Pembangunan Rumah Sewa Seleksi Ulang,LPSE KABUPATEN KUTAI KARTANEGARA,CV. WAHANA BHAKTI CONSULTANT,Tidak Menghadiri Pembuktian,,0,
4658198,Pengawasan Lanjutan Pembangunan Rumah Sewa Seleksi Ulang,LPSE KABUPATEN KUTAI KARTANEGARA,PT. MARANNU MARAYA MAINDAN,Tidak Menghadiri Pembuktian,,0,
4633198,Perencanaan Teknis Penanganan Longsoran Jalan Loa Tebu Sebulu,LPSE KABUPATEN KUTAI KARTANEGARA,PT. GEMILANG SURYA INTI,Bukan Pemenang,"69,28",254980000,"69,28"
4633198,Perencanaan Teknis Penanganan Longsoran Jalan Loa Tebu Sebulu,LPSE KABUPATEN KUTAI KARTANEGARA,CV. PRIMA JAYA KONSULTAN,Bukan Pemenang,"74,42",260287500,"74,42"
4633198,Perencanaan Teknis Penanganan Longsoran Jalan Loa Tebu Sebulu,LPSE KABUPATEN KUTAI KARTANEGARA,PT. Ganes Engineering Consultant,Bukan Pemenang,"71,08",261690000,"71,08"
4633198,Perencanaan Teknis Penanganan Longsoran Jalan Loa Tebu Sebulu,LPSE KABUPATEN KUTAI KARTANEGARA,CV. REKA KUSUMA BUANA,Pemenang,"76,91",261739000,"76,91"
4633198,Perencanaan Teknis Penanganan Longsoran Jalan Loa Tebu Sebulu,LPSE KABUPATEN KUTAI KARTANEGARA,PT. ARSS BARU,Bukan Pemenang,"67,95",266018000,"67,95"
4633198,Perencanaan Teknis Penanganan Longsoran Jalan Loa Tebu Sebulu,LPSE KABUPATEN KUTAI KARTANEGARA,PT. BIKONAR PERDANA,Bukan Pemenang,"68,82",269000000,"68,82"
4633198,Perencanaan Teknis Penanganan Longsoran Jalan Loa Tebu Sebulu,LPSE KABUPATEN KUTAI KARTANEGARA,PT. AURAMA KARYA KONSULTAN,Tidak dapat membuktikan kontrak sejenis/sama,,0,
4633198,Perencanaan Teknis Penanganan Longsoran Jalan Loa Tebu Sebulu,LPSE KABUPATEN KUTAI KARTANEGARA,PT. ARISTA GEMILANG KONSULINDO,Gugur administrasi,,0,
4633198,Perencanaan Teknis Penanganan Longsoran Jalan Loa Tebu Sebulu,LPSE KABUPATEN KUTAI KARTANEGARA,PT. NAFA AIRFINDO KONSULTAN,Tidak dapat membuktikan kontrak sejenis/sama,,0,
4633198,Perencanaan Teknis Penanganan Longsoran Jalan Loa Tebu Sebulu,LPSE KABUPATEN KUTAI KARTANEGARA,PT. GIRI AWAS,Tidak menghadiri pembuktian kualifiikasi,,0,
4633198,Perencanaan Teknis Penanganan Longsoran Jalan Loa Tebu Sebulu,LPSE KABUPATEN KUTAI KARTANEGARA,CV. REXCONS INDONESIA,Gugur administrasi,,0,
4633198,Perencanaan Teknis Penanganan Longsoran Jalan Loa Tebu Sebulu,LPSE KABUPATEN KUTAI KARTANEGARA,CV.Trikarya Utama,Bukan Pemenang,,0,
4633198,Perencanaan Teknis Penanganan Longsoran Jalan Loa Tebu Sebulu,LPSE KABUPATEN KUTAI KARTANEGARA,PT. Gumilang Sajati,Gugur administrasi,,0,
4633198,Perencanaan Teknis Penanganan Longsoran Jalan Loa Tebu Sebulu,LPSE KABUPATEN KUTAI KARTANEGARA,CV. CIPTA BUANA SEJATI,Tidak Menghadiri Pembuktian,,0,
4633198,Perencanaan Teknis Penanganan Longsoran Jalan Loa Tebu Sebulu,LPSE KABUPATEN KUTAI KARTANEGARA,CV KARYA SEJATI,Tidak Menghadiri Pembuktian,,0,
4633198,Perencanaan Teknis Penanganan Longsoran Jalan Loa Tebu Sebulu,LPSE KABUPATEN KUTAI KARTANEGARA,CV. MUTIARA KARYA CONSULTANT,Tidak menghadiri pembuktian kualifiikasi,,0,
4633198,Perencanaan Teknis Penanganan Longsoran Jalan Loa Tebu Sebulu,LPSE KABUPATEN KUTAI KARTANEGARA,CV. Sakti Jaya Consultant,Gugur administrasi,,0,
4633198,Perencanaan Teknis Penanganan Longsoran Jalan Loa Tebu Sebulu,LPSE KABUPATEN KUTAI KARTANEGARA,PT. JASINDO KONSULT NEC,Tidak menghadiri pembuktian kualifiikasi,,0,
4633198,Perencanaan Teknis Penanganan Longsoran Jalan Loa Tebu Sebulu,LPSE KABUPATEN KUTAI KARTANEGARA,CV. Cremona Teknik Consultant,Gugur administrasi,,0,
4633198,Perencanaan Teknis Penanganan Longsoran Jalan Loa Tebu Sebulu,LPSE KABUPATEN KUTAI KARTANEGARA,CV. EMWE BERSAUDARA,Tidak Menghadiri Pembuktian,,0,
4633198,Perencanaan Teknis Penanganan Longsoran Jalan Loa Tebu Sebulu,LPSE KABUPATEN KUTAI KARTANEGARA,PT. TEKNIKAL GLOBAL KONSULTAN,Tidak Menghadiri Pembuktian,,0,
4633198,Perencanaan Teknis Penanganan Longsoran Jalan Loa Tebu Sebulu,LPSE KABUPATEN KUTAI KARTANEGARA,PT. ADHIYASA DESICON,Tidak Menghadiri Pembuktian,,0,
4633198,Perencanaan Teknis Penanganan Longsoran Jalan Loa Tebu Sebulu,LPSE KABUPATEN KUTAI KARTANEGARA,CV. WAHANA CAHAYA KONSULTAN,Tidak Menghadiri Pembuktian,,0,
4633198,Perencanaan Teknis Penanganan Longsoran Jalan Loa Tebu Sebulu,LPSE KABUPATEN KUTAI KARTANEGARA,PT. HARI PERDANA KONSULTAN,Tidak Menghadiri Pembuktian,,0,
4633198,Perencanaan Teknis Penanganan Longsoran Jalan Loa Tebu Sebulu,LPSE KABUPATEN KUTAI KARTANEGARA,PT. BRAMUDA SINERGY,Tidak Menghadiri Pembuktian,,0,
4633198,Perencanaan Teknis Penanganan Longsoran Jalan Loa Tebu Sebulu,LPSE KABUPATEN KUTAI KARTANEGARA,cv. bola mandiri,Tidak Menghadiri Pembuktian,,0,
4633198,Perencanaan Teknis Penanganan Longsoran Jalan Loa Tebu Sebulu,LPSE KABUPATEN KUTAI KARTANEGARA,CV. FASADE UTAMA,Tidak Menghadiri Pembuktian,,0,
4633198,Perencanaan Teknis Penanganan Longsoran Jalan Loa Tebu Sebulu,LPSE KABUPATEN KUTAI KARTANEGARA,PT. NUSA TIARA,Tidak Menghadiri Pembuktian,,0,
4633198,Perencanaan Teknis Penanganan Longsoran Jalan Loa Tebu Sebulu,LPSE KABUPATEN KUTAI KARTANEGARA,CV. JALA SAKTI,Tidak Menghadiri Pembuktian,,0,
4633198,Perencanaan Teknis Penanganan Longsoran Jalan Loa Tebu Sebulu,LPSE KABUPATEN KUTAI KARTANEGARA,CV. AIKA,Tidak Menghadiri Pembuktian,,0,
4633198,Perencanaan Teknis Penanganan Longsoran Jalan Loa Tebu Sebulu,LPSE KABUPATEN KUTAI KARTANEGARA,PT. SYAFITRI PERDANA KONSULTAN,Tidak Menghadiri Pembuktian,,0,
4633198,Perencanaan Teknis Penanganan Longsoran Jalan Loa Tebu Sebulu,LPSE KABUPATEN KUTAI KARTANEGARA,CV. GEOMETRIK PRATAMA KONSULTAN,Tidak Menghadiri Pembuktian,,0,
4633198,Perencanaan Teknis Penanganan Longsoran Jalan Loa Tebu Sebulu,LPSE KABUPATEN KUTAI KARTANEGARA,CV. EXECUTIVE 04 CONSULTANT,Tidak Menghadiri Pembuktian,,0,
4633198,Perencanaan Teknis Penanganan Longsoran Jalan Loa Tebu Sebulu,LPSE KABUPATEN KUTAI KARTANEGARA,PT. BLANTIKA MULTI ENGINEER,Tidak Menghadiri Pembuktian,,0,
4622198,Pengawasan Teknis Peningkatan Jalan Loa Tebu-Sebulu (Bankeu Prov 2014),LPSE KABUPATEN KUTAI KARTANEGARA,PT. HANATA,Pemenang,"77,07",664125000,"77,07"
4622198,Pengawasan Teknis Peningkatan Jalan Loa Tebu-Sebulu (Bankeu Prov 2014),LPSE KABUPATEN KUTAI KARTANEGARA,PT. Gerbangraja Mandiri,Bukan Pemenang,"72,33",667975000,"72,33"
4622198,Pengawasan Teknis Peningkatan Jalan Loa Tebu-Sebulu (Bankeu Prov 2014),LPSE KABUPATEN KUTAI KARTANEGARA,CV. PRIMA JAYA KONSULTAN,Bukan Pemenang,"71,13",686785000,"71,13"
4622198,Pengawasan Teknis Peningkatan Jalan Loa Tebu-Sebulu (Bankeu Prov 2014),LPSE KABUPATEN KUTAI KARTANEGARA,PT. ADHIYASA DESICON,Bukan Pemenang,"69,18",703230000,"69,18"
4622198,Pengawasan Teknis Peningkatan Jalan Loa Tebu-Sebulu (Bankeu Prov 2014),LPSE KABUPATEN KUTAI KARTANEGARA,CV.Trikarya Utama,Tidak Menghadiri Pembuktian,,0,
4622198,Pengawasan Teknis Peningkatan Jalan Loa Tebu-Sebulu (Bankeu Prov 2014),LPSE KABUPATEN KUTAI KARTANEGARA,PT. Teraga Olahrakayasa,Tidak Menghadiri Pembuktian,,0,
4622198,Pengawasan Teknis Peningkatan Jalan Loa Tebu-Sebulu (Bankeu Prov 2014),LPSE KABUPATEN KUTAI KARTANEGARA,PT. AURAMA KARYA KONSULTAN,Tidak dapat membuktikan pengalaman/kontrak sejenis/sama yang asli atau dileges oleh instansi terkait,,0,
4622198,Pengawasan Teknis Peningkatan Jalan Loa Tebu-Sebulu (Bankeu Prov 2014),LPSE KABUPATEN KUTAI KARTANEGARA,PT. ABDI SATRIA BHUMI,Tidak menghadiri pembuktian kualifikasi,,0,
4622198,Pengawasan Teknis Peningkatan Jalan Loa Tebu-Sebulu (Bankeu Prov 2014),LPSE KABUPATEN KUTAI KARTANEGARA,CV. KALTICONS DESAIN,Tidak menghadiri pembuktian kualifikasi,,0,
4622198,Pengawasan Teknis Peningkatan Jalan Loa Tebu-Sebulu (Bankeu Prov 2014),LPSE KABUPATEN KUTAI KARTANEGARA,CV. BUANA ENGINEERING CONSULTANT,Tidak Menghadiri Pembuktian,,0,
4622198,Pengawasan Teknis Peningkatan Jalan Loa Tebu-Sebulu (Bankeu Prov 2014),LPSE KABUPATEN KUTAI KARTANEGARA,PT. ARISTA GEMILANG KONSULINDO,Tidak Menghadiri Pembuktian,,0,
4622198,Pengawasan Teknis Peningkatan Jalan Loa Tebu-Sebulu (Bankeu Prov 2014),LPSE KABUPATEN KUTAI KARTANEGARA,PT. NAFA AIRFINDO KONSULTAN,Tidak dapat membuktikan pengalaman/kontrak sejenis/sama yang asli atau dileges oleh instansi terkait,,0,
4622198,Pengawasan Teknis Peningkatan Jalan Loa Tebu-Sebulu (Bankeu Prov 2014),LPSE KABUPATEN KUTAI KARTANEGARA,CV. MUTIARA KARYA CONSULTANT,Tidak menghadiri pembuktian kualifikasi,,0,
4622198,Pengawasan Teknis Peningkatan Jalan Loa Tebu-Sebulu (Bankeu Prov 2014),LPSE KABUPATEN KUTAI KARTANEGARA,PT WASKITA UTAMA,"Tidak dapat membuktikan laporan Pajak PPh Pasal 21, PPh Pasal 23 (apabila ada), PPh Pasal 25 atau Pasal 29 dan PPN bulan Desember 2013 sesuai yang diupload pada SPSE",,0,
4622198,Pengawasan Teknis Peningkatan Jalan Loa Tebu-Sebulu (Bankeu Prov 2014),LPSE KABUPATEN KUTAI KARTANEGARA,PT. SYAFITRI PERDANA KONSULTAN,Tidak menghadiri pembuktian kualifikasi,,0,
4622198,Pengawasan Teknis Peningkatan Jalan Loa Tebu-Sebulu (Bankeu Prov 2014),LPSE KABUPATEN KUTAI KARTANEGARA,PT. ARSS BARU,Tidak Upload Penawaran,,0,
4622198,Pengawasan Teknis Peningkatan Jalan Loa Tebu-Sebulu (Bankeu Prov 2014),LPSE KABUPATEN KUTAI KARTANEGARA,PT. Ganes Engineering Consultant,Tidak upload Penawaran,,0,
4622198,Pengawasan Teknis Peningkatan Jalan Loa Tebu-Sebulu (Bankeu Prov 2014),LPSE KABUPATEN KUTAI KARTANEGARA,CV. Sakti Jaya Consultant,Tidak Menghadiri Pembuktian,,0,
4622198,Pengawasan Teknis Peningkatan Jalan Loa Tebu-Sebulu (Bankeu Prov 2014),LPSE KABUPATEN KUTAI KARTANEGARA,PT. GAGAS ADI BAGASKARA,Bukan Pemenang,,0,
4622198,Pengawasan Teknis Peningkatan Jalan Loa Tebu-Sebulu (Bankeu Prov 2014),LPSE KABUPATEN KUTAI KARTANEGARA,PT.BIOSFERA WIDHY ENGINEERING,Tidak Menghadiri Pembuktian,,0,
4622198,Pengawasan Teknis Peningkatan Jalan Loa Tebu-Sebulu (Bankeu Prov 2014),LPSE KABUPATEN KUTAI KARTANEGARA,CV. TRI JAYA MANDIRI KONSULTAN,Tidak menghadiri pembuktian kualifikasi,,0,
4622198,Pengawasan Teknis Peningkatan Jalan Loa Tebu-Sebulu (Bankeu Prov 2014),LPSE KABUPATEN KUTAI KARTANEGARA,CV. CITRA KOTA CONSULT,Tidak menghadiri pembuktian kualifikasi,,0,
4622198,Pengawasan Teknis Peningkatan Jalan Loa Tebu-Sebulu (Bankeu Prov 2014),LPSE KABUPATEN KUTAI KARTANEGARA,PT. BIKONAR PERDANA,Tidak Menghadiri Pembuktian,,0,
4622198,Pengawasan Teknis Peningkatan Jalan Loa Tebu-Sebulu (Bankeu Prov 2014),LPSE KABUPATEN KUTAI KARTANEGARA,CV. GEOMETRIK PRATAMA KONSULTAN,Tidak Menghadiri Pembuktian,,0,
4622198,Pengawasan Teknis Peningkatan Jalan Loa Tebu-Sebulu (Bankeu Prov 2014),LPSE KABUPATEN KUTAI KARTANEGARA,PT. BRAMUDA SINERGY,Tidak Menghadiri Pembuktian,,0,
4622198,Pengawasan Teknis Peningkatan Jalan Loa Tebu-Sebulu (Bankeu Prov 2014),LPSE KABUPATEN KUTAI KARTANEGARA,cv.ilham poetra,Tidak Menghadiri Pembuktian,,0,
4622198,Pengawasan Teknis Peningkatan Jalan Loa Tebu-Sebulu (Bankeu Prov 2014),LPSE KABUPATEN KUTAI KARTANEGARA,PT. QORINA KONSULTAN INDONESIA,Tidak Menghadiri Pembuktian,,0,
4622198,Pengawasan Teknis Peningkatan Jalan Loa Tebu-Sebulu (Bankeu Prov 2014),LPSE KABUPATEN KUTAI KARTANEGARA,PT. JASINDO KONSULT NEC,Tidak Menghadiri Pembuktian,,0,
4622198,Pengawasan Teknis Peningkatan Jalan Loa Tebu-Sebulu (Bankeu Prov 2014),LPSE KABUPATEN KUTAI KARTANEGARA,PT. HARI PERDANA KONSULTAN,Tidak Menghadiri Pembuktian,,0,
4622198,Pengawasan Teknis Peningkatan Jalan Loa Tebu-Sebulu (Bankeu Prov 2014),LPSE KABUPATEN KUTAI KARTANEGARA,CV. DARMA CITRA UTAMA,Tidak Menghadiri Pembuktian,,0,
4622198,Pengawasan Teknis Peningkatan Jalan Loa Tebu-Sebulu (Bankeu Prov 2014),LPSE KABUPATEN KUTAI KARTANEGARA,CV. EMWE BERSAUDARA,Tidak Menghadiri Pembuktian,,0,
4622198,Pengawasan Teknis Peningkatan Jalan Loa Tebu-Sebulu (Bankeu Prov 2014),LPSE KABUPATEN KUTAI KARTANEGARA,PT. MAHAKAM PERSADA,Tidak Menghadiri Pembuktian,,0,
4622198,Pengawasan Teknis Peningkatan Jalan Loa Tebu-Sebulu (Bankeu Prov 2014),LPSE KABUPATEN KUTAI KARTANEGARA,CV. ORDO TEKNIK KONSULTAN,Tidak Menghadiri Pembuktian,,0,
4622198,Pengawasan Teknis Peningkatan Jalan Loa Tebu-Sebulu (Bankeu Prov 2014),LPSE KABUPATEN KUTAI KARTANEGARA,PT. BLANTIKA MULTI ENGINEER,Tidak Menghadiri Pembuktian,,0,
4622198,Pengawasan Teknis Peningkatan Jalan Loa Tebu-Sebulu (Bankeu Prov 2014),LPSE KABUPATEN KUTAI KARTANEGARA,CV. EXECUTIVE 04 CONSULTANT,Tidak Menghadiri Pembuktian,,0,
4731198,Pengawasan Teknis Lanjutan Pembangunan Jalan Desa Bunga Jadi Kec. Muara Kaman,LPSE KABUPATEN KUTAI KARTANEGARA,PT.BIOSFERA WIDHY ENGINEERING,Bukan Pemenang,,128920000,
4731198,Pengawasan Teknis Lanjutan Pembangunan Jalan Desa Bunga Jadi Kec. Muara Kaman,LPSE KABUPATEN KUTAI KARTANEGARA,PARIGRAHA KONSULTAN,Pemenang,"84,41",420970000,"84,41"
4731198,Pengawasan Teknis Lanjutan Pembangunan Jalan Desa Bunga Jadi Kec. Muara Kaman,LPSE KABUPATEN KUTAI KARTANEGARA,CV.Trikarya Utama,Bukan Pemenang,"79,65",460625000,"79,65"
4731198,Pengawasan Teknis Lanjutan Pembangunan Jalan Desa Bunga Jadi Kec. Muara Kaman,LPSE KABUPATEN KUTAI KARTANEGARA,PT. BRAMUDA SINERGY,Bukan Pemenang,"79,71",502755000,"79,71"
4731198,Pengawasan Teknis Lanjutan Pembangunan Jalan Desa Bunga Jadi Kec. Muara Kaman,LPSE KABUPATEN KUTAI KARTANEGARA,PT. Gerbangraja Mandiri,Bukan Pemenang,"66,59",503360000,"66,59"
4731198,Pengawasan Teknis Lanjutan Pembangunan Jalan Desa Bunga Jadi Kec. Muara Kaman,LPSE KABUPATEN KUTAI KARTANEGARA,PT. BIKONAR PERDANA,Bukan Pemenang,"70,61",514360000,"70,61"
4731198,Pengawasan Teknis Lanjutan Pembangunan Jalan Desa Bunga Jadi Kec. Muara Kaman,LPSE KABUPATEN KUTAI KARTANEGARA,PT. Teraga Olahrakayasa,Tidak Melengkapi Persyaratan Kualifikasi/Tidak Diundang,,0,
4731198,Pengawasan Teknis Lanjutan Pembangunan Jalan Desa Bunga Jadi Kec. Muara Kaman,LPSE KABUPATEN KUTAI KARTANEGARA,CV. Sakti Jaya Consultant,"Gugur, Tidak Hadir Pembuktian Kualifikasi",,0,
4731198,Pengawasan Teknis Lanjutan Pembangunan Jalan Desa Bunga Jadi Kec. Muara Kaman,LPSE KABUPATEN KUTAI KARTANEGARA,TEKNIKA KARYA KONSULTAN,Tidak Masuk Daftar Pendek,,0,
4731198,Pengawasan Teknis Lanjutan Pembangunan Jalan Desa Bunga Jadi Kec. Muara Kaman,LPSE KABUPATEN KUTAI KARTANEGARA,PT. BINTANG TIRTA PRATAMA,"Gugur, Tidak Hadir Pembuktian Kualifikasi",,0,
4731198,Pengawasan Teknis Lanjutan Pembangunan Jalan Desa Bunga Jadi Kec. Muara Kaman,LPSE KABUPATEN KUTAI KARTANEGARA,PT. MARANNU MARAYA MAINDAN,"Gugur, Tidak Hadir Pembuktian Kualifikasi",,0,
4731198,Pengawasan Teknis Lanjutan Pembangunan Jalan Desa Bunga Jadi Kec. Muara Kaman,LPSE KABUPATEN KUTAI KARTANEGARA,PT.CIDIACH KARYA NUSANTARA,"Gugur, Tidak Hadir Pembuktian Kualifikasi",,0,
4731198,Pengawasan Teknis Lanjutan Pembangunan Jalan Desa Bunga Jadi Kec. Muara Kaman,LPSE KABUPATEN KUTAI KARTANEGARA,CV. VISTAPLAN'79 CONSULTANT,"Gugur, Tidak Hadir Pembuktian Kualifikasi",,0,
4731198,Pengawasan Teknis Lanjutan Pembangunan Jalan Desa Bunga Jadi Kec. Muara Kaman,LPSE KABUPATEN KUTAI KARTANEGARA,CV. RASYA ALBAR CONSULTANT,"Gugur, Tidak Hadir Pembuktian Kualifikasi",,0,
4731198,Pengawasan Teknis Lanjutan Pembangunan Jalan Desa Bunga Jadi Kec. Muara Kaman,LPSE KABUPATEN KUTAI KARTANEGARA,CV. Sawi Mahakam Consultant,"Gugur, Tidak Hadir Pembuktian Kualifikasi",,0,
4731198,Pengawasan Teknis Lanjutan Pembangunan Jalan Desa Bunga Jadi Kec. Muara Kaman,LPSE KABUPATEN KUTAI KARTANEGARA,CV. MATRIX CONSULTANT,"Gugur, Tidak Hadir Pembuktian Kualifikasi",,0,
4731198,Pengawasan Teknis Lanjutan Pembangunan Jalan Desa Bunga Jadi Kec. Muara Kaman,LPSE KABUPATEN KUTAI KARTANEGARA,PT. GEMILANG SURYA INTI,Tidak Masuk Daftar Pendek,,0,
4731198,Pengawasan Teknis Lanjutan Pembangunan Jalan Desa Bunga Jadi Kec. Muara Kaman,LPSE KABUPATEN KUTAI KARTANEGARA,PT. GAGAS ADI BAGASKARA,"Gugur, Tidak Hadir Pembuktian Kualifikasi",,0,
4731198,Pengawasan Teknis Lanjutan Pembangunan Jalan Desa Bunga Jadi Kec. Muara Kaman,LPSE KABUPATEN KUTAI KARTANEGARA,PT. RANCANG PERSADA,Bukan Pemenang,,0,
4731198,Pengawasan Teknis Lanjutan Pembangunan Jalan Desa Bunga Jadi Kec. Muara Kaman,LPSE KABUPATEN KUTAI KARTANEGARA,CV. NINDIRA,Tidak Melengkapi Persyaratan Kualifikasi/Tidak Diundang,,0,
4731198,Pengawasan Teknis Lanjutan Pembangunan Jalan Desa Bunga Jadi Kec. Muara Kaman,LPSE KABUPATEN KUTAI KARTANEGARA,CV. DINAMIKA RAYA,Tidak Masuk Daftar Pendek,,0,
4731198,Pengawasan Teknis Lanjutan Pembangunan Jalan Desa Bunga Jadi Kec. Muara Kaman,LPSE KABUPATEN KUTAI KARTANEGARA,PT. JASINDO KONSULT NEC,Tidak Melengkapi Persyaratan Kualifikasi/Tidak Diundang,,0,
4731198,Pengawasan Teknis Lanjutan Pembangunan Jalan Desa Bunga Jadi Kec. Muara Kaman,LPSE KABUPATEN KUTAI KARTANEGARA,CV. EXECUTIVE 04 CONSULTANT,"Gugur, Tidak Hadir Pembuktian Kualifikasi",,0,
4731198,Pengawasan Teknis Lanjutan Pembangunan Jalan Desa Bunga Jadi Kec. Muara Kaman,LPSE KABUPATEN KUTAI KARTANEGARA,CV. JALA SAKTI,Tidak Masuk Daftar Pendek,,0,
4731198,Pengawasan Teknis Lanjutan Pembangunan Jalan Desa Bunga Jadi Kec. Muara Kaman,LPSE KABUPATEN KUTAI KARTANEGARA,CV. PRIMA JAYA KONSULTAN,Tidak Menghadiri Pembuktian,,0,
4731198,Pengawasan Teknis Lanjutan Pembangunan Jalan Desa Bunga Jadi Kec. Muara Kaman,LPSE KABUPATEN KUTAI KARTANEGARA,cv.ar-rozaq,Tidak Menghadiri Pembuktian,,0,
4731198,Pengawasan Teknis Lanjutan Pembangunan Jalan Desa Bunga Jadi Kec. Muara Kaman,LPSE KABUPATEN KUTAI KARTANEGARA,CV. Pilar Nusantara Consultant,Tidak Menghadiri Pembuktian,,0,
4731198,Pengawasan Teknis Lanjutan Pembangunan Jalan Desa Bunga Jadi Kec. Muara Kaman,LPSE KABUPATEN KUTAI KARTANEGARA,CV. PATOYA INDAH,Tidak Menghadiri Pembuktian,,0,
4731198,Pengawasan Teknis Lanjutan Pembangunan Jalan Desa Bunga Jadi Kec. Muara Kaman,LPSE KABUPATEN KUTAI KARTANEGARA,CV Abico Engineering,Tidak Menghadiri Pembuktian,,0,
4731198,Pengawasan Teknis Lanjutan Pembangunan Jalan Desa Bunga Jadi Kec. Muara Kaman,LPSE KABUPATEN KUTAI KARTANEGARA,CV. Inti Citra Pelangi,Tidak Menghadiri Pembuktian,,0,
4731198,Pengawasan Teknis Lanjutan Pembangunan Jalan Desa Bunga Jadi Kec. Muara Kaman,LPSE KABUPATEN KUTAI KARTANEGARA,PT. ASA DESAIN,Tidak Menghadiri Pembuktian,,0,
4731198,Pengawasan Teknis Lanjutan Pembangunan Jalan Desa Bunga Jadi Kec. Muara Kaman,LPSE KABUPATEN KUTAI KARTANEGARA,CV. JEVA UTAMA KONSULINDO,Tidak Menghadiri Pembuktian,,0,
4731198,Pengawasan Teknis Lanjutan Pembangunan Jalan Desa Bunga Jadi Kec. Muara Kaman,LPSE KABUPATEN KUTAI KARTANEGARA,CV. TRI JAYA MANDIRI KONSULTAN,Tidak Menghadiri Pembuktian,,0,
4731198,Pengawasan Teknis Lanjutan Pembangunan Jalan Desa Bunga Jadi Kec. Muara Kaman,LPSE KABUPATEN KUTAI KARTANEGARA,CV. Intishar Karya,Tidak Menghadiri Pembuktian,,0,
4731198,Pengawasan Teknis Lanjutan Pembangunan Jalan Desa Bunga Jadi Kec. Muara Kaman,LPSE KABUPATEN KUTAI KARTANEGARA,PT. ARCI PRATAMA KONSULTAN,Tidak Menghadiri Pembuktian,,0,
4731198,Pengawasan Teknis Lanjutan Pembangunan Jalan Desa Bunga Jadi Kec. Muara Kaman,LPSE KABUPATEN KUTAI KARTANEGARA,TENGKONINDO TEKNIK GEOSPASIAL,Tidak Menghadiri Pembuktian,,0,
4731198,Pengawasan Teknis Lanjutan Pembangunan Jalan Desa Bunga Jadi Kec. Muara Kaman,LPSE KABUPATEN KUTAI KARTANEGARA,CV. APO KHAYAN CONSULTANT,Tidak Menghadiri Pembuktian,,0,
4731198,Pengawasan Teknis Lanjutan Pembangunan Jalan Desa Bunga Jadi Kec. Muara Kaman,LPSE KABUPATEN KUTAI KARTANEGARA,PT. ARISTA GEMILANG KONSULINDO,Tidak Menghadiri Pembuktian,,0,
4731198,Pengawasan Teknis Lanjutan Pembangunan Jalan Desa Bunga Jadi Kec. Muara Kaman,LPSE KABUPATEN KUTAI KARTANEGARA,CV. MUTIARA KARYA CONSULTANT,Tidak Menghadiri Pembuktian,,0,
4731198,Pengawasan Teknis Lanjutan Pembangunan Jalan Desa Bunga Jadi Kec. Muara Kaman,LPSE KABUPATEN KUTAI KARTANEGARA,CV. CITRA KOTA CONSULT,Tidak Menghadiri Pembuktian,,0,
4731198,Pengawasan Teknis Lanjutan Pembangunan Jalan Desa Bunga Jadi Kec. Muara Kaman,LPSE KABUPATEN KUTAI KARTANEGARA,cv.karya lisendo,Tidak Menghadiri Pembuktian,,0,
4731198,Pengawasan Teknis Lanjutan Pembangunan Jalan Desa Bunga Jadi Kec. Muara Kaman,LPSE KABUPATEN KUTAI KARTANEGARA,PT. TEKNIKAL GLOBAL KONSULTAN,Tidak Menghadiri Pembuktian,,0,
4731198,Pengawasan Teknis Lanjutan Pembangunan Jalan Desa Bunga Jadi Kec. Muara Kaman,LPSE KABUPATEN KUTAI KARTANEGARA,CV. ASIPLANT CONSULTANT,Tidak Menghadiri Pembuktian,,0,
4602198,Pengawasan Teknis Pembangunan Jembatan Kampung Jahuq Desa Loa Duri Ulu Kec. Loa Janan,LPSE KABUPATEN KUTAI KARTANEGARA,CV.Trikarya Utama,Bukan Pemenang,"73,73",297869000,"73,73"
4602198,Pengawasan Teknis Pembangunan Jembatan Kampung Jahuq Desa Loa Duri Ulu Kec. Loa Janan,LPSE KABUPATEN KUTAI KARTANEGARA,PT. BIKONAR PERDANA,Bukan Pemenang,"77,0",309567000,"77,0"
4602198,Pengawasan Teknis Pembangunan Jembatan Kampung Jahuq Desa Loa Duri Ulu Kec. Loa Janan,LPSE KABUPATEN KUTAI KARTANEGARA,PT. BLANTIKA MULTI ENGINEER,Pemenang,"81,0",316156000,"81,0"
4602198,Pengawasan Teknis Pembangunan Jembatan Kampung Jahuq Desa Loa Duri Ulu Kec. Loa Janan,LPSE KABUPATEN KUTAI KARTANEGARA,PT. ARISTA GEMILANG KONSULINDO,Tidak menghadiri pembuktian kualifikasi,,0,
4602198,Pengawasan Teknis Pembangunan Jembatan Kampung Jahuq Desa Loa Duri Ulu Kec. Loa Janan,LPSE KABUPATEN KUTAI KARTANEGARA,PT. JASINDO KONSULT NEC,Tidak Memenuhi persyaratan Kualifikasi (Gugur),,0,
4602198,Pengawasan Teknis Pembangunan Jembatan Kampung Jahuq Desa Loa Duri Ulu Kec. Loa Janan,LPSE KABUPATEN KUTAI KARTANEGARA,CV. MUTIARA KARYA CONSULTANT,Tidak menghadiri pembuktian kualifikasi,,0,
4602198,Pengawasan Teknis Pembangunan Jembatan Kampung Jahuq Desa Loa Duri Ulu Kec. Loa Janan,LPSE KABUPATEN KUTAI KARTANEGARA,PT. NAFA AIRFINDO KONSULTAN,"Tidak menyampaikan (Upload) penawaran Administrasi, Teknis dan Biaya",,0,
4602198,Pengawasan Teknis Pembangunan Jembatan Kampung Jahuq Desa Loa Duri Ulu Kec. Loa Janan,LPSE KABUPATEN KUTAI KARTANEGARA,CV. ASIPLANT CONSULTANT,Tidak Memenuhi persyaratan Kualifikasi (Gugur),,0,
4602198,Pengawasan Teknis Pembangunan Jembatan Kampung Jahuq Desa Loa Duri Ulu Kec. Loa Janan,LPSE KABUPATEN KUTAI KARTANEGARA,CV. Cremona Teknik Consultant,Tidak Memenuhi persyaratan Kualifikasi (Gugur),,0,
4602198,Pengawasan Teknis Pembangunan Jembatan Kampung Jahuq Desa Loa Duri Ulu Kec. Loa Janan,LPSE KABUPATEN KUTAI KARTANEGARA,PT. AURAMA KARYA KONSULTAN,Tidak menyampaikan (Upload) penawaran Administrasi dan Teknis,,0,
4602198,Pengawasan Teknis Pembangunan Jembatan Kampung Jahuq Desa Loa Duri Ulu Kec. Loa Janan,LPSE KABUPATEN KUTAI KARTANEGARA,PT. Gerbangraja Mandiri,Masa berlaku penawaran kurang dari yang di syaratkan dalam dokumen pemilihan,,0,
4602198,Pengawasan Teknis Pembangunan Jembatan Kampung Jahuq Desa Loa Duri Ulu Kec. Loa Janan,LPSE KABUPATEN KUTAI KARTANEGARA,CV. PRIMA JAYA KONSULTAN,Tidak menghadiri pembuktian kualifikasi,,0,
4602198,Pengawasan Teknis Pembangunan Jembatan Kampung Jahuq Desa Loa Duri Ulu Kec. Loa Janan,LPSE KABUPATEN KUTAI KARTANEGARA,RIMA CIPTA CONSULTANT ( RCC ),Bukan Pemenang,,0,
4602198,Pengawasan Teknis Pembangunan Jembatan Kampung Jahuq Desa Loa Duri Ulu Kec. Loa Janan,LPSE KABUPATEN KUTAI KARTANEGARA,PT. MITRA AGUNG MANUNGGAL,Tidak Memenuhi persyaratan Kualifikasi (Gugur),,0,
4602198,Pengawasan Teknis Pembangunan Jembatan Kampung Jahuq Desa Loa Duri Ulu Kec. Loa Janan,LPSE KABUPATEN KUTAI KARTANEGARA,PT. ANTUSIAS RAYA,Tidak Memenuhi persyaratan Kualifikasi (Gugur),,0,
4602198,Pengawasan Teknis Pembangunan Jembatan Kampung Jahuq Desa Loa Duri Ulu Kec. Loa Janan,LPSE KABUPATEN KUTAI KARTANEGARA,PT. HILMY ANUGERAH,Tidak Memenuhi persyaratan Kualifikasi (Gugur),,0,
4602198,Pengawasan Teknis Pembangunan Jembatan Kampung Jahuq Desa Loa Duri Ulu Kec. Loa Janan,LPSE KABUPATEN KUTAI KARTANEGARA,CV. CITRA KOTA CONSULT,Tidak Memenuhi persyaratan Kualifikasi (Gugur),,0,
4602198,Pengawasan Teknis Pembangunan Jembatan Kampung Jahuq Desa Loa Duri Ulu Kec. Loa Janan,LPSE KABUPATEN KUTAI KARTANEGARA,CV. TRI JAYA MANDIRI KONSULTAN,Tidak Memenuhi persyaratan Kualifikasi (Gugur),,0,
4602198,Pengawasan Teknis Pembangunan Jembatan Kampung Jahuq Desa Loa Duri Ulu Kec. Loa Janan,LPSE KABUPATEN KUTAI KARTANEGARA,PT. MAHAKAM PERSADA,Tidak Memenuhi persyaratan Kualifikasi (Gugur),,0,
4602198,Pengawasan Teknis Pembangunan Jembatan Kampung Jahuq Desa Loa Duri Ulu Kec. Loa Janan,LPSE KABUPATEN KUTAI KARTANEGARA,CV. JALA SAKTI,Tidak Memenuhi persyaratan Kualifikasi (Gugur),,0,
4602198,Pengawasan Teknis Pembangunan Jembatan Kampung Jahuq Desa Loa Duri Ulu Kec. Loa Janan,LPSE KABUPATEN KUTAI KARTANEGARA,PT. Teraga Olahrakayasa,Tidak Menghadiri Pembuktian,,0,
4602198,Pengawasan Teknis Pembangunan Jembatan Kampung Jahuq Desa Loa Duri Ulu Kec. Loa Janan,LPSE KABUPATEN KUTAI KARTANEGARA,CV. DEKON,Tidak Menghadiri Pembuktian,,0,
4602198,Pengawasan Teknis Pembangunan Jembatan Kampung Jahuq Desa Loa Duri Ulu Kec. Loa Janan,LPSE KABUPATEN KUTAI KARTANEGARA,PT. HARI PERDANA KONSULTAN,Tidak Menghadiri Pembuktian,,0,
4602198,Pengawasan Teknis Pembangunan Jembatan Kampung Jahuq Desa Loa Duri Ulu Kec. Loa Janan,LPSE KABUPATEN KUTAI KARTANEGARA,PT. TEKNIKAL GLOBAL KONSULTAN,Tidak Menghadiri Pembuktian,,0,
4602198,Pengawasan Teknis Pembangunan Jembatan Kampung Jahuq Desa Loa Duri Ulu Kec. Loa Janan,LPSE KABUPATEN KUTAI KARTANEGARA,PT.BIOSFERA WIDHY ENGINEERING,Tidak Menghadiri Pembuktian,,0,
4602198,Pengawasan Teknis Pembangunan Jembatan Kampung Jahuq Desa Loa Duri Ulu Kec. Loa Janan,LPSE KABUPATEN KUTAI KARTANEGARA,CV. DIAN CONSULTAN,Tidak Menghadiri Pembuktian,,0,
4602198,Pengawasan Teknis Pembangunan Jembatan Kampung Jahuq Desa Loa Duri Ulu Kec. Loa Janan,LPSE KABUPATEN KUTAI KARTANEGARA,CV. GEOMETRIK PRATAMA KONSULTAN,Tidak Menghadiri Pembuktian,,0,
4602198,Pengawasan Teknis Pembangunan Jembatan Kampung Jahuq Desa Loa Duri Ulu Kec. Loa Janan,LPSE KABUPATEN KUTAI KARTANEGARA,CV. Sakti Jaya Consultant,Tidak Menghadiri Pembuktian,,0,
4602198,Pengawasan Teknis Pembangunan Jembatan Kampung Jahuq Desa Loa Duri Ulu Kec. Loa Janan,LPSE KABUPATEN KUTAI KARTANEGARA,PT. BRAMUDA SINERGY,Tidak Menghadiri Pembuktian,,0,
4602198,Pengawasan Teknis Pembangunan Jembatan Kampung Jahuq Desa Loa Duri Ulu Kec. Loa Janan,LPSE KABUPATEN KUTAI KARTANEGARA,PT. INTIMULYA MULTIKENCANA,Tidak Menghadiri Pembuktian,,0,
4602198,Pengawasan Teknis Pembangunan Jembatan Kampung Jahuq Desa Loa Duri Ulu Kec. Loa Janan,LPSE KABUPATEN KUTAI KARTANEGARA,CV. PLASA DECO ARSIPLAN,Tidak Menghadiri Pembuktian,,0,
4602198,Pengawasan Teknis Pembangunan Jembatan Kampung Jahuq Desa Loa Duri Ulu Kec. Loa Janan,LPSE KABUPATEN KUTAI KARTANEGARA,CV. ORDO TEKNIK KONSULTAN,Tidak Menghadiri Pembuktian,,0,
4604198,Perencanaan Teknis Penanganan Longsor Tenggarong Seberang - Samarinda,LPSE KABUPATEN KUTAI KARTANEGARA,PT. GEMILANG SURYA INTI,Bukan Pemenang,"67,05",261690000,"67,05"
4604198,Perencanaan Teknis Penanganan Longsor Tenggarong Seberang - Samarinda,LPSE KABUPATEN KUTAI KARTANEGARA,CV. REKA KUSUMA BUANA,Bukan Pemenang,"76,96",269087000,"76,96"
4604198,Perencanaan Teknis Penanganan Longsor Tenggarong Seberang - Samarinda,LPSE KABUPATEN KUTAI KARTANEGARA,CV. CIPTA BUANA SEJATI,Pemenang,"84,92",271045000,"84,92"
4604198,Perencanaan Teknis Penanganan Longsor Tenggarong Seberang - Samarinda,LPSE KABUPATEN KUTAI KARTANEGARA,PT. Ganes Engineering Consultant,Bukan Pemenang,"82,77",271353000,"82,77"
4604198,Perencanaan Teknis Penanganan Longsor Tenggarong Seberang - Samarinda,LPSE KABUPATEN KUTAI KARTANEGARA,PT. ARSS BARU,Bukan Pemenang,"69,68",273768000,"69,68"
4604198,Perencanaan Teknis Penanganan Longsor Tenggarong Seberang - Samarinda,LPSE KABUPATEN KUTAI KARTANEGARA,PT. ARISTA GEMILANG KONSULINDO,Tidak Memenuhi persyaratan Kualifikasi (Gugur),,0,
4604198,Perencanaan Teknis Penanganan Longsor Tenggarong Seberang - Samarinda,LPSE KABUPATEN KUTAI KARTANEGARA,CV. PRIMA JAYA KONSULTAN,Tidak Memenuhi persyaratan Kualifikasi (Gugur),,0,
4604198,Perencanaan Teknis Penanganan Longsor Tenggarong Seberang - Samarinda,LPSE KABUPATEN KUTAI KARTANEGARA,PT. NUSA TIARA,Tidak Memenuhi persyaratan Kualifikasi (Gugur),,0,
4604198,Perencanaan Teknis Penanganan Longsor Tenggarong Seberang - Samarinda,LPSE KABUPATEN KUTAI KARTANEGARA,CV KARYA SEJATI,Tidak Masuk daftar pendek,,0,
4604198,Perencanaan Teknis Penanganan Longsor Tenggarong Seberang - Samarinda,LPSE KABUPATEN KUTAI KARTANEGARA,PT. AURAMA KARYA KONSULTAN,Tidak Memenuhi persyaratan Kualifikasi (Gugur),,0,
4604198,Perencanaan Teknis Penanganan Longsor Tenggarong Seberang - Samarinda,LPSE KABUPATEN KUTAI KARTANEGARA,CV. MUTIARA KARYA CONSULTANT,"Tidak menyampaikan (Upload) penawaran Administrasi, Teknis dan Biaya",,0,
4604198,Perencanaan Teknis Penanganan Longsor Tenggarong Seberang - Samarinda,LPSE KABUPATEN KUTAI KARTANEGARA,CV. Cremona Teknik Consultant,Tidak Masuk daftar pendek,,0,
4604198,Perencanaan Teknis Penanganan Longsor Tenggarong Seberang - Samarinda,LPSE KABUPATEN KUTAI KARTANEGARA,PT. BIKONAR PERDANA,Tidak Memenuhi persyaratan Kualifikasi (Gugur),,0,
4604198,Perencanaan Teknis Penanganan Longsor Tenggarong Seberang - Samarinda,LPSE KABUPATEN KUTAI KARTANEGARA,PT. NAFA AIRFINDO KONSULTAN,Tidak Memenuhi persyaratan Kualifikasi (Gugur),,0,
4604198,Perencanaan Teknis Penanganan Longsor Tenggarong Seberang - Samarinda,LPSE KABUPATEN KUTAI KARTANEGARA,CV. REXCONS INDONESIA,Tidak Memenuhi persyaratan Kualifikasi (Gugur),,0,
4604198,Perencanaan Teknis Penanganan Longsor Tenggarong Seberang - Samarinda,LPSE KABUPATEN KUTAI KARTANEGARA,RIMA CIPTA CONSULTANT ( RCC ),"Tidak menyampaikan (Upload) penawaran Administrasi, Teknis dan Biaya",,0,
4604198,Perencanaan Teknis Penanganan Longsor Tenggarong Seberang - Samarinda,LPSE KABUPATEN KUTAI KARTANEGARA,PT. GIRI AWAS,Tidak Memenuhi persyaratan Kualifikasi (Gugur),,0,
4604198,Perencanaan Teknis Penanganan Longsor Tenggarong Seberang - Samarinda,LPSE KABUPATEN KUTAI KARTANEGARA,PT. Gumilang Sajati,Tidak Masuk daftar pendek,,0,
4604198,Perencanaan Teknis Penanganan Longsor Tenggarong Seberang - Samarinda,LPSE KABUPATEN KUTAI KARTANEGARA,CV. RASYA ALBAR CONSULTANT,Tidak Menghadiri Pembuktian,,0,
4604198,Perencanaan Teknis Penanganan Longsor Tenggarong Seberang - Samarinda,LPSE KABUPATEN KUTAI KARTANEGARA,PT. BRAMUDA SINERGY,Tidak Menghadiri Pembuktian,,0,
4604198,Perencanaan Teknis Penanganan Longsor Tenggarong Seberang - Samarinda,LPSE KABUPATEN KUTAI KARTANEGARA,CV. DEKON,Tidak Menghadiri Pembuktian,,0,
4604198,Perencanaan Teknis Penanganan Longsor Tenggarong Seberang - Samarinda,LPSE KABUPATEN KUTAI KARTANEGARA,PT. JASINDO KONSULT NEC,Tidak Menghadiri Pembuktian,,0,
4604198,Perencanaan Teknis Penanganan Longsor Tenggarong Seberang - Samarinda,LPSE KABUPATEN KUTAI KARTANEGARA,PT. TEKNIKAL GLOBAL KONSULTAN,Tidak Menghadiri Pembuktian,,0,
4604198,Perencanaan Teknis Penanganan Longsor Tenggarong Seberang - Samarinda,LPSE KABUPATEN KUTAI KARTANEGARA,PT. BLANTIKA MULTI ENGINEER,Tidak Menghadiri Pembuktian,,0,
4604198,Perencanaan Teknis Penanganan Longsor Tenggarong Seberang - Samarinda,LPSE KABUPATEN KUTAI KARTANEGARA,CV. WAHANA CAHAYA KONSULTAN,Tidak Menghadiri Pembuktian,,0,
4604198,Perencanaan Teknis Penanganan Longsor Tenggarong Seberang - Samarinda,LPSE KABUPATEN KUTAI KARTANEGARA,CV. Sakti Jaya Consultant,Tidak Menghadiri Pembuktian,,0,
4604198,Perencanaan Teknis Penanganan Longsor Tenggarong Seberang - Samarinda,LPSE KABUPATEN KUTAI KARTANEGARA,PT. MEGAPLAN Indoraya Esa,Tidak Menghadiri Pembuktian,,0,
4604198,Perencanaan Teknis Penanganan Longsor Tenggarong Seberang - Samarinda,LPSE KABUPATEN KUTAI KARTANEGARA,CV.Trikarya Utama,Tidak Menghadiri Pembuktian,,0,
4604198,Perencanaan Teknis Penanganan Longsor Tenggarong Seberang - Samarinda,LPSE KABUPATEN KUTAI KARTANEGARA,CV. Sumber Sadra,Tidak Menghadiri Pembuktian,,0,
4604198,Perencanaan Teknis Penanganan Longsor Tenggarong Seberang - Samarinda,LPSE KABUPATEN KUTAI KARTANEGARA,PT. INTIMULYA MULTIKENCANA,Tidak Menghadiri Pembuktian,,0,
4604198,Perencanaan Teknis Penanganan Longsor Tenggarong Seberang - Samarinda,LPSE KABUPATEN KUTAI KARTANEGARA,cv. bola mandiri,Tidak Menghadiri Pembuktian,,0,
4604198,Perencanaan Teknis Penanganan Longsor Tenggarong Seberang - Samarinda,LPSE KABUPATEN KUTAI KARTANEGARA,PT. HARI PERDANA KONSULTAN,Tidak Menghadiri Pembuktian,,0,
4604198,Perencanaan Teknis Penanganan Longsor Tenggarong Seberang - Samarinda,LPSE KABUPATEN KUTAI KARTANEGARA,CV. GEOMETRIK PRATAMA KONSULTAN,Tidak Menghadiri Pembuktian,,0,
4604198,Perencanaan Teknis Penanganan Longsor Tenggarong Seberang - Samarinda,LPSE KABUPATEN KUTAI KARTANEGARA,CV. FASADE UTAMA,Tidak Menghadiri Pembuktian,,0,
4564198,Perencanaan Jembatan III Mangkuraja Kel. Loa Ipuh,LPSE KABUPATEN KUTAI KARTANEGARA,PT. GIRI AWAS,Pemenang,"85,47",409805000,"85,47"
4564198,Perencanaan Jembatan III Mangkuraja Kel. Loa Ipuh,LPSE KABUPATEN KUTAI KARTANEGARA,PT. ARIA GRAHA,Bukan Pemenang,"79,22",419540000,"79,22"
4564198,Perencanaan Jembatan III Mangkuraja Kel. Loa Ipuh,LPSE KABUPATEN KUTAI KARTANEGARA,PT. DAYA CIPTA DIANRANCANA,Bukan Pemenang,"66,89",439065000,"66,89"
4564198,Perencanaan Jembatan III Mangkuraja Kel. Loa Ipuh,LPSE KABUPATEN KUTAI KARTANEGARA,CV KARYA SEJATI,Bukan Pemenang,"71,63",443767000,"71,63"
4564198,Perencanaan Jembatan III Mangkuraja Kel. Loa Ipuh,LPSE KABUPATEN KUTAI KARTANEGARA,PT. ABDI SATRIA BHUMI,"Tidak dapat membuktikan Laporan Pajak bulanan PPN bulan Desember 2013, Januari dan Februari 2014",,0,
4564198,Perencanaan Jembatan III Mangkuraja Kel. Loa Ipuh,LPSE KABUPATEN KUTAI KARTANEGARA,PT. BLANTIKA MULTI ENGINEER,Tidak menghadiri pembuktian kualifikasi,,0,
4564198,Perencanaan Jembatan III Mangkuraja Kel. Loa Ipuh,LPSE KABUPATEN KUTAI KARTANEGARA,PT. JASINDO KONSULT NEC,Tidak menghadiri pembuktian kualifikasi,,0,
4564198,Perencanaan Jembatan III Mangkuraja Kel. Loa Ipuh,LPSE KABUPATEN KUTAI KARTANEGARA,PT.CIDIACH KARYA NUSANTARA,Tidak Menghadiri Pembuktian,,0,
4564198,Perencanaan Jembatan III Mangkuraja Kel. Loa Ipuh,LPSE KABUPATEN KUTAI KARTANEGARA,CV. VISTAPLAN'79 CONSULTANT,Tidak Menghadiri Pembuktian,,0,
4564198,Perencanaan Jembatan III Mangkuraja Kel. Loa Ipuh,LPSE KABUPATEN KUTAI KARTANEGARA,PT. INTIMULYA MULTIKENCANA,Tidak menghadiri pembuktian kualifikasi,,0,
4564198,Perencanaan Jembatan III Mangkuraja Kel. Loa Ipuh,LPSE KABUPATEN KUTAI KARTANEGARA,CV. RASYA ALBAR CONSULTANT,Tidak menghadiri pembuktian kualifikasi,,0,
4564198,Perencanaan Jembatan III Mangkuraja Kel. Loa Ipuh,LPSE KABUPATEN KUTAI KARTANEGARA,CV. MUTIARA KARYA CONSULTANT,Gugur Administrasi,,0,
4564198,Perencanaan Jembatan III Mangkuraja Kel. Loa Ipuh,LPSE KABUPATEN KUTAI KARTANEGARA,PT. GEMILANG SURYA INTI,Tidak dapat membuktikan kontrak yang asli/leges,,0,
4564198,Perencanaan Jembatan III Mangkuraja Kel. Loa Ipuh,LPSE KABUPATEN KUTAI KARTANEGARA,PT. Teraga Olahrakayasa,Tidak Menghadiri Pembuktian,,0,
4564198,Perencanaan Jembatan III Mangkuraja Kel. Loa Ipuh,LPSE KABUPATEN KUTAI KARTANEGARA,PT. HEGAR DAYA,Tidak menghadiri pembuktian kualifikasi,,0,
4564198,Perencanaan Jembatan III Mangkuraja Kel. Loa Ipuh,LPSE KABUPATEN KUTAI KARTANEGARA,CV. CIPTA BUANA SEJATI,Tidak Menghadiri Pembuktian,,0,
4564198,Perencanaan Jembatan III Mangkuraja Kel. Loa Ipuh,LPSE KABUPATEN KUTAI KARTANEGARA,CV. REKA KUSUMA BUANA,Tidak Mengupload Dokumen Penawaran,,0,
4564198,Perencanaan Jembatan III Mangkuraja Kel. Loa Ipuh,LPSE KABUPATEN KUTAI KARTANEGARA,PT. NAFA AIRFINDO KONSULTAN,Tidak Menghadiri Pembuktian,,0,
4564198,Perencanaan Jembatan III Mangkuraja Kel. Loa Ipuh,LPSE KABUPATEN KUTAI KARTANEGARA,CV. MATRIX CONSULTANT,Tidak Menghadiri Pembuktian,,0,
4564198,Perencanaan Jembatan III Mangkuraja Kel. Loa Ipuh,LPSE KABUPATEN KUTAI KARTANEGARA,CV. Cremona Teknik Consultant,Tidak Mengupload Dokumen Penawaran,,0,
4564198,Perencanaan Jembatan III Mangkuraja Kel. Loa Ipuh,LPSE KABUPATEN KUTAI KARTANEGARA,RIMA CIPTA CONSULTANT ( RCC ),Gugur Administrasi,,0,
4564198,Perencanaan Jembatan III Mangkuraja Kel. Loa Ipuh,LPSE KABUPATEN KUTAI KARTANEGARA,CV. DEKON,Tidak menghadiri pembuktian kualifikasi,,0,
4564198,Perencanaan Jembatan III Mangkuraja Kel. Loa Ipuh,LPSE KABUPATEN KUTAI KARTANEGARA,PT. INDOKONSUL CITRAMANDIRI,Tidak Menghadiri Pembuktian,,0,
4564198,Perencanaan Jembatan III Mangkuraja Kel. Loa Ipuh,LPSE KABUPATEN KUTAI KARTANEGARA,PT. AURAMA KARYA KONSULTAN,Tidak Mengupload Dokumen Penawaran Administrasi dan Teknis,,0,
4564198,Perencanaan Jembatan III Mangkuraja Kel. Loa Ipuh,LPSE KABUPATEN KUTAI KARTANEGARA,PT. MITRA AGUNG MANUNGGAL,Gugur Administrasi,,0,
4564198,Perencanaan Jembatan III Mangkuraja Kel. Loa Ipuh,LPSE KABUPATEN KUTAI KARTANEGARA,CV.DIAN CAHAYA,Tidak Menghadiri Pembuktian,,0,
4564198,Perencanaan Jembatan III Mangkuraja Kel. Loa Ipuh,LPSE KABUPATEN KUTAI KARTANEGARA,CV. Sumber Sadra,Tidak Menghadiri Pembuktian,,0,
4564198,Perencanaan Jembatan III Mangkuraja Kel. Loa Ipuh,LPSE KABUPATEN KUTAI KARTANEGARA,CV. PRIMA JAYA KONSULTAN,Tidak Menghadiri Pembuktian,,0,
4564198,Perencanaan Jembatan III Mangkuraja Kel. Loa Ipuh,LPSE KABUPATEN KUTAI KARTANEGARA,CV. Sakti Jaya Consultant,Tidak Menghadiri Pembuktian,,0,
4564198,Perencanaan Jembatan III Mangkuraja Kel. Loa Ipuh,LPSE KABUPATEN KUTAI KARTANEGARA,PT. ARISTA GEMILANG KONSULINDO,Tidak Menghadiri Pembuktian,,0,
4564198,Perencanaan Jembatan III Mangkuraja Kel. Loa Ipuh,LPSE KABUPATEN KUTAI KARTANEGARA,PT. HARI PERDANA KONSULTAN,Tidak Menghadiri Pembuktian,,0,
4564198,Perencanaan Jembatan III Mangkuraja Kel. Loa Ipuh,LPSE KABUPATEN KUTAI KARTANEGARA,PT. ASA DESAIN,Tidak Menghadiri Pembuktian,,0,
4564198,Perencanaan Jembatan III Mangkuraja Kel. Loa Ipuh,LPSE KABUPATEN KUTAI KARTANEGARA,PT.BIOSFERA WIDHY ENGINEERING,Tidak Menghadiri Pembuktian,,0,
4564198,Perencanaan Jembatan III Mangkuraja Kel. Loa Ipuh,LPSE KABUPATEN KUTAI KARTANEGARA,CV. Intishar Karya,Tidak Menghadiri Pembuktian,,0,
4564198,Perencanaan Jembatan III Mangkuraja Kel. Loa Ipuh,LPSE KABUPATEN KUTAI KARTANEGARA,CV. GEOMETRIK PRATAMA KONSULTAN,Tidak Menghadiri Pembuktian,,0,
4564198,Perencanaan Jembatan III Mangkuraja Kel. Loa Ipuh,LPSE KABUPATEN KUTAI KARTANEGARA,PT. PUTRA GALUNGGUNG MANDIRI,Tidak Menghadiri Pembuktian,,0,
4564198,Perencanaan Jembatan III Mangkuraja Kel. Loa Ipuh,LPSE KABUPATEN KUTAI KARTANEGARA,PT. Ganes Engineering Consultant,Tidak Menghadiri Pembuktian,,0,
4564198,Perencanaan Jembatan III Mangkuraja Kel. Loa Ipuh,LPSE KABUPATEN KUTAI KARTANEGARA,PT. TEKNIKAL GLOBAL KONSULTAN,Tidak Menghadiri Pembuktian,,0,
4564198,Perencanaan Jembatan III Mangkuraja Kel. Loa Ipuh,LPSE KABUPATEN KUTAI KARTANEGARA,CV. WAHANA CAHAYA KONSULTAN,Tidak Menghadiri Pembuktian,,0,
4564198,Perencanaan Jembatan III Mangkuraja Kel. Loa Ipuh,LPSE KABUPATEN KUTAI KARTANEGARA,PT. ARSS BARU,Tidak Menghadiri Pembuktian,,0,
4564198,Perencanaan Jembatan III Mangkuraja Kel. Loa Ipuh,LPSE KABUPATEN KUTAI KARTANEGARA,CV. DIAN CONSULTAN,Tidak Menghadiri Pembuktian,,0,
4564198,Perencanaan Jembatan III Mangkuraja Kel. Loa Ipuh,LPSE KABUPATEN KUTAI KARTANEGARA,PT. MEGAPLAN Indoraya Esa,Tidak Menghadiri Pembuktian,,0,
4564198,Perencanaan Jembatan III Mangkuraja Kel. Loa Ipuh,LPSE KABUPATEN KUTAI KARTANEGARA,PT. Nadjamurti Perkasa,Tidak Menghadiri Pembuktian,,0,
4564198,Perencanaan Jembatan III Mangkuraja Kel. Loa Ipuh,LPSE KABUPATEN KUTAI KARTANEGARA,PT. ADHIYASA DESICON,Tidak Menghadiri Pembuktian,,0,
4564198,Perencanaan Jembatan III Mangkuraja Kel. Loa Ipuh,LPSE KABUPATEN KUTAI KARTANEGARA,PT. BRAMUDA SINERGY,Tidak Menghadiri Pembuktian,,0,
4592198,Perencanaan Rehab Berat Pelabuhan Nelayan Desa Muara Badak Ulu Seleksi Ulang,LPSE KABUPATEN KUTAI KARTANEGARA,PT.TEMA KARYA MANDIRI,Bukan Pemenang,"83,44",201300000,"83,44"
4592198,Perencanaan Rehab Berat Pelabuhan Nelayan Desa Muara Badak Ulu Seleksi Ulang,LPSE KABUPATEN KUTAI KARTANEGARA,PT. Multi Kharisma Guna Karya,Pemenang,"86,63",210650000,"86,63"
4592198,Perencanaan Rehab Berat Pelabuhan Nelayan Desa Muara Badak Ulu Seleksi Ulang,LPSE KABUPATEN KUTAI KARTANEGARA,CV. Sakti Jaya Consultant,Bukan Pemenang,"71,53",222942500,"71,53"
4592198,Perencanaan Rehab Berat Pelabuhan Nelayan Desa Muara Badak Ulu Seleksi Ulang,LPSE KABUPATEN KUTAI KARTANEGARA,CV. REXCONS INDONESIA,Tidak Upload Dokumen Penawaran administasi dan Teknis,,0,
4592198,Perencanaan Rehab Berat Pelabuhan Nelayan Desa Muara Badak Ulu Seleksi Ulang,LPSE KABUPATEN KUTAI KARTANEGARA,PT. NUSA TIARA,"Lulus, Tidak diundang",,0,
4592198,Perencanaan Rehab Berat Pelabuhan Nelayan Desa Muara Badak Ulu Seleksi Ulang,LPSE KABUPATEN KUTAI KARTANEGARA,PT. BLANTIKA MULTI ENGINEER,Tidak hadir pembuktian Kualifikasi,,0,
4592198,Perencanaan Rehab Berat Pelabuhan Nelayan Desa Muara Badak Ulu Seleksi Ulang,LPSE KABUPATEN KUTAI KARTANEGARA,PT. TEKNIKAL GLOBAL KONSULTAN,Tidak hadir pembuktian Kualifikasi,,0,
4592198,Perencanaan Rehab Berat Pelabuhan Nelayan Desa Muara Badak Ulu Seleksi Ulang,LPSE KABUPATEN KUTAI KARTANEGARA,CV. RASYA ALBAR CONSULTANT,Tidak hadir pembuktian Kualifikasi,,0,
4592198,Perencanaan Rehab Berat Pelabuhan Nelayan Desa Muara Badak Ulu Seleksi Ulang,LPSE KABUPATEN KUTAI KARTANEGARA,PT. ARISTA GEMILANG KONSULINDO,"Lulus, Tidak diundang",,0,
4592198,Perencanaan Rehab Berat Pelabuhan Nelayan Desa Muara Badak Ulu Seleksi Ulang,LPSE KABUPATEN KUTAI KARTANEGARA,CV. MUTIARA KARYA CONSULTANT,Tidak Upload Dokumen Penawaran administasi dan Teknis,,0,
4592198,Perencanaan Rehab Berat Pelabuhan Nelayan Desa Muara Badak Ulu Seleksi Ulang,LPSE KABUPATEN KUTAI KARTANEGARA,CV. GLOTUS KONSULTAN,Surat Penawaran tidak Ada,,0,
4592198,Perencanaan Rehab Berat Pelabuhan Nelayan Desa Muara Badak Ulu Seleksi Ulang,LPSE KABUPATEN KUTAI KARTANEGARA,CV. FASADE UTAMA,Bukan Pemenang,,0,
4592198,Perencanaan Rehab Berat Pelabuhan Nelayan Desa Muara Badak Ulu Seleksi Ulang,LPSE KABUPATEN KUTAI KARTANEGARA,PT. BINA SARANA EKATAMA,"Lulus, Tidak diundang",,0,
4592198,Perencanaan Rehab Berat Pelabuhan Nelayan Desa Muara Badak Ulu Seleksi Ulang,LPSE KABUPATEN KUTAI KARTANEGARA,CV. CIPTA KREASI KONSULTAN,Tidak Menghadiri Pembuktian,,0,
4592198,Perencanaan Rehab Berat Pelabuhan Nelayan Desa Muara Badak Ulu Seleksi Ulang,LPSE KABUPATEN KUTAI KARTANEGARA,CV. TRI JAYA MANDIRI KONSULTAN,Tidak Menghadiri Pembuktian,,0,
4592198,Perencanaan Rehab Berat Pelabuhan Nelayan Desa Muara Badak Ulu Seleksi Ulang,LPSE KABUPATEN KUTAI KARTANEGARA,PT. ASA DESAIN,Tidak Menghadiri Pembuktian,,0,
4592198,Perencanaan Rehab Berat Pelabuhan Nelayan Desa Muara Badak Ulu Seleksi Ulang,LPSE KABUPATEN KUTAI KARTANEGARA,CV. Intishar Karya,Tidak Menghadiri Pembuktian,,0,
4592198,Perencanaan Rehab Berat Pelabuhan Nelayan Desa Muara Badak Ulu Seleksi Ulang,LPSE KABUPATEN KUTAI KARTANEGARA,PT. GIRI AWAS,Tidak Menghadiri Pembuktian,,0,
4592198,Perencanaan Rehab Berat Pelabuhan Nelayan Desa Muara Badak Ulu Seleksi Ulang,LPSE KABUPATEN KUTAI KARTANEGARA,CV. Cremona Teknik Consultant,Tidak Menghadiri Pembuktian,,0,
4592198,Perencanaan Rehab Berat Pelabuhan Nelayan Desa Muara Badak Ulu Seleksi Ulang,LPSE KABUPATEN KUTAI KARTANEGARA,PT. BIOLA TEKNIK INDONESIA,Tidak Menghadiri Pembuktian,,0,
4592198,Perencanaan Rehab Berat Pelabuhan Nelayan Desa Muara Badak Ulu Seleksi Ulang,LPSE KABUPATEN KUTAI KARTANEGARA,cv.fantastic four,Tidak Menghadiri Pembuktian,,0,
4592198,Perencanaan Rehab Berat Pelabuhan Nelayan Desa Muara Badak Ulu Seleksi Ulang,LPSE KABUPATEN KUTAI KARTANEGARA,CV. AUREL PRATAMA KARYA KONSULTAN,Tidak Menghadiri Pembuktian,,0,
4592198,Perencanaan Rehab Berat Pelabuhan Nelayan Desa Muara Badak Ulu Seleksi Ulang,LPSE KABUPATEN KUTAI KARTANEGARA,PT. Mitrakawasa Konsulindo,Tidak Menghadiri Pembuktian,,0,
4592198,Perencanaan Rehab Berat Pelabuhan Nelayan Desa Muara Badak Ulu Seleksi Ulang,LPSE KABUPATEN KUTAI KARTANEGARA,PT. NAFA AIRFINDO KONSULTAN,Tidak Menghadiri Pembuktian,,0,
4592198,Perencanaan Rehab Berat Pelabuhan Nelayan Desa Muara Badak Ulu Seleksi Ulang,LPSE KABUPATEN KUTAI KARTANEGARA,CV. DIAN CONSULTAN,Tidak Menghadiri Pembuktian,,0,
4592198,Perencanaan Rehab Berat Pelabuhan Nelayan Desa Muara Badak Ulu Seleksi Ulang,LPSE KABUPATEN KUTAI KARTANEGARA,CV. REFITA NUR KONSULTAN,Tidak Menghadiri Pembuktian,,0,
4592198,Perencanaan Rehab Berat Pelabuhan Nelayan Desa Muara Badak Ulu Seleksi Ulang,LPSE KABUPATEN KUTAI KARTANEGARA,PT. MAHAKAM PERSADA,Tidak Menghadiri Pembuktian,,0,
4592198,Perencanaan Rehab Berat Pelabuhan Nelayan Desa Muara Badak Ulu Seleksi Ulang,LPSE KABUPATEN KUTAI KARTANEGARA,CV. Sumber Sadra,Tidak Menghadiri Pembuktian,,0,
4592198,Perencanaan Rehab Berat Pelabuhan Nelayan Desa Muara Badak Ulu Seleksi Ulang,LPSE KABUPATEN KUTAI KARTANEGARA,CV. CITRA KOTA CONSULT,Tidak Menghadiri Pembuktian,,0,
4592198,Perencanaan Rehab Berat Pelabuhan Nelayan Desa Muara Badak Ulu Seleksi Ulang,LPSE KABUPATEN KUTAI KARTANEGARA,PT. GLOBAL MADANINDO KONSULTAN,Tidak Menghadiri Pembuktian,,0,
4592198,Perencanaan Rehab Berat Pelabuhan Nelayan Desa Muara Badak Ulu Seleksi Ulang,LPSE KABUPATEN KUTAI KARTANEGARA,CV. EXECUTIVE 04 CONSULTANT,Tidak Menghadiri Pembuktian,,0,
4592198,Perencanaan Rehab Berat Pelabuhan Nelayan Desa Muara Badak Ulu Seleksi Ulang,LPSE KABUPATEN KUTAI KARTANEGARA,PT. AGRO TEKNIK KONSULTAMA,Tidak Menghadiri Pembuktian,,0,
4592198,Perencanaan Rehab Berat Pelabuhan Nelayan Desa Muara Badak Ulu Seleksi Ulang,LPSE KABUPATEN KUTAI KARTANEGARA,PT. BRAMUDA SINERGY,Tidak Menghadiri Pembuktian,,0,
4592198,Perencanaan Rehab Berat Pelabuhan Nelayan Desa Muara Badak Ulu Seleksi Ulang,LPSE KABUPATEN KUTAI KARTANEGARA,PT. TIGA CAHAYA MANDIRI,Tidak Menghadiri Pembuktian,,0,
4592198,Perencanaan Rehab Berat Pelabuhan Nelayan Desa Muara Badak Ulu Seleksi Ulang,LPSE KABUPATEN KUTAI KARTANEGARA,PT. SPEKTRA ADHYA PRASARANA,Tidak Menghadiri Pembuktian,,0,
4592198,Perencanaan Rehab Berat Pelabuhan Nelayan Desa Muara Badak Ulu Seleksi Ulang,LPSE KABUPATEN KUTAI KARTANEGARA,PT. OSEANO ADHITA PRASARANA,Tidak Menghadiri Pembuktian,,0,
4592198,Perencanaan Rehab Berat Pelabuhan Nelayan Desa Muara Badak Ulu Seleksi Ulang,LPSE KABUPATEN KUTAI KARTANEGARA,CV. APO KHAYAN CONSULTANT,Tidak Menghadiri Pembuktian,,0,
4592198,Perencanaan Rehab Berat Pelabuhan Nelayan Desa Muara Badak Ulu Seleksi Ulang,LPSE KABUPATEN KUTAI KARTANEGARA,PT. Gumilang Sajati,Tidak Menghadiri Pembuktian,,0,
4592198,Perencanaan Rehab Berat Pelabuhan Nelayan Desa Muara Badak Ulu Seleksi Ulang,LPSE KABUPATEN KUTAI KARTANEGARA,PT. DWI ELTIS KONSULTAN,Tidak Menghadiri Pembuktian,,0,
4592198,Perencanaan Rehab Berat Pelabuhan Nelayan Desa Muara Badak Ulu Seleksi Ulang,LPSE KABUPATEN KUTAI KARTANEGARA,PT. JASAKONS PUTRA UTAMA,Tidak Menghadiri Pembuktian,,0,
4580198,Perencanaan Pengerukan Alur Pelayaran Sungai dan Danau Semayang Kecamatan Muara Wis Seleksi Ulang,LPSE KABUPATEN KUTAI KARTANEGARA,PT. ASA DESAIN,Bukan Pemenang,"93,11",777810000,"93,11"
4580198,Perencanaan Pengerukan Alur Pelayaran Sungai dan Danau Semayang Kecamatan Muara Wis Seleksi Ulang,LPSE KABUPATEN KUTAI KARTANEGARA,CV. REXCONS INDONESIA,Pemenang,"96,83",814081400,"96,83"
4580198,Perencanaan Pengerukan Alur Pelayaran Sungai dan Danau Semayang Kecamatan Muara Wis Seleksi Ulang,LPSE KABUPATEN KUTAI KARTANEGARA,PT.INDRA KARYA (Persero),Tidak menghadiri pembuktian kualifikasi,,0,
4580198,Perencanaan Pengerukan Alur Pelayaran Sungai dan Danau Semayang Kecamatan Muara Wis Seleksi Ulang,LPSE KABUPATEN KUTAI KARTANEGARA,PT. WAHANA KRIDA KONSULINDO,'Peralatan yang diminta berdasarkan dokumen Prakualifikasi tidak lengkap dan tidak sesuai,,0,
4580198,Perencanaan Pengerukan Alur Pelayaran Sungai dan Danau Semayang Kecamatan Muara Wis Seleksi Ulang,LPSE KABUPATEN KUTAI KARTANEGARA,PT. Wiranta Bhuana Raya,'SBU habis masa berlakunya dan Peralatan yang diminta berdasarkan dokumen Prakualifikasi tidak lengkap dan tidak sesuai,,0,
4580198,Perencanaan Pengerukan Alur Pelayaran Sungai dan Danau Semayang Kecamatan Muara Wis Seleksi Ulang,LPSE KABUPATEN KUTAI KARTANEGARA,PT. BUDHI CAKRA KONSULTAN,SBU habis masa berlakunya dan Peralatan yang diminta berdasarkan dokumen Prakualifikasi tidak lengkap dan tidak sesuai,,0,
4580198,Perencanaan Pengerukan Alur Pelayaran Sungai dan Danau Semayang Kecamatan Muara Wis Seleksi Ulang,LPSE KABUPATEN KUTAI KARTANEGARA,PT. PUTRA GALUNGGUNG MANDIRI,'Peralatan dan tenaga ahli yang diminta berdasarkan dokumen Prakualifikasi tidak lengkap dan tidak sesuai,,0,
4580198,Perencanaan Pengerukan Alur Pelayaran Sungai dan Danau Semayang Kecamatan Muara Wis Seleksi Ulang,LPSE KABUPATEN KUTAI KARTANEGARA,CV. Sakti Jaya Consultant,'Peralatan dan tenaga ahli yang diminta berdasarkan dokumen Prakualifikasi tidak lengkap dan tidak sesuai,,0,
4580198,Perencanaan Pengerukan Alur Pelayaran Sungai dan Danau Semayang Kecamatan Muara Wis Seleksi Ulang,LPSE KABUPATEN KUTAI KARTANEGARA,PT. HEGAR DAYA,'Peralatan dan tenaga ahli yang diminta berdasarkan dokumen Prakualifikasi tidak lengkap dan tidak sesuai,,0,
4580198,Perencanaan Pengerukan Alur Pelayaran Sungai dan Danau Semayang Kecamatan Muara Wis Seleksi Ulang,LPSE KABUPATEN KUTAI KARTANEGARA,PT. Bina Buana Raya,'Tenaga ahli yang diminta berdasarkan dokumen Prakualifikasi tidak lengkap dan tidak sesuai,,0,
4580198,Perencanaan Pengerukan Alur Pelayaran Sungai dan Danau Semayang Kecamatan Muara Wis Seleksi Ulang,LPSE KABUPATEN KUTAI KARTANEGARA,PT. Wahana Adya,'Tenaga ahli tdk sesuai dengan yang dipersyaratkan di dokumen prakulifikasi,,0,
4580198,Perencanaan Pengerukan Alur Pelayaran Sungai dan Danau Semayang Kecamatan Muara Wis Seleksi Ulang,LPSE KABUPATEN KUTAI KARTANEGARA,PT.INDRA CIPTA DIMENSI,'Tenaga ahli yang diminta berdasarkan dokumen Prakualifikasi tidak lengkap dan tidak sesuai,,0,
4580198,Perencanaan Pengerukan Alur Pelayaran Sungai dan Danau Semayang Kecamatan Muara Wis Seleksi Ulang,LPSE KABUPATEN KUTAI KARTANEGARA,DITORI GEOKARYA TEKNIK,'Tenaga ahli team leader tdk sesuai,,0,
4580198,Perencanaan Pengerukan Alur Pelayaran Sungai dan Danau Semayang Kecamatan Muara Wis Seleksi Ulang,LPSE KABUPATEN KUTAI KARTANEGARA,PT. ARIA RIPTA SARANA,Peralatan dan tenaga ahli yang diminta berdasarkan dokumen Prakualifikasi tidak lengkap dan tidak sesuai,,0,
4580198,Perencanaan Pengerukan Alur Pelayaran Sungai dan Danau Semayang Kecamatan Muara Wis Seleksi Ulang,LPSE KABUPATEN KUTAI KARTANEGARA,PT.PRANA KURNIA PRATAMA,'Tenaga ahli yang diminta berdasarkan dokumen Prakualifikasi tidak lengkap dan tidak sesuai,,0,
4580198,Perencanaan Pengerukan Alur Pelayaran Sungai dan Danau Semayang Kecamatan Muara Wis Seleksi Ulang,LPSE KABUPATEN KUTAI KARTANEGARA,PT. RAMA SUMBER TEKNIK,'Tenaga ahli yang diminta berdasarkan dokumen Prakualifikasi tidak lengkap dan tidak sesuai,,0,
4580198,Perencanaan Pengerukan Alur Pelayaran Sungai dan Danau Semayang Kecamatan Muara Wis Seleksi Ulang,LPSE KABUPATEN KUTAI KARTANEGARA,PT. DAYA CIPTA DIANRANCANA,Peralatan dan tenaga ahli yang diminta berdasarkan dokumen Prakualifikasi tidak lengkap dan tidak sesuai,,0,
4580198,Perencanaan Pengerukan Alur Pelayaran Sungai dan Danau Semayang Kecamatan Muara Wis Seleksi Ulang,LPSE KABUPATEN KUTAI KARTANEGARA,PT. Grhayasa Nusacitra Estima,Peralatan dan tenaga ahli yang diminta berdasarkan dokumen Prakualifikasi tidak lengkap dan tidak sesuai,,0,
4580198,Perencanaan Pengerukan Alur Pelayaran Sungai dan Danau Semayang Kecamatan Muara Wis Seleksi Ulang,LPSE KABUPATEN KUTAI KARTANEGARA,PT.NUANSA HASTA,Peralatan dan tenaga ahli yang diminta berdasarkan dokumen Prakualifikasi tidak lengkap dan tidak sesuai,,0,
4580198,Perencanaan Pengerukan Alur Pelayaran Sungai dan Danau Semayang Kecamatan Muara Wis Seleksi Ulang,LPSE KABUPATEN KUTAI KARTANEGARA,PT. SANGGA BUANA NUSANTARA,'Tenaga ahli yang diminta berdasarkan dokumen Prakualifikasi tidak lengkap dan tidak sesuai,,0,
4580198,Perencanaan Pengerukan Alur Pelayaran Sungai dan Danau Semayang Kecamatan Muara Wis Seleksi Ulang,LPSE KABUPATEN KUTAI KARTANEGARA,PT. TARAM,Bukan Pemenang,,0,
4580198,Perencanaan Pengerukan Alur Pelayaran Sungai dan Danau Semayang Kecamatan Muara Wis Seleksi Ulang,LPSE KABUPATEN KUTAI KARTANEGARA,PT. NUSA TIARA,Bukan Pemenang,,0,
4580198,Perencanaan Pengerukan Alur Pelayaran Sungai dan Danau Semayang Kecamatan Muara Wis Seleksi Ulang,LPSE KABUPATEN KUTAI KARTANEGARA,PT. Rasicipta Consultama,'Tenaga ahli yang diminta berdasarkan dokumen Prakualifikasi tidak lengkap dan tidak sesuai,,0,
4580198,Perencanaan Pengerukan Alur Pelayaran Sungai dan Danau Semayang Kecamatan Muara Wis Seleksi Ulang,LPSE KABUPATEN KUTAI KARTANEGARA,PT. MASSUKA PRATAMA,'Tenaga ahli yang diminta berdasarkan dokumen Prakualifikasi tidak lengkap dan tidak sesuai,,0,
4580198,Perencanaan Pengerukan Alur Pelayaran Sungai dan Danau Semayang Kecamatan Muara Wis Seleksi Ulang,LPSE KABUPATEN KUTAI KARTANEGARA,PT.SADHYA GRAHACARA,'Tenaga ahli yang diminta berdasarkan dokumen Prakualifikasi tidak lengkap dan tidak sesuai,,0,
4580198,Perencanaan Pengerukan Alur Pelayaran Sungai dan Danau Semayang Kecamatan Muara Wis Seleksi Ulang,LPSE KABUPATEN KUTAI KARTANEGARA,PT Geodinamik Konsultan,Tidak menghadiri pembuktian kualifikasi,,0,
4580198,Perencanaan Pengerukan Alur Pelayaran Sungai dan Danau Semayang Kecamatan Muara Wis Seleksi Ulang,LPSE KABUPATEN KUTAI KARTANEGARA,PT. Suwanda Karya Mandiri,Tidak bisa menunjukan akte pendirian yang asli maupun legalisir dan syarat tenaga ahli.,,0,
4580198,Perencanaan Pengerukan Alur Pelayaran Sungai dan Danau Semayang Kecamatan Muara Wis Seleksi Ulang,LPSE KABUPATEN KUTAI KARTANEGARA,PT. Mitrakawasa Konsulindo,Peralatan dan tenaga ahli yang diminta berdasarkan dokumen Prakualifikasi tidak lengkap dan tidak sesuai,,0,
4580198,Perencanaan Pengerukan Alur Pelayaran Sungai dan Danau Semayang Kecamatan Muara Wis Seleksi Ulang,LPSE KABUPATEN KUTAI KARTANEGARA,PT. ZONASI KONSULTAN,'Tenaga ahli yang diminta berdasarkan dokumen Prakualifikasi tidak lengkap dan tidak sesuai,,0,
4580198,Perencanaan Pengerukan Alur Pelayaran Sungai dan Danau Semayang Kecamatan Muara Wis Seleksi Ulang,LPSE KABUPATEN KUTAI KARTANEGARA,PT. MAHAKA NUGRAHA PERKASA,'Tenaga ahli yang diminta berdasarkan dokumen Prakualifikasi tidak lengkap dan tidak sesuai,,0,
4580198,Perencanaan Pengerukan Alur Pelayaran Sungai dan Danau Semayang Kecamatan Muara Wis Seleksi Ulang,LPSE KABUPATEN KUTAI KARTANEGARA,PT. TEKNIKAL GLOBAL KONSULTAN,Peralatan dan tenaga ahli yang diminta berdasarkan dokumen Prakualifikasi tidak lengkap dan tidak sesuai,,0,
4580198,Perencanaan Pengerukan Alur Pelayaran Sungai dan Danau Semayang Kecamatan Muara Wis Seleksi Ulang,LPSE KABUPATEN KUTAI KARTANEGARA,PT. INOMATA KONSULTAMA,"Tidak bs menujukan SKA, Izajah asli maupun legalisir, SKT Pajak dan bukti kepemlikan alat.",,0,
4580198,Perencanaan Pengerukan Alur Pelayaran Sungai dan Danau Semayang Kecamatan Muara Wis Seleksi Ulang,LPSE KABUPATEN KUTAI KARTANEGARA,PT. Marga Nusantara Persada,"SBU habis masa berlakunya, Peralatan dan tenaga ahli yang diminta berdasarkan dokumen Prakualifikasi tidak lengkap dan tidak sesuai",,0,
4580198,Perencanaan Pengerukan Alur Pelayaran Sungai dan Danau Semayang Kecamatan Muara Wis Seleksi Ulang,LPSE KABUPATEN KUTAI KARTANEGARA,PT. SPEKTRA ADHYA PRASARANA,"Tidak bs menujukan SKA, Izajah asli maupun legalisir, SKT Pajak dan bukti kepemlikan alat.",,0,
4580198,Perencanaan Pengerukan Alur Pelayaran Sungai dan Danau Semayang Kecamatan Muara Wis Seleksi Ulang,LPSE KABUPATEN KUTAI KARTANEGARA,PT. OSEANO ADHITA PRASARANA,'Peralatan dan tenaga ahli yang diminta berdasarkan dokumen Prakualifikasi tidak lengkap dan tidak sesuai,,0,
4580198,Perencanaan Pengerukan Alur Pelayaran Sungai dan Danau Semayang Kecamatan Muara Wis Seleksi Ulang,LPSE KABUPATEN KUTAI KARTANEGARA,PT. TIGA CAHAYA MANDIRI,'Peralatan dan tenaga ahli yang diminta berdasarkan dokumen Prakualifikasi tidak lengkap dan tidak sesuai,,0,
4580198,Perencanaan Pengerukan Alur Pelayaran Sungai dan Danau Semayang Kecamatan Muara Wis Seleksi Ulang,LPSE KABUPATEN KUTAI KARTANEGARA,PT. INTIMULYA MULTIKENCANA,"Tidak meng upload penawaran administrasi, teknis dan biaya.",,0,
4580198,Perencanaan Pengerukan Alur Pelayaran Sungai dan Danau Semayang Kecamatan Muara Wis Seleksi Ulang,LPSE KABUPATEN KUTAI KARTANEGARA,PT. Genta Prima Pertiwi,Tenaga ahli tdk sesuai dengan yang dipersyaratkan di dokumen prakulifikasi,,0,
4580198,Perencanaan Pengerukan Alur Pelayaran Sungai dan Danau Semayang Kecamatan Muara Wis Seleksi Ulang,LPSE KABUPATEN KUTAI KARTANEGARA,PT. SIGMA EKSPRESI,'Tenaga ahli yang diminta berdasarkan dokumen Prakualifikasi tidak lengkap dan tidak sesuai,,0,
4580198,Perencanaan Pengerukan Alur Pelayaran Sungai dan Danau Semayang Kecamatan Muara Wis Seleksi Ulang,LPSE KABUPATEN KUTAI KARTANEGARA,PT. MULTIMERA HARAPAN,'Tenaga ahli yang diminta berdasarkan dokumen Prakualifikasi tidak lengkap dan tidak sesuai,,0,
4580198,Perencanaan Pengerukan Alur Pelayaran Sungai dan Danau Semayang Kecamatan Muara Wis Seleksi Ulang,LPSE KABUPATEN KUTAI KARTANEGARA,PT. MITRA AGUNG MANUNGGAL,'Peralatan dan tenaga ahli yang diminta berdasarkan dokumen Prakualifikasi tidak lengkap dan tidak sesuai,,0,
4580198,Perencanaan Pengerukan Alur Pelayaran Sungai dan Danau Semayang Kecamatan Muara Wis Seleksi Ulang,LPSE KABUPATEN KUTAI KARTANEGARA,PT. IKA ADYA PERKASA,Tidak Menghadiri Pembuktian,,0,
4580198,Perencanaan Pengerukan Alur Pelayaran Sungai dan Danau Semayang Kecamatan Muara Wis Seleksi Ulang,LPSE KABUPATEN KUTAI KARTANEGARA,CV. PRIMA JAYA KONSULTAN,Tidak Menghadiri Pembuktian,,0,
4580198,Perencanaan Pengerukan Alur Pelayaran Sungai dan Danau Semayang Kecamatan Muara Wis Seleksi Ulang,LPSE KABUPATEN KUTAI KARTANEGARA,PT. ALOCITA MANDIRI,Tidak Menghadiri Pembuktian,,0,
4580198,Perencanaan Pengerukan Alur Pelayaran Sungai dan Danau Semayang Kecamatan Muara Wis Seleksi Ulang,LPSE KABUPATEN KUTAI KARTANEGARA,PT. Gumilang Sajati,Tidak Menghadiri Pembuktian,,0,
4580198,Perencanaan Pengerukan Alur Pelayaran Sungai dan Danau Semayang Kecamatan Muara Wis Seleksi Ulang,LPSE KABUPATEN KUTAI KARTANEGARA,PT. BINA SARANA EKATAMA,Tidak Menghadiri Pembuktian,,0,
4580198,Perencanaan Pengerukan Alur Pelayaran Sungai dan Danau Semayang Kecamatan Muara Wis Seleksi Ulang,LPSE KABUPATEN KUTAI KARTANEGARA,PT. GEOMATIK CONSULTANT,Tidak Menghadiri Pembuktian,,0,
4580198,Perencanaan Pengerukan Alur Pelayaran Sungai dan Danau Semayang Kecamatan Muara Wis Seleksi Ulang,LPSE KABUPATEN KUTAI KARTANEGARA,CV. FASADE UTAMA,Tidak Menghadiri Pembuktian,,0,
4580198,Perencanaan Pengerukan Alur Pelayaran Sungai dan Danau Semayang Kecamatan Muara Wis Seleksi Ulang,LPSE KABUPATEN KUTAI KARTANEGARA,PT. BRAMUDA SINERGY,Tidak Menghadiri Pembuktian,,0,
4580198,Perencanaan Pengerukan Alur Pelayaran Sungai dan Danau Semayang Kecamatan Muara Wis Seleksi Ulang,LPSE KABUPATEN KUTAI KARTANEGARA,PT. Inasa Sakha Kirana,Tidak Menghadiri Pembuktian,,0,
4580198,Perencanaan Pengerukan Alur Pelayaran Sungai dan Danau Semayang Kecamatan Muara Wis Seleksi Ulang,LPSE KABUPATEN KUTAI KARTANEGARA,PARIGRAHA KONSULTAN,Tidak Menghadiri Pembuktian,,0,
4580198,Perencanaan Pengerukan Alur Pelayaran Sungai dan Danau Semayang Kecamatan Muara Wis Seleksi Ulang,LPSE KABUPATEN KUTAI KARTANEGARA,CV. HARSINDO,Tidak Menghadiri Pembuktian,,0,
4580198,Perencanaan Pengerukan Alur Pelayaran Sungai dan Danau Semayang Kecamatan Muara Wis Seleksi Ulang,LPSE KABUPATEN KUTAI KARTANEGARA,CV. GLOTUS KONSULTAN,Tidak Menghadiri Pembuktian,,0,
4580198,Perencanaan Pengerukan Alur Pelayaran Sungai dan Danau Semayang Kecamatan Muara Wis Seleksi Ulang,LPSE KABUPATEN KUTAI KARTANEGARA,PT. ARISTA GEMILANG KONSULINDO,Tidak Menghadiri Pembuktian,,0,
4580198,Perencanaan Pengerukan Alur Pelayaran Sungai dan Danau Semayang Kecamatan Muara Wis Seleksi Ulang,LPSE KABUPATEN KUTAI KARTANEGARA,CV. RASYA ALBAR CONSULTANT,Tidak Menghadiri Pembuktian,,0,
4580198,Perencanaan Pengerukan Alur Pelayaran Sungai dan Danau Semayang Kecamatan Muara Wis Seleksi Ulang,LPSE KABUPATEN KUTAI KARTANEGARA,PT. GEMILANG SURYA INTI,Tidak Menghadiri Pembuktian,,0,
4580198,Perencanaan Pengerukan Alur Pelayaran Sungai dan Danau Semayang Kecamatan Muara Wis Seleksi Ulang,LPSE KABUPATEN KUTAI KARTANEGARA,CV. PORTAL CONSULTANT,Tidak Menghadiri Pembuktian,,0,
4580198,Perencanaan Pengerukan Alur Pelayaran Sungai dan Danau Semayang Kecamatan Muara Wis Seleksi Ulang,LPSE KABUPATEN KUTAI KARTANEGARA,PT. MAHAKAM PERSADA,Tidak Menghadiri Pembuktian,,0,
4580198,Perencanaan Pengerukan Alur Pelayaran Sungai dan Danau Semayang Kecamatan Muara Wis Seleksi Ulang,LPSE KABUPATEN KUTAI KARTANEGARA,exindo consultant,Tidak Menghadiri Pembuktian,,0,
4580198,Perencanaan Pengerukan Alur Pelayaran Sungai dan Danau Semayang Kecamatan Muara Wis Seleksi Ulang,LPSE KABUPATEN KUTAI KARTANEGARA,CV. PROFIL KONSULTAN,Tidak Menghadiri Pembuktian,,0,
4580198,Perencanaan Pengerukan Alur Pelayaran Sungai dan Danau Semayang Kecamatan Muara Wis Seleksi Ulang,LPSE KABUPATEN KUTAI KARTANEGARA,PT. ECOPLAN REKABUMI INTERCONSULT,Tidak Menghadiri Pembuktian,,0,
4580198,Perencanaan Pengerukan Alur Pelayaran Sungai dan Danau Semayang Kecamatan Muara Wis Seleksi Ulang,LPSE KABUPATEN KUTAI KARTANEGARA,PT. ARTHA DEMO ENGINEERING CONSULTANT,Tidak Menghadiri Pembuktian,,0,
4580198,Perencanaan Pengerukan Alur Pelayaran Sungai dan Danau Semayang Kecamatan Muara Wis Seleksi Ulang,LPSE KABUPATEN KUTAI KARTANEGARA,PT.BIOSFERA WIDHY ENGINEERING,Tidak Menghadiri Pembuktian,,0,
4580198,Perencanaan Pengerukan Alur Pelayaran Sungai dan Danau Semayang Kecamatan Muara Wis Seleksi Ulang,LPSE KABUPATEN KUTAI KARTANEGARA,PT. CINIPTA TRIUTAMA JAYA,Tidak Menghadiri Pembuktian,,0,
4580198,Perencanaan Pengerukan Alur Pelayaran Sungai dan Danau Semayang Kecamatan Muara Wis Seleksi Ulang,LPSE KABUPATEN KUTAI KARTANEGARA,PT. JASAKONS PUTRA UTAMA,Tidak Menghadiri Pembuktian,,0,
4580198,Perencanaan Pengerukan Alur Pelayaran Sungai dan Danau Semayang Kecamatan Muara Wis Seleksi Ulang,LPSE KABUPATEN KUTAI KARTANEGARA,PT. DWI ELTIS KONSULTAN,Tidak Menghadiri Pembuktian,,0,
4580198,Perencanaan Pengerukan Alur Pelayaran Sungai dan Danau Semayang Kecamatan Muara Wis Seleksi Ulang,LPSE KABUPATEN KUTAI KARTANEGARA,PT. ARIA GRAHA,Tidak Menghadiri Pembuktian,,0,
4580198,Perencanaan Pengerukan Alur Pelayaran Sungai dan Danau Semayang Kecamatan Muara Wis Seleksi Ulang,LPSE KABUPATEN KUTAI KARTANEGARA,PT. GALIH REREKA MANUNGGAL,Tidak Menghadiri Pembuktian,,0,
4580198,Perencanaan Pengerukan Alur Pelayaran Sungai dan Danau Semayang Kecamatan Muara Wis Seleksi Ulang,LPSE KABUPATEN KUTAI KARTANEGARA,PT. GEOMATIKA MULTI SOLUTION,Tidak Menghadiri Pembuktian,,0,
4580198,Perencanaan Pengerukan Alur Pelayaran Sungai dan Danau Semayang Kecamatan Muara Wis Seleksi Ulang,LPSE KABUPATEN KUTAI KARTANEGARA,PT. MORTEZA Teknikatama,Tidak Menghadiri Pembuktian,,0,
4580198,Perencanaan Pengerukan Alur Pelayaran Sungai dan Danau Semayang Kecamatan Muara Wis Seleksi Ulang,LPSE KABUPATEN KUTAI KARTANEGARA,PT. GIRI AWAS,Tidak Menghadiri Pembuktian,,0,
4580198,Perencanaan Pengerukan Alur Pelayaran Sungai dan Danau Semayang Kecamatan Muara Wis Seleksi Ulang,LPSE KABUPATEN KUTAI KARTANEGARA,CV. CITRA KOTA CONSULT,Tidak Menghadiri Pembuktian,,0,
4580198,Perencanaan Pengerukan Alur Pelayaran Sungai dan Danau Semayang Kecamatan Muara Wis Seleksi Ulang,LPSE KABUPATEN KUTAI KARTANEGARA,PT. HEXA MULIA KONSULTAN,Tidak Menghadiri Pembuktian,,0,
4580198,Perencanaan Pengerukan Alur Pelayaran Sungai dan Danau Semayang Kecamatan Muara Wis Seleksi Ulang,LPSE KABUPATEN KUTAI KARTANEGARA,CV. MUTIARA SITTAH,Tidak Menghadiri Pembuktian,,0,
4580198,Perencanaan Pengerukan Alur Pelayaran Sungai dan Danau Semayang Kecamatan Muara Wis Seleksi Ulang,LPSE KABUPATEN KUTAI KARTANEGARA,CV. CIPTA KREASI KONSULTAN,Tidak Menghadiri Pembuktian,,0,
4580198,Perencanaan Pengerukan Alur Pelayaran Sungai dan Danau Semayang Kecamatan Muara Wis Seleksi Ulang,LPSE KABUPATEN KUTAI KARTANEGARA,PT. Nadjamurti Perkasa,Tidak Menghadiri Pembuktian,,0,
4580198,Perencanaan Pengerukan Alur Pelayaran Sungai dan Danau Semayang Kecamatan Muara Wis Seleksi Ulang,LPSE KABUPATEN KUTAI KARTANEGARA,CV. TRI JAYA MANDIRI KONSULTAN,Tidak Menghadiri Pembuktian,,0,
4579198,Pengawasan Teknis Penurapan Jalan Diponegoro Tenggarong,LPSE KABUPATEN KUTAI KARTANEGARA,PT. SURYA PRAGA,Pemenang,"77,58",700060000,"77,58"
4579198,Pengawasan Teknis Penurapan Jalan Diponegoro Tenggarong,LPSE KABUPATEN KUTAI KARTANEGARA,PT. GEMILANG SURYA INTI,Tidak ada SPT Tahun 2013,,0,
4579198,Pengawasan Teknis Penurapan Jalan Diponegoro Tenggarong,LPSE KABUPATEN KUTAI KARTANEGARA,CV.Trikarya Utama,Tidak Upload Dok. Penawaran Administrasi dan Teknis,,0,
4579198,Pengawasan Teknis Penurapan Jalan Diponegoro Tenggarong,LPSE KABUPATEN KUTAI KARTANEGARA,PT. RANCANG PERSADA,Tidak ada SPT Tahun 2013,,0,
4579198,Pengawasan Teknis Penurapan Jalan Diponegoro Tenggarong,LPSE KABUPATEN KUTAI KARTANEGARA,PT. ARISTA GEMILANG KONSULINDO,Bukan Pemenang,,0,
4579198,Pengawasan Teknis Penurapan Jalan Diponegoro Tenggarong,LPSE KABUPATEN KUTAI KARTANEGARA,CV. Sakti Jaya Consultant,Bukan Pemenang,,0,
4579198,Pengawasan Teknis Penurapan Jalan Diponegoro Tenggarong,LPSE KABUPATEN KUTAI KARTANEGARA,PT. ABDI SATRIA BHUMI,Tidak hadir Pembuktian Kualifikasi,,0,
4579198,Pengawasan Teknis Penurapan Jalan Diponegoro Tenggarong,LPSE KABUPATEN KUTAI KARTANEGARA,PT. GAGAS ADI BAGASKARA,Tidak hadir Pembuktian Kualifikasi,,0,
4579198,Pengawasan Teknis Penurapan Jalan Diponegoro Tenggarong,LPSE KABUPATEN KUTAI KARTANEGARA,PT. AURAMA KARYA KONSULTAN,Tidak ada SPT Tahun 2013,,0,
4579198,Pengawasan Teknis Penurapan Jalan Diponegoro Tenggarong,LPSE KABUPATEN KUTAI KARTANEGARA,PT. Teraga Olahrakayasa,Tidak hadir Pembuktian Kualifikasi,,0,
4579198,Pengawasan Teknis Penurapan Jalan Diponegoro Tenggarong,LPSE KABUPATEN KUTAI KARTANEGARA,PT. BIKONAR PERDANA,Tidak ada SPT Tahun 2013,,0,
4579198,Pengawasan Teknis Penurapan Jalan Diponegoro Tenggarong,LPSE KABUPATEN KUTAI KARTANEGARA,PT. DELTA BUANA,Tidak ada SPT Tahun 2013,,0,
4579198,Pengawasan Teknis Penurapan Jalan Diponegoro Tenggarong,LPSE KABUPATEN KUTAI KARTANEGARA,PT. TEKNIKAL GLOBAL KONSULTAN,Tidak hadir Pembuktian Kualifikasi,,0,
4579198,Pengawasan Teknis Penurapan Jalan Diponegoro Tenggarong,LPSE KABUPATEN KUTAI KARTANEGARA,AMBANA KARYA GROUP,Tidak hadir Pembuktian Kualifikasi,,0,
4579198,Pengawasan Teknis Penurapan Jalan Diponegoro Tenggarong,LPSE KABUPATEN KUTAI KARTANEGARA,CV.SATRIA CONSULTANT,Tidak hadir Pembuktian Kualifikasi,,0,
4579198,Pengawasan Teknis Penurapan Jalan Diponegoro Tenggarong,LPSE KABUPATEN KUTAI KARTANEGARA,PARIGRAHA KONSULTAN,Tidak ada SPT Tahun 2013,,0,
4579198,Pengawasan Teknis Penurapan Jalan Diponegoro Tenggarong,LPSE KABUPATEN KUTAI KARTANEGARA,PT. ADHIYASA DESICON,Bukan Pemenang,,0,
4579198,Pengawasan Teknis Penurapan Jalan Diponegoro Tenggarong,LPSE KABUPATEN KUTAI KARTANEGARA,PT. ARSS BARU,Bukan Pemenang,,0,
4579198,Pengawasan Teknis Penurapan Jalan Diponegoro Tenggarong,LPSE KABUPATEN KUTAI KARTANEGARA,PT. Ganes Engineering Consultant,Bukan Pemenang,,0,
4579198,Pengawasan Teknis Penurapan Jalan Diponegoro Tenggarong,LPSE KABUPATEN KUTAI KARTANEGARA,PT. Genta Prima Pertiwi,Tidak hadir Pembuktian Kualifikasi,,0,
4579198,Pengawasan Teknis Penurapan Jalan Diponegoro Tenggarong,LPSE KABUPATEN KUTAI KARTANEGARA,PT. BLANTIKA MULTI ENGINEER,Tidak hadir Pembuktian Kualifikasi,,0,
4579198,Pengawasan Teknis Penurapan Jalan Diponegoro Tenggarong,LPSE KABUPATEN KUTAI KARTANEGARA,CV. DIAN CONSULTAN,Tidak ada SPT Tahun 2013,,0,
4579198,Pengawasan Teknis Penurapan Jalan Diponegoro Tenggarong,LPSE KABUPATEN KUTAI KARTANEGARA,PT. MITRA AGUNG MANUNGGAL,Tidak ada SPT Tahun 2013,,0,
4579198,Pengawasan Teknis Penurapan Jalan Diponegoro Tenggarong,LPSE KABUPATEN KUTAI KARTANEGARA,PT.NALARENCANA,Tidak Menghadiri Pembuktian,,0,
4579198,Pengawasan Teknis Penurapan Jalan Diponegoro Tenggarong,LPSE KABUPATEN KUTAI KARTANEGARA,CV. PRIMA JAYA KONSULTAN,Tidak Menghadiri Pembuktian,,0,
4579198,Pengawasan Teknis Penurapan Jalan Diponegoro Tenggarong,LPSE KABUPATEN KUTAI KARTANEGARA,CV. TRI DAYA KREASI,Tidak Menghadiri Pembuktian,,0,
4579198,Pengawasan Teknis Penurapan Jalan Diponegoro Tenggarong,LPSE KABUPATEN KUTAI KARTANEGARA,CV. REKA KUSUMA BUANA,Tidak Menghadiri Pembuktian,,0,
4579198,Pengawasan Teknis Penurapan Jalan Diponegoro Tenggarong,LPSE KABUPATEN KUTAI KARTANEGARA,PT. BRAMUDA SINERGY,Tidak Menghadiri Pembuktian,,0,
4579198,Pengawasan Teknis Penurapan Jalan Diponegoro Tenggarong,LPSE KABUPATEN KUTAI KARTANEGARA,CV KARYA SEJATI,Tidak Menghadiri Pembuktian,,0,
4579198,Pengawasan Teknis Penurapan Jalan Diponegoro Tenggarong,LPSE KABUPATEN KUTAI KARTANEGARA,PT. SYAFITRI PERDANA KONSULTAN,Tidak Menghadiri Pembuktian,,0,
4579198,Pengawasan Teknis Penurapan Jalan Diponegoro Tenggarong,LPSE KABUPATEN KUTAI KARTANEGARA,CV. CIPTA BUANA SEJATI,Tidak Menghadiri Pembuktian,,0,
4579198,Pengawasan Teknis Penurapan Jalan Diponegoro Tenggarong,LPSE KABUPATEN KUTAI KARTANEGARA,PT.ASRI ADYATAMA,Tidak Menghadiri Pembuktian,,0,
4579198,Pengawasan Teknis Penurapan Jalan Diponegoro Tenggarong,LPSE KABUPATEN KUTAI KARTANEGARA,CV.KEMIRI GADING,Tidak Menghadiri Pembuktian,,0,
4579198,Pengawasan Teknis Penurapan Jalan Diponegoro Tenggarong,LPSE KABUPATEN KUTAI KARTANEGARA,PT. Wastu Anopama,Tidak Menghadiri Pembuktian,,0,
4579198,Pengawasan Teknis Penurapan Jalan Diponegoro Tenggarong,LPSE KABUPATEN KUTAI KARTANEGARA,CV. Intishar Karya,Tidak Menghadiri Pembuktian,,0,
4579198,Pengawasan Teknis Penurapan Jalan Diponegoro Tenggarong,LPSE KABUPATEN KUTAI KARTANEGARA,PT. GEOMATIK CONSULTANT,Tidak Menghadiri Pembuktian,,0,
4576198,Perencanaan Teknis Pemetaan Alur Sungai untuk Keselamatan Pelayaran,LPSE KABUPATEN KUTAI KARTANEGARA,PT. TARAM,Bukan Pemenang,"73,02",2648857000,"73,02"
4576198,Perencanaan Teknis Pemetaan Alur Sungai untuk Keselamatan Pelayaran,LPSE KABUPATEN KUTAI KARTANEGARA,PT. DAYA CIPTA DIANRANCANA,Pemenang,"86,24",2773400000,"86,24"
4576198,Perencanaan Teknis Pemetaan Alur Sungai untuk Keselamatan Pelayaran,LPSE KABUPATEN KUTAI KARTANEGARA,PT. INTIMULYA MULTIKENCANA,Tidak ada pengalaman sejenis pada sub bidang survey Hidrologi/Batimetri,,0,
4576198,Perencanaan Teknis Pemetaan Alur Sungai untuk Keselamatan Pelayaran,LPSE KABUPATEN KUTAI KARTANEGARA,CV. RASYA ALBAR CONSULTANT,Tidak Ada SBU NON KONSTRUKSI Jasa Survey Hidrografi/Batimetri di tabel kualifikasi,,0,
4576198,Perencanaan Teknis Pemetaan Alur Sungai untuk Keselamatan Pelayaran,LPSE KABUPATEN KUTAI KARTANEGARA,PT. TEKNIKAL GLOBAL KONSULTAN,Tidak Ada SBU NON KONSTRUKSI Jasa Survey Hidrografi/Batimetri di tabel kualifikasi,,0,
4576198,Perencanaan Teknis Pemetaan Alur Sungai untuk Keselamatan Pelayaran,LPSE KABUPATEN KUTAI KARTANEGARA,PT. Multi Kharisma Guna Karya,Tidak Ada SBU NON KONSTRUKSI Jasa Survey Hidrografi/Batimetri di tabel kualifikasi,,0,
4576198,Perencanaan Teknis Pemetaan Alur Sungai untuk Keselamatan Pelayaran,LPSE KABUPATEN KUTAI KARTANEGARA,PT. ARIA GRAHA,Tidak ada pengalaman sejenis pada sub bidang survey Hidrologi/Batimetri,,0,
4576198,Perencanaan Teknis Pemetaan Alur Sungai untuk Keselamatan Pelayaran,LPSE KABUPATEN KUTAI KARTANEGARA,PT. SIGMA EKSPRESI,Tidak Hadir dalam acara Pembuktian Kualifikasi,,0,
4576198,Perencanaan Teknis Pemetaan Alur Sungai untuk Keselamatan Pelayaran,LPSE KABUPATEN KUTAI KARTANEGARA,PT. Wahana Adya,Tidak Hadir dalam acara Pembuktian Kualifikasi,,0,
4576198,Perencanaan Teknis Pemetaan Alur Sungai untuk Keselamatan Pelayaran,LPSE KABUPATEN KUTAI KARTANEGARA,CV. FASADE UTAMA,Tidak Bisa Membuktikan Kontrak Pengalaman Sejenis dalam acara Pembuktian Kualifikasi,,0,
4576198,Perencanaan Teknis Pemetaan Alur Sungai untuk Keselamatan Pelayaran,LPSE KABUPATEN KUTAI KARTANEGARA,DITORI GEOKARYA TEKNIK,Tidak Bisa Membuktikan Kontrak Pengalaman Sejenis dalam acara Pembuktian Kualifikasi,,0,
4576198,Perencanaan Teknis Pemetaan Alur Sungai untuk Keselamatan Pelayaran,LPSE KABUPATEN KUTAI KARTANEGARA,PT Geodinamik Konsultan,Tidak Hadir dalam acara Pembuktian Kualifikasi,,0,
4576198,Perencanaan Teknis Pemetaan Alur Sungai untuk Keselamatan Pelayaran,LPSE KABUPATEN KUTAI KARTANEGARA,PT. GEOSURVEY SWASTI SARANA,Tidak Hadir dalam acara Pembuktian Kualifikasi,,0,
4576198,Perencanaan Teknis Pemetaan Alur Sungai untuk Keselamatan Pelayaran,LPSE KABUPATEN KUTAI KARTANEGARA,PT. KAPIMA RENCANATAMA,Tidak Hadir dalam acara Pembuktian Kualifikasi,,0,
4576198,Perencanaan Teknis Pemetaan Alur Sungai untuk Keselamatan Pelayaran,LPSE KABUPATEN KUTAI KARTANEGARA,PT. PUTRA GALUNGGUNG MANDIRI,Tidak ada pengalaman sejenis pada sub bidang survey Hidrologi/Batimetri,,0,
4576198,Perencanaan Teknis Pemetaan Alur Sungai untuk Keselamatan Pelayaran,LPSE KABUPATEN KUTAI KARTANEGARA,PT. Genta Prima Pertiwi,Tidak ada pengalaman sejenis pada sub bidang survey Hidrologi/Batimetri,,0,
4576198,Perencanaan Teknis Pemetaan Alur Sungai untuk Keselamatan Pelayaran,LPSE KABUPATEN KUTAI KARTANEGARA,PT. Multicipta Rancana Selaras,Tidak meng-upload Dokumen Administrasi dan Teknis,,0,
4576198,Perencanaan Teknis Pemetaan Alur Sungai untuk Keselamatan Pelayaran,LPSE KABUPATEN KUTAI KARTANEGARA,PT. SANGGA BUANA NUSANTARA,Tidak ada pengalaman sejenis pada sub bidang survey Hidrologi/Batimetri,,0,
4576198,Perencanaan Teknis Pemetaan Alur Sungai untuk Keselamatan Pelayaran,LPSE KABUPATEN KUTAI KARTANEGARA,PT. DWI ELTIS KONSULTAN,Tidak ada pengalaman sejenis pada sub bidang survey Hidrologi/Batimetri,,0,
4576198,Perencanaan Teknis Pemetaan Alur Sungai untuk Keselamatan Pelayaran,LPSE KABUPATEN KUTAI KARTANEGARA,PT. Rasicipta Consultama,Tidak ada pengalaman sejenis pada sub bidang survey Hidrologi/Batimetri,,0,
4576198,Perencanaan Teknis Pemetaan Alur Sungai untuk Keselamatan Pelayaran,LPSE KABUPATEN KUTAI KARTANEGARA,PT. AXIS MUNDI,Bukan Pemenang,,0,
4576198,Perencanaan Teknis Pemetaan Alur Sungai untuk Keselamatan Pelayaran,LPSE KABUPATEN KUTAI KARTANEGARA,PT. NUSA TIARA,Bukan Pemenang,,0,
4576198,Perencanaan Teknis Pemetaan Alur Sungai untuk Keselamatan Pelayaran,LPSE KABUPATEN KUTAI KARTANEGARA,PT. INOMATA KONSULTAMA,Tidak meng-upload Dokumen Administrasi dan Teknis,,0,
4576198,Perencanaan Teknis Pemetaan Alur Sungai untuk Keselamatan Pelayaran,LPSE KABUPATEN KUTAI KARTANEGARA,PT. Marga Nusantara Persada,Tidak Menghadiri Pembuktian,,0,
4576198,Perencanaan Teknis Pemetaan Alur Sungai untuk Keselamatan Pelayaran,LPSE KABUPATEN KUTAI KARTANEGARA,PT.Akurat Supramindo Konsul,Tidak Menghadiri Pembuktian,,0,
4576198,Perencanaan Teknis Pemetaan Alur Sungai untuk Keselamatan Pelayaran,LPSE KABUPATEN KUTAI KARTANEGARA,PT. ECOPLAN REKABUMI INTERCONSULT,Tidak Menghadiri Pembuktian,,0,
4576198,Perencanaan Teknis Pemetaan Alur Sungai untuk Keselamatan Pelayaran,LPSE KABUPATEN KUTAI KARTANEGARA,PT. Suwanda Karya Mandiri,Tidak Menghadiri Pembuktian,,0,
4576198,Perencanaan Teknis Pemetaan Alur Sungai untuk Keselamatan Pelayaran,LPSE KABUPATEN KUTAI KARTANEGARA,PT. BINA SARANA EKATAMA,Tidak Menghadiri Pembuktian,,0,
4576198,Perencanaan Teknis Pemetaan Alur Sungai untuk Keselamatan Pelayaran,LPSE KABUPATEN KUTAI KARTANEGARA,PT. GEOMATIK CONSULTANT,Tidak Menghadiri Pembuktian,,0,
4576198,Perencanaan Teknis Pemetaan Alur Sungai untuk Keselamatan Pelayaran,LPSE KABUPATEN KUTAI KARTANEGARA,PT. SPEKTRA ADHYA PRASARANA,Tidak Menghadiri Pembuktian,,0,
4576198,Perencanaan Teknis Pemetaan Alur Sungai untuk Keselamatan Pelayaran,LPSE KABUPATEN KUTAI KARTANEGARA,PT. OSEANO ADHITA PRASARANA,Tidak Menghadiri Pembuktian,,0,
4576198,Perencanaan Teknis Pemetaan Alur Sungai untuk Keselamatan Pelayaran,LPSE KABUPATEN KUTAI KARTANEGARA,PT. TIGA CAHAYA MANDIRI,Tidak Menghadiri Pembuktian,,0,
4576198,Perencanaan Teknis Pemetaan Alur Sungai untuk Keselamatan Pelayaran,LPSE KABUPATEN KUTAI KARTANEGARA,PT. Gumilang Sajati,Tidak Menghadiri Pembuktian,,0,
4576198,Perencanaan Teknis Pemetaan Alur Sungai untuk Keselamatan Pelayaran,LPSE KABUPATEN KUTAI KARTANEGARA,PT. GEMILANG SURYA INTI,Tidak Menghadiri Pembuktian,,0,
4576198,Perencanaan Teknis Pemetaan Alur Sungai untuk Keselamatan Pelayaran,LPSE KABUPATEN KUTAI KARTANEGARA,PT. HEGAR DAYA,Tidak Menghadiri Pembuktian,,0,
4576198,Perencanaan Teknis Pemetaan Alur Sungai untuk Keselamatan Pelayaran,LPSE KABUPATEN KUTAI KARTANEGARA,PT. RISPHA TERRA PARAMA,Tidak Menghadiri Pembuktian,,0,
4576198,Perencanaan Teknis Pemetaan Alur Sungai untuk Keselamatan Pelayaran,LPSE KABUPATEN KUTAI KARTANEGARA,CV. HARSINDO,Tidak Menghadiri Pembuktian,,0,
4576198,Perencanaan Teknis Pemetaan Alur Sungai untuk Keselamatan Pelayaran,LPSE KABUPATEN KUTAI KARTANEGARA,pt. nirasa buana,Tidak Menghadiri Pembuktian,,0,
4576198,Perencanaan Teknis Pemetaan Alur Sungai untuk Keselamatan Pelayaran,LPSE KABUPATEN KUTAI KARTANEGARA,CV. TRI JAYA MANDIRI KONSULTAN,Tidak Menghadiri Pembuktian,,0,
4576198,Perencanaan Teknis Pemetaan Alur Sungai untuk Keselamatan Pelayaran,LPSE KABUPATEN KUTAI KARTANEGARA,PT. ARISTA GEMILANG KONSULINDO,Tidak Menghadiri Pembuktian,,0,
4576198,Perencanaan Teknis Pemetaan Alur Sungai untuk Keselamatan Pelayaran,LPSE KABUPATEN KUTAI KARTANEGARA,PT. Mitrakawasa Konsulindo,Tidak Menghadiri Pembuktian,,0,
4576198,Perencanaan Teknis Pemetaan Alur Sungai untuk Keselamatan Pelayaran,LPSE KABUPATEN KUTAI KARTANEGARA,PT. Bina Buana Raya,Tidak Menghadiri Pembuktian,,0,
4576198,Perencanaan Teknis Pemetaan Alur Sungai untuk Keselamatan Pelayaran,LPSE KABUPATEN KUTAI KARTANEGARA,PT.PRANA KURNIA PRATAMA,Tidak Menghadiri Pembuktian,,0,
4576198,Perencanaan Teknis Pemetaan Alur Sungai untuk Keselamatan Pelayaran,LPSE KABUPATEN KUTAI KARTANEGARA,PT. RAMA SUMBER TEKNIK,Tidak Menghadiri Pembuktian,,0,
4576198,Perencanaan Teknis Pemetaan Alur Sungai untuk Keselamatan Pelayaran,LPSE KABUPATEN KUTAI KARTANEGARA,CV. PROFIL KONSULTAN,Tidak Menghadiri Pembuktian,,0,
4576198,Perencanaan Teknis Pemetaan Alur Sungai untuk Keselamatan Pelayaran,LPSE KABUPATEN KUTAI KARTANEGARA,cv. datum,Tidak Menghadiri Pembuktian,,0,
4576198,Perencanaan Teknis Pemetaan Alur Sungai untuk Keselamatan Pelayaran,LPSE KABUPATEN KUTAI KARTANEGARA,PT.BIOSFERA WIDHY ENGINEERING,Tidak Menghadiri Pembuktian,,0,
4576198,Perencanaan Teknis Pemetaan Alur Sungai untuk Keselamatan Pelayaran,LPSE KABUPATEN KUTAI KARTANEGARA,PT. BINA MADANI,Tidak Menghadiri Pembuktian,,0,
4576198,Perencanaan Teknis Pemetaan Alur Sungai untuk Keselamatan Pelayaran,LPSE KABUPATEN KUTAI KARTANEGARA,PT. JASAKONS PUTRA UTAMA,Tidak Menghadiri Pembuktian,,0,
4576198,Perencanaan Teknis Pemetaan Alur Sungai untuk Keselamatan Pelayaran,LPSE KABUPATEN KUTAI KARTANEGARA,PT. MUARA CONSULT,Tidak Menghadiri Pembuktian,,0,
4576198,Perencanaan Teknis Pemetaan Alur Sungai untuk Keselamatan Pelayaran,LPSE KABUPATEN KUTAI KARTANEGARA,PT. Duta Informatika,Tidak Menghadiri Pembuktian,,0,
4576198,Perencanaan Teknis Pemetaan Alur Sungai untuk Keselamatan Pelayaran,LPSE KABUPATEN KUTAI KARTANEGARA,PT. GEOMATIKA MULTI SOLUTION,Tidak Menghadiri Pembuktian,,0,
4576198,Perencanaan Teknis Pemetaan Alur Sungai untuk Keselamatan Pelayaran,LPSE KABUPATEN KUTAI KARTANEGARA,PT. MORTEZA Teknikatama,Tidak Menghadiri Pembuktian,,0,
4576198,Perencanaan Teknis Pemetaan Alur Sungai untuk Keselamatan Pelayaran,LPSE KABUPATEN KUTAI KARTANEGARA,CV. REXCONS INDONESIA,Tidak Menghadiri Pembuktian,,0,
4576198,Perencanaan Teknis Pemetaan Alur Sungai untuk Keselamatan Pelayaran,LPSE KABUPATEN KUTAI KARTANEGARA,PT. BRAMUDA SINERGY,Tidak Menghadiri Pembuktian,,0,
4576198,Perencanaan Teknis Pemetaan Alur Sungai untuk Keselamatan Pelayaran,LPSE KABUPATEN KUTAI KARTANEGARA,PT. EKUILAPATTRA ENJINEERING KONSULTAN,Tidak Menghadiri Pembuktian,,0,
4576198,Perencanaan Teknis Pemetaan Alur Sungai untuk Keselamatan Pelayaran,LPSE KABUPATEN KUTAI KARTANEGARA,PT.SELARAS MULTIARSI KONSULTAN,Tidak Menghadiri Pembuktian,,0,
4576198,Perencanaan Teknis Pemetaan Alur Sungai untuk Keselamatan Pelayaran,LPSE KABUPATEN KUTAI KARTANEGARA,CV.KEMIRI GADING,Tidak Menghadiri Pembuktian,,0,
4576198,Perencanaan Teknis Pemetaan Alur Sungai untuk Keselamatan Pelayaran,LPSE KABUPATEN KUTAI KARTANEGARA,PT.SADHYA GRAHACARA,Tidak Menghadiri Pembuktian,,0,
4566198,Pengawasan Lanjutan Pembangunan Kantor Camat Loa Kulu Seleksi Ulang,LPSE KABUPATEN KUTAI KARTANEGARA,CV. Sawi Mahakam Consultant,Pemenang,"81,12",286990000,"81,12"
4566198,Pengawasan Lanjutan Pembangunan Kantor Camat Loa Kulu Seleksi Ulang,LPSE KABUPATEN KUTAI KARTANEGARA,CV.Trikarya Utama,"Gugur, Tidak Memenuhi Di Persyaratan Kualifikasi",,0,
4566198,Pengawasan Lanjutan Pembangunan Kantor Camat Loa Kulu Seleksi Ulang,LPSE KABUPATEN KUTAI KARTANEGARA,CV. AKASAKA TEKNIKA CONSULTANT,"Lulus, Tidak Diundang",,0,
4566198,Pengawasan Lanjutan Pembangunan Kantor Camat Loa Kulu Seleksi Ulang,LPSE KABUPATEN KUTAI KARTANEGARA,CV. SIKLUS TEKNIK KONSULTAN,"Gugur, Tidak Memenuhi Di Persyaratan Kualifikasi (Pembuktian Kualifikasi).",,0,
4566198,Pengawasan Lanjutan Pembangunan Kantor Camat Loa Kulu Seleksi Ulang,LPSE KABUPATEN KUTAI KARTANEGARA,PT. TEKNIKAL GLOBAL KONSULTAN,"Gugur, Tidak Memenuhi Di Persyaratan Kualifikasi (Pembuktian Kualifikasi).",,0,
4566198,Pengawasan Lanjutan Pembangunan Kantor Camat Loa Kulu Seleksi Ulang,LPSE KABUPATEN KUTAI KARTANEGARA,PT. ASRI SEMESTA BANGUN,Bukan Pemenang,,0,
4566198,Pengawasan Lanjutan Pembangunan Kantor Camat Loa Kulu Seleksi Ulang,LPSE KABUPATEN KUTAI KARTANEGARA,Ri N Ra Artha Karya,"Lulus, Tidak Diundang",,0,
4566198,Pengawasan Lanjutan Pembangunan Kantor Camat Loa Kulu Seleksi Ulang,LPSE KABUPATEN KUTAI KARTANEGARA,CV. MUTIARA KARYA CONSULTANT,"Gugur, Tidak Memenuhi Di Persyaratan Kualifikasi",,0,
4566198,Pengawasan Lanjutan Pembangunan Kantor Camat Loa Kulu Seleksi Ulang,LPSE KABUPATEN KUTAI KARTANEGARA,CV. Sakti Jaya Consultant,"Lulus, Tidak Diundang",,0,
4566198,Pengawasan Lanjutan Pembangunan Kantor Camat Loa Kulu Seleksi Ulang,LPSE KABUPATEN KUTAI KARTANEGARA,PT.BIOSFERA WIDHY ENGINEERING,Bukan Pemenang,,0,
4566198,Pengawasan Lanjutan Pembangunan Kantor Camat Loa Kulu Seleksi Ulang,LPSE KABUPATEN KUTAI KARTANEGARA,PT. Genta Prima Pertiwi,"Gugur, Tidak Memenuhi Di Persyaratan Kualifikasi",,0,
4566198,Pengawasan Lanjutan Pembangunan Kantor Camat Loa Kulu Seleksi Ulang,LPSE KABUPATEN KUTAI KARTANEGARA,CV. DIAN CONSULTAN,"Gugur, Tidak Memenuhi Di Persyaratan Kualifikasi",,0,
4566198,Pengawasan Lanjutan Pembangunan Kantor Camat Loa Kulu Seleksi Ulang,LPSE KABUPATEN KUTAI KARTANEGARA,PT. MITRA AGUNG MANUNGGAL,Tidak Menghadiri Pembuktian,,0,
4566198,Pengawasan Lanjutan Pembangunan Kantor Camat Loa Kulu Seleksi Ulang,LPSE KABUPATEN KUTAI KARTANEGARA,PT. ARISTA GEMILANG KONSULINDO,Tidak Menghadiri Pembuktian,,0,
4566198,Pengawasan Lanjutan Pembangunan Kantor Camat Loa Kulu Seleksi Ulang,LPSE KABUPATEN KUTAI KARTANEGARA,PT. MARANNU MARAYA MAINDAN,Tidak Menghadiri Pembuktian,,0,
4566198,Pengawasan Lanjutan Pembangunan Kantor Camat Loa Kulu Seleksi Ulang,LPSE KABUPATEN KUTAI KARTANEGARA,CV. Cremona Teknik Consultant,Tidak Menghadiri Pembuktian,,0,
4566198,Pengawasan Lanjutan Pembangunan Kantor Camat Loa Kulu Seleksi Ulang,LPSE KABUPATEN KUTAI KARTANEGARA,PT. BLANTIKA MULTI ENGINEER,Tidak Menghadiri Pembuktian,,0,
4566198,Pengawasan Lanjutan Pembangunan Kantor Camat Loa Kulu Seleksi Ulang,LPSE KABUPATEN KUTAI KARTANEGARA,PT Karya Kompas Konsultan,Tidak Menghadiri Pembuktian,,0,
4566198,Pengawasan Lanjutan Pembangunan Kantor Camat Loa Kulu Seleksi Ulang,LPSE KABUPATEN KUTAI KARTANEGARA,PT. ABDI SATRIA BHUMI,Tidak Menghadiri Pembuktian,,0,
4566198,Pengawasan Lanjutan Pembangunan Kantor Camat Loa Kulu Seleksi Ulang,LPSE KABUPATEN KUTAI KARTANEGARA,PT.Pradipta Raya Sejahtera,Tidak Menghadiri Pembuktian,,0,
4566198,Pengawasan Lanjutan Pembangunan Kantor Camat Loa Kulu Seleksi Ulang,LPSE KABUPATEN KUTAI KARTANEGARA,CV.KEMIRI GADING,Tidak Menghadiri Pembuktian,,0,
4566198,Pengawasan Lanjutan Pembangunan Kantor Camat Loa Kulu Seleksi Ulang,LPSE KABUPATEN KUTAI KARTANEGARA,PT. BRAMUDA SINERGY,Tidak Menghadiri Pembuktian,,0,
4568198,Perencanaan Pekerjaan Landscape dan Turap RSUD Dayaku Raja Kota Bangun ( Bantkeu - Prov ) Seleksi Ulang,LPSE KABUPATEN KUTAI KARTANEGARA,CV. IMAYA CONSULTING ENGINEERS,Bukan Pemenang,"87,53",295295000,"87,53"
4568198,Perencanaan Pekerjaan Landscape dan Turap RSUD Dayaku Raja Kota Bangun ( Bantkeu - Prov ) Seleksi Ulang,LPSE KABUPATEN KUTAI KARTANEGARA,PT. GEMILANG SURYA INTI,Bukan Pemenang,"75,7",315150000,"75,7"
4568198,Perencanaan Pekerjaan Landscape dan Turap RSUD Dayaku Raja Kota Bangun ( Bantkeu - Prov ) Seleksi Ulang,LPSE KABUPATEN KUTAI KARTANEGARA,PT. ABDI SATRIA BHUMI,Pemenang,"88,76",317982000,"88,76"
4568198,Perencanaan Pekerjaan Landscape dan Turap RSUD Dayaku Raja Kota Bangun ( Bantkeu - Prov ) Seleksi Ulang,LPSE KABUPATEN KUTAI KARTANEGARA,CV. MUTIARA KARYA CONSULTANT,Tidak Diundang/Tidak Masuk Daftar Pendek,,0,
4568198,Perencanaan Pekerjaan Landscape dan Turap RSUD Dayaku Raja Kota Bangun ( Bantkeu - Prov ) Seleksi Ulang,LPSE KABUPATEN KUTAI KARTANEGARA,PT. ARISTA GEMILANG KONSULINDO,Tidak Diundang/Tidak Masuk Daftar Pendek,,0,
4568198,Perencanaan Pekerjaan Landscape dan Turap RSUD Dayaku Raja Kota Bangun ( Bantkeu - Prov ) Seleksi Ulang,LPSE KABUPATEN KUTAI KARTANEGARA,PT. BLANTIKA MULTI ENGINEER,Tidak Diundang/Tidak Menghadiri Pembuktian Kualifikasi,,0,
4568198,Perencanaan Pekerjaan Landscape dan Turap RSUD Dayaku Raja Kota Bangun ( Bantkeu - Prov ) Seleksi Ulang,LPSE KABUPATEN KUTAI KARTANEGARA,PT Karya Kompas Konsultan,Tidak Diundang/Tidak Memenuhi Persyaratan Administrasi Kualifikasi,,0,
4568198,Perencanaan Pekerjaan Landscape dan Turap RSUD Dayaku Raja Kota Bangun ( Bantkeu - Prov ) Seleksi Ulang,LPSE KABUPATEN KUTAI KARTANEGARA,CV. KALTICONS DESAIN,Tidak Diundang/Tidak Memenuhi Persyaratan Administrasi Kualifikasi,,0,
4568198,Perencanaan Pekerjaan Landscape dan Turap RSUD Dayaku Raja Kota Bangun ( Bantkeu - Prov ) Seleksi Ulang,LPSE KABUPATEN KUTAI KARTANEGARA,PT. MATRA ESTETIKA REKAYASA,Tidak Diundang/Tidak Menghadiri Pembuktian Kualifikasi,,0,
4568198,Perencanaan Pekerjaan Landscape dan Turap RSUD Dayaku Raja Kota Bangun ( Bantkeu - Prov ) Seleksi Ulang,LPSE KABUPATEN KUTAI KARTANEGARA,PT. Munasa Kreasi Nusantara,Tidak Diundang/Tidak Masuk Daftar Pendek,,0,
4568198,Perencanaan Pekerjaan Landscape dan Turap RSUD Dayaku Raja Kota Bangun ( Bantkeu - Prov ) Seleksi Ulang,LPSE KABUPATEN KUTAI KARTANEGARA,PT. Inasa Sakha Kirana,Tidak Diundang/Tidak Menghadiri Pembuktian Kualifikasi,,0,
4568198,Perencanaan Pekerjaan Landscape dan Turap RSUD Dayaku Raja Kota Bangun ( Bantkeu - Prov ) Seleksi Ulang,LPSE KABUPATEN KUTAI KARTANEGARA,PT. TARAM,Tidak Diundang/Tidak Memenuhi Persyaratan Administrasi Kualifikasi,,0,
4568198,Perencanaan Pekerjaan Landscape dan Turap RSUD Dayaku Raja Kota Bangun ( Bantkeu - Prov ) Seleksi Ulang,LPSE KABUPATEN KUTAI KARTANEGARA,CV. REXCONS INDONESIA,Tidak Diundang/Tidak Memenuhi Persyaratan Administrasi Kualifikasi,,0,
4568198,Perencanaan Pekerjaan Landscape dan Turap RSUD Dayaku Raja Kota Bangun ( Bantkeu - Prov ) Seleksi Ulang,LPSE KABUPATEN KUTAI KARTANEGARA,PT. MITRA AGUNG MANUNGGAL,Tidak Diundang/Tidak Memenuhi Persyaratan Administrasi Kualifikasi,,0,
4568198,Perencanaan Pekerjaan Landscape dan Turap RSUD Dayaku Raja Kota Bangun ( Bantkeu - Prov ) Seleksi Ulang,LPSE KABUPATEN KUTAI KARTANEGARA,PT. INTIMULYA MULTIKENCANA,Tidak Menghadiri Pembuktian,,0,
4568198,Perencanaan Pekerjaan Landscape dan Turap RSUD Dayaku Raja Kota Bangun ( Bantkeu - Prov ) Seleksi Ulang,LPSE KABUPATEN KUTAI KARTANEGARA,PT.BIOSFERA WIDHY ENGINEERING,Tidak Menghadiri Pembuktian,,0,
4568198,Perencanaan Pekerjaan Landscape dan Turap RSUD Dayaku Raja Kota Bangun ( Bantkeu - Prov ) Seleksi Ulang,LPSE KABUPATEN KUTAI KARTANEGARA,CV. BUMI BERINGIN JAYA,Tidak Menghadiri Pembuktian,,0,
4568198,Perencanaan Pekerjaan Landscape dan Turap RSUD Dayaku Raja Kota Bangun ( Bantkeu - Prov ) Seleksi Ulang,LPSE KABUPATEN KUTAI KARTANEGARA,CV. &I_GRADASI GARISARCH,Tidak Menghadiri Pembuktian,,0,
4568198,Perencanaan Pekerjaan Landscape dan Turap RSUD Dayaku Raja Kota Bangun ( Bantkeu - Prov ) Seleksi Ulang,LPSE KABUPATEN KUTAI KARTANEGARA,PT. MARANNU MARAYA MAINDAN,Tidak Menghadiri Pembuktian,,0,
4568198,Perencanaan Pekerjaan Landscape dan Turap RSUD Dayaku Raja Kota Bangun ( Bantkeu - Prov ) Seleksi Ulang,LPSE KABUPATEN KUTAI KARTANEGARA,CV. APRESIA ADIMATRA,Tidak Menghadiri Pembuktian,,0,
4568198,Perencanaan Pekerjaan Landscape dan Turap RSUD Dayaku Raja Kota Bangun ( Bantkeu - Prov ) Seleksi Ulang,LPSE KABUPATEN KUTAI KARTANEGARA,CV.DIMENSI KONSULTAN,Tidak Menghadiri Pembuktian,,0,
4568198,Perencanaan Pekerjaan Landscape dan Turap RSUD Dayaku Raja Kota Bangun ( Bantkeu - Prov ) Seleksi Ulang,LPSE KABUPATEN KUTAI KARTANEGARA,CV. ARCHIVIL ENGINEERING,Tidak Menghadiri Pembuktian,,0,
4568198,Perencanaan Pekerjaan Landscape dan Turap RSUD Dayaku Raja Kota Bangun ( Bantkeu - Prov ) Seleksi Ulang,LPSE KABUPATEN KUTAI KARTANEGARA,CV. Cremona Teknik Consultant,Tidak Menghadiri Pembuktian,,0,
4568198,Perencanaan Pekerjaan Landscape dan Turap RSUD Dayaku Raja Kota Bangun ( Bantkeu - Prov ) Seleksi Ulang,LPSE KABUPATEN KUTAI KARTANEGARA,PT. ASA DESAIN,Tidak Menghadiri Pembuktian,,0,
4568198,Perencanaan Pekerjaan Landscape dan Turap RSUD Dayaku Raja Kota Bangun ( Bantkeu - Prov ) Seleksi Ulang,LPSE KABUPATEN KUTAI KARTANEGARA,CV. GANESHA TEKNIK,Tidak Menghadiri Pembuktian,,0,
4568198,Perencanaan Pekerjaan Landscape dan Turap RSUD Dayaku Raja Kota Bangun ( Bantkeu - Prov ) Seleksi Ulang,LPSE KABUPATEN KUTAI KARTANEGARA,PT. NUSA TIARA,Tidak Menghadiri Pembuktian,,0,
4568198,Perencanaan Pekerjaan Landscape dan Turap RSUD Dayaku Raja Kota Bangun ( Bantkeu - Prov ) Seleksi Ulang,LPSE KABUPATEN KUTAI KARTANEGARA,CV.KEMIRI GADING,Tidak Menghadiri Pembuktian,,0,
4568198,Perencanaan Pekerjaan Landscape dan Turap RSUD Dayaku Raja Kota Bangun ( Bantkeu - Prov ) Seleksi Ulang,LPSE KABUPATEN KUTAI KARTANEGARA,PT. Genta Prima Pertiwi,Tidak Menghadiri Pembuktian,,0,
4568198,Perencanaan Pekerjaan Landscape dan Turap RSUD Dayaku Raja Kota Bangun ( Bantkeu - Prov ) Seleksi Ulang,LPSE KABUPATEN KUTAI KARTANEGARA,CV. RASYA ALBAR CONSULTANT,Tidak Menghadiri Pembuktian,,0,
4557198,Manajemen Konstruksi Lanjutan Pengembangan Kawasan Wisata Waduk Panji Sukarame Kecamatan Tenggarong Seleksi Ulang,LPSE KABUPATEN KUTAI KARTANEGARA,PT. DELTA BUANA,Pemenang,"80,4",268400000,"80,4"
4557198,Manajemen Konstruksi Lanjutan Pengembangan Kawasan Wisata Waduk Panji Sukarame Kecamatan Tenggarong Seleksi Ulang,LPSE KABUPATEN KUTAI KARTANEGARA,PT. PRIMA MAXIMA ABADI,"Gugur, Tidak memiliki IUJK dan SBU yang dipersyaratkan",,0,
4557198,Manajemen Konstruksi Lanjutan Pengembangan Kawasan Wisata Waduk Panji Sukarame Kecamatan Tenggarong Seleksi Ulang,LPSE KABUPATEN KUTAI KARTANEGARA,PT. MAPINDO MATRAKARSA,"Gugur, Tidak memiliki pengalaman sejenis",,0,
4557198,Manajemen Konstruksi Lanjutan Pengembangan Kawasan Wisata Waduk Panji Sukarame Kecamatan Tenggarong Seleksi Ulang,LPSE KABUPATEN KUTAI KARTANEGARA,PT. BIKONAR PERDANA,Tidak lulus administrasi,,0,
4557198,Manajemen Konstruksi Lanjutan Pengembangan Kawasan Wisata Waduk Panji Sukarame Kecamatan Tenggarong Seleksi Ulang,LPSE KABUPATEN KUTAI KARTANEGARA,PT. ANTARIKSA GLOBALINDO,"Gugur, Tidak memiliki tenaga ahli tetap (Tenaga Ahli Mekanikal Elektrikal)",,0,
4557198,Manajemen Konstruksi Lanjutan Pengembangan Kawasan Wisata Waduk Panji Sukarame Kecamatan Tenggarong Seleksi Ulang,LPSE KABUPATEN KUTAI KARTANEGARA,PT. RANCANG PERSADA,Gugur di Pembuktian Kualifikasi,,0,
4557198,Manajemen Konstruksi Lanjutan Pengembangan Kawasan Wisata Waduk Panji Sukarame Kecamatan Tenggarong Seleksi Ulang,LPSE KABUPATEN KUTAI KARTANEGARA,PARIGRAHA KONSULTAN,Bukan Pemenang,,0,
4557198,Manajemen Konstruksi Lanjutan Pengembangan Kawasan Wisata Waduk Panji Sukarame Kecamatan Tenggarong Seleksi Ulang,LPSE KABUPATEN KUTAI KARTANEGARA,CV. MEGA SKALA,"Gugur, Tidak memiliki IUJK dan SBU yang dipersyaratkan",,0,
4557198,Manajemen Konstruksi Lanjutan Pengembangan Kawasan Wisata Waduk Panji Sukarame Kecamatan Tenggarong Seleksi Ulang,LPSE KABUPATEN KUTAI KARTANEGARA,PT Karya Kompas Konsultan,"Gugur, Tidak memiliki IUJK dan SBU yang dipersyaratkan",,0,
4557198,Manajemen Konstruksi Lanjutan Pengembangan Kawasan Wisata Waduk Panji Sukarame Kecamatan Tenggarong Seleksi Ulang,LPSE KABUPATEN KUTAI KARTANEGARA,PT.BIOSFERA WIDHY ENGINEERING,Tidak Menghadiri Pembuktian,,0,
4557198,Manajemen Konstruksi Lanjutan Pengembangan Kawasan Wisata Waduk Panji Sukarame Kecamatan Tenggarong Seleksi Ulang,LPSE KABUPATEN KUTAI KARTANEGARA,CV. Cremona Teknik Consultant,Tidak Menghadiri Pembuktian,,0,
4557198,Manajemen Konstruksi Lanjutan Pengembangan Kawasan Wisata Waduk Panji Sukarame Kecamatan Tenggarong Seleksi Ulang,LPSE KABUPATEN KUTAI KARTANEGARA,PT. BLANTIKA MULTI ENGINEER,Tidak Menghadiri Pembuktian,,0,
4544198,Manajemen Konstruksi Pembangunan Gedung Diklat Bersama Kutai Kartanegara Kecamatan Tenggarong Seberang Seleksi Ulang,LPSE KABUPATEN KUTAI KARTANEGARA,PT. NUSANTARA CITRA KONSULTAN,Pemenang,"76,48",688639600,"76,48"
4544198,Manajemen Konstruksi Pembangunan Gedung Diklat Bersama Kutai Kartanegara Kecamatan Tenggarong Seberang Seleksi Ulang,LPSE KABUPATEN KUTAI KARTANEGARA,PT. MARINA WIDYA KARSA.,Tidak Menghadiri Pembuktian Kualifikasi/Tidak Diundang,,0,
4544198,Manajemen Konstruksi Pembangunan Gedung Diklat Bersama Kutai Kartanegara Kecamatan Tenggarong Seberang Seleksi Ulang,LPSE KABUPATEN KUTAI KARTANEGARA,PT. BIKONAR PERDANA,Bukan Pemenang,,0,
4544198,Manajemen Konstruksi Pembangunan Gedung Diklat Bersama Kutai Kartanegara Kecamatan Tenggarong Seberang Seleksi Ulang,LPSE KABUPATEN KUTAI KARTANEGARA,PT. DELTA BUANA,Bukan Pemenang,,0,
4544198,Manajemen Konstruksi Pembangunan Gedung Diklat Bersama Kutai Kartanegara Kecamatan Tenggarong Seberang Seleksi Ulang,LPSE KABUPATEN KUTAI KARTANEGARA,PT. BENNANTA JASINDO,Tidak Memenuhi Persyaratan Pembuktian Kualifikasi/Tidak Diundang,,0,
4544198,Manajemen Konstruksi Pembangunan Gedung Diklat Bersama Kutai Kartanegara Kecamatan Tenggarong Seberang Seleksi Ulang,LPSE KABUPATEN KUTAI KARTANEGARA,PT.Angelia Oerip Mandiri,Bukan Pemenang,,0,
4544198,Manajemen Konstruksi Pembangunan Gedung Diklat Bersama Kutai Kartanegara Kecamatan Tenggarong Seberang Seleksi Ulang,LPSE KABUPATEN KUTAI KARTANEGARA,PT. MULTI MAESTRO DESAIN,Tidak Menghadiri Pembuktian Kualifikasi/Tidak Diundang,,0,
4544198,Manajemen Konstruksi Pembangunan Gedung Diklat Bersama Kutai Kartanegara Kecamatan Tenggarong Seberang Seleksi Ulang,LPSE KABUPATEN KUTAI KARTANEGARA,PT. BENNATIN SURYA CIPTA,Tidak Mengupload Dokumen Penawaran Pada Pembukaan I : Administrasi dan TeknisDiundang,,0,
4544198,Manajemen Konstruksi Pembangunan Gedung Diklat Bersama Kutai Kartanegara Kecamatan Tenggarong Seberang Seleksi Ulang,LPSE KABUPATEN KUTAI KARTANEGARA,PT. ANTARIKSA GLOBALINDO,Bukan Pemenang,,0,
4544198,Manajemen Konstruksi Pembangunan Gedung Diklat Bersama Kutai Kartanegara Kecamatan Tenggarong Seberang Seleksi Ulang,LPSE KABUPATEN KUTAI KARTANEGARA,PT. BLANTIKA MULTI ENGINEER,Tidak Menghadiri Pembuktian,,0,
4544198,Manajemen Konstruksi Pembangunan Gedung Diklat Bersama Kutai Kartanegara Kecamatan Tenggarong Seberang Seleksi Ulang,LPSE KABUPATEN KUTAI KARTANEGARA,PT.NALARENCANA,Tidak Menghadiri Pembuktian,,0,
4544198,Manajemen Konstruksi Pembangunan Gedung Diklat Bersama Kutai Kartanegara Kecamatan Tenggarong Seberang Seleksi Ulang,LPSE KABUPATEN KUTAI KARTANEGARA,PT. MITRA AGUNG MANUNGGAL,Tidak Menghadiri Pembuktian,,0,
4544198,Manajemen Konstruksi Pembangunan Gedung Diklat Bersama Kutai Kartanegara Kecamatan Tenggarong Seberang Seleksi Ulang,LPSE KABUPATEN KUTAI KARTANEGARA,PT. GEOMATIK CONSULTANT,Tidak Menghadiri Pembuktian,,0,
4544198,Manajemen Konstruksi Pembangunan Gedung Diklat Bersama Kutai Kartanegara Kecamatan Tenggarong Seberang Seleksi Ulang,LPSE KABUPATEN KUTAI KARTANEGARA,PT Karya Kompas Konsultan,Tidak Menghadiri Pembuktian,,0,
4544198,Manajemen Konstruksi Pembangunan Gedung Diklat Bersama Kutai Kartanegara Kecamatan Tenggarong Seberang Seleksi Ulang,LPSE KABUPATEN KUTAI KARTANEGARA,PT. Zeybah Primanusa,Tidak Menghadiri Pembuktian,,0,
4544198,Manajemen Konstruksi Pembangunan Gedung Diklat Bersama Kutai Kartanegara Kecamatan Tenggarong Seberang Seleksi Ulang,LPSE KABUPATEN KUTAI KARTANEGARA,CV.KEMIRI GADING,Tidak Menghadiri Pembuktian,,0,
4544198,Manajemen Konstruksi Pembangunan Gedung Diklat Bersama Kutai Kartanegara Kecamatan Tenggarong Seberang Seleksi Ulang,LPSE KABUPATEN KUTAI KARTANEGARA,PT. MARANNU MARAYA MAINDAN,Tidak Menghadiri Pembuktian,,0,
4544198,Manajemen Konstruksi Pembangunan Gedung Diklat Bersama Kutai Kartanegara Kecamatan Tenggarong Seberang Seleksi Ulang,LPSE KABUPATEN KUTAI KARTANEGARA,PT. BINA KARYA (Persero),Tidak Menghadiri Pembuktian,,0,
4533198,Manajemen Konstruksi Pembangunan Jembatan Pulau Kumala Kecamatan Tenggarong.,LPSE KABUPATEN KUTAI KARTANEGARA,PT. DAYA CIPTA DIANRANCANA,Pemenang,"97,25",1279465000,"97,25"
4533198,Manajemen Konstruksi Pembangunan Jembatan Pulau Kumala Kecamatan Tenggarong.,LPSE KABUPATEN KUTAI KARTANEGARA,PT. CINIPTA TRIUTAMA JAYA,Gugur di Administrasi,,0,
4533198,Manajemen Konstruksi Pembangunan Jembatan Pulau Kumala Kecamatan Tenggarong.,LPSE KABUPATEN KUTAI KARTANEGARA,PT. ARSS BARU,Bukan Pemenang,,0,
4533198,Manajemen Konstruksi Pembangunan Jembatan Pulau Kumala Kecamatan Tenggarong.,LPSE KABUPATEN KUTAI KARTANEGARA,PT. Ganes Engineering Consultant,Bukan Pemenang,,0,
4533198,Manajemen Konstruksi Pembangunan Jembatan Pulau Kumala Kecamatan Tenggarong.,LPSE KABUPATEN KUTAI KARTANEGARA,PT.BIMASETA CIPTA OPTIMAL,Gugur di Administrasi,,0,
4533198,Manajemen Konstruksi Pembangunan Jembatan Pulau Kumala Kecamatan Tenggarong.,LPSE KABUPATEN KUTAI KARTANEGARA,PT. SIGMA EKSPRESI,Bukan Pemenang,,0,
4533198,Manajemen Konstruksi Pembangunan Jembatan Pulau Kumala Kecamatan Tenggarong.,LPSE KABUPATEN KUTAI KARTANEGARA,PT. Arenco Binatama,Bukan Pemenang,,0,
4533198,Manajemen Konstruksi Pembangunan Jembatan Pulau Kumala Kecamatan Tenggarong.,LPSE KABUPATEN KUTAI KARTANEGARA,PT. AXIS MUNDI,Lulus Tidak Diundang,,0,
4533198,Manajemen Konstruksi Pembangunan Jembatan Pulau Kumala Kecamatan Tenggarong.,LPSE KABUPATEN KUTAI KARTANEGARA,PT. DELIMA LAKSANA TATA,Gugur di Administrasi,,0,
4533198,Manajemen Konstruksi Pembangunan Jembatan Pulau Kumala Kecamatan Tenggarong.,LPSE KABUPATEN KUTAI KARTANEGARA,PT. RAYAKONSULT,Lulus Tidak Diundang,,0,
4533198,Manajemen Konstruksi Pembangunan Jembatan Pulau Kumala Kecamatan Tenggarong.,LPSE KABUPATEN KUTAI KARTANEGARA,PT. INTIMULYA MULTIKENCANA,Gugur di Administrasi,,0,
4533198,Manajemen Konstruksi Pembangunan Jembatan Pulau Kumala Kecamatan Tenggarong.,LPSE KABUPATEN KUTAI KARTANEGARA,PT. MAHAKA NUGRAHA PERKASA,Gugur di Administrasi,,0,
4533198,Manajemen Konstruksi Pembangunan Jembatan Pulau Kumala Kecamatan Tenggarong.,LPSE KABUPATEN KUTAI KARTANEGARA,AIKON SURVEY MANDIRI,Gugur di Administrasi,,0,
4533198,Manajemen Konstruksi Pembangunan Jembatan Pulau Kumala Kecamatan Tenggarong.,LPSE KABUPATEN KUTAI KARTANEGARA,PT. MAPINDO MATRAKARSA,Lulus Tidak Diundang,,0,
4533198,Manajemen Konstruksi Pembangunan Jembatan Pulau Kumala Kecamatan Tenggarong.,LPSE KABUPATEN KUTAI KARTANEGARA,PT. TUGU PERDANA,Gugur di Administrasi,,0,
4533198,Manajemen Konstruksi Pembangunan Jembatan Pulau Kumala Kecamatan Tenggarong.,LPSE KABUPATEN KUTAI KARTANEGARA,PT. PRIMA MAXIMA ABADI,Gugur di Administrasi,,0,
4533198,Manajemen Konstruksi Pembangunan Jembatan Pulau Kumala Kecamatan Tenggarong.,LPSE KABUPATEN KUTAI KARTANEGARA,PT. Tranadi Tatautami,Gugur di Administrasi,,0,
4533198,Manajemen Konstruksi Pembangunan Jembatan Pulau Kumala Kecamatan Tenggarong.,LPSE KABUPATEN KUTAI KARTANEGARA,PT. Arsirona Pancagraha,Tidak Menghadiri Pembuktian,,0,
4533198,Manajemen Konstruksi Pembangunan Jembatan Pulau Kumala Kecamatan Tenggarong.,LPSE KABUPATEN KUTAI KARTANEGARA,PT. KAIBON RASIREKAYASA,Tidak Menghadiri Pembuktian,,0,
4533198,Manajemen Konstruksi Pembangunan Jembatan Pulau Kumala Kecamatan Tenggarong.,LPSE KABUPATEN KUTAI KARTANEGARA,PT. QORINA KONSULTAN INDONESIA,Tidak Menghadiri Pembuktian,,0,
4533198,Manajemen Konstruksi Pembangunan Jembatan Pulau Kumala Kecamatan Tenggarong.,LPSE KABUPATEN KUTAI KARTANEGARA,NUSANTARA SARANA JASA,Tidak Menghadiri Pembuktian,,0,
4533198,Manajemen Konstruksi Pembangunan Jembatan Pulau Kumala Kecamatan Tenggarong.,LPSE KABUPATEN KUTAI KARTANEGARA,PT. ALOCITA MANDIRI,Tidak Menghadiri Pembuktian,,0,
4533198,Manajemen Konstruksi Pembangunan Jembatan Pulau Kumala Kecamatan Tenggarong.,LPSE KABUPATEN KUTAI KARTANEGARA,PT.BIOSFERA WIDHY ENGINEERING,Tidak Menghadiri Pembuktian,,0,
4533198,Manajemen Konstruksi Pembangunan Jembatan Pulau Kumala Kecamatan Tenggarong.,LPSE KABUPATEN KUTAI KARTANEGARA,PT. MASSUKA PRATAMA,Tidak Menghadiri Pembuktian,,0,
4533198,Manajemen Konstruksi Pembangunan Jembatan Pulau Kumala Kecamatan Tenggarong.,LPSE KABUPATEN KUTAI KARTANEGARA,PT. TEKNIKA CIPTAKONSULTAN,Tidak Menghadiri Pembuktian,,0,
4533198,Manajemen Konstruksi Pembangunan Jembatan Pulau Kumala Kecamatan Tenggarong.,LPSE KABUPATEN KUTAI KARTANEGARA,PT. KANTA KARYA UTAMA,Tidak Menghadiri Pembuktian,,0,
4533198,Manajemen Konstruksi Pembangunan Jembatan Pulau Kumala Kecamatan Tenggarong.,LPSE KABUPATEN KUTAI KARTANEGARA,CV. BINTANG RINJANI,Tidak Menghadiri Pembuktian,,0,
4533198,Manajemen Konstruksi Pembangunan Jembatan Pulau Kumala Kecamatan Tenggarong.,LPSE KABUPATEN KUTAI KARTANEGARA,"MAWATINDO ROAD CONSTRUCTION, PT",Tidak Menghadiri Pembuktian,,0,
4533198,Manajemen Konstruksi Pembangunan Jembatan Pulau Kumala Kecamatan Tenggarong.,LPSE KABUPATEN KUTAI KARTANEGARA,PT. Zimisi Tribina Marubama,Tidak Menghadiri Pembuktian,,0,
4533198,Manajemen Konstruksi Pembangunan Jembatan Pulau Kumala Kecamatan Tenggarong.,LPSE KABUPATEN KUTAI KARTANEGARA,PT. ANTARIKSA GLOBALINDO,Tidak Menghadiri Pembuktian,,0,
4523198,Pengawasan Teknis Lanjutan Pembangunan Jogging Track Taman Kota di Tepi Sungai Mahakam Kecamatan Tenggarong,LPSE KABUPATEN KUTAI KARTANEGARA,PT. SECON DWITUNGGAL PUTRA,Pemenang,"79,01",552750000,"79,01"
4523198,Pengawasan Teknis Lanjutan Pembangunan Jogging Track Taman Kota di Tepi Sungai Mahakam Kecamatan Tenggarong,LPSE KABUPATEN KUTAI KARTANEGARA,PT. Teraga Olahrakayasa,Bukan Pemenang,"77,96",553300000,"77,96"
4523198,Pengawasan Teknis Lanjutan Pembangunan Jogging Track Taman Kota di Tepi Sungai Mahakam Kecamatan Tenggarong,LPSE KABUPATEN KUTAI KARTANEGARA,PT. GEMILANG SURYA INTI,Bukan Pemenang,,0,
4523198,Pengawasan Teknis Lanjutan Pembangunan Jogging Track Taman Kota di Tepi Sungai Mahakam Kecamatan Tenggarong,LPSE KABUPATEN KUTAI KARTANEGARA,PT GEOMAP INTERNATIONAL CONSULTANT,Tidak Menghadiri Pembuktian Kualifikasi/Tidak Diundang,,0,
4523198,Pengawasan Teknis Lanjutan Pembangunan Jogging Track Taman Kota di Tepi Sungai Mahakam Kecamatan Tenggarong,LPSE KABUPATEN KUTAI KARTANEGARA,PT. METRO ASTADI,Tidak Memenuhi Persyaratan Kualifikasi (Tidak Ada Pengalaman Sejenis)/Tidak Diundang,,0,
4523198,Pengawasan Teknis Lanjutan Pembangunan Jogging Track Taman Kota di Tepi Sungai Mahakam Kecamatan Tenggarong,LPSE KABUPATEN KUTAI KARTANEGARA,PT. QORINA KONSULTAN INDONESIA,Tidak Memenuhi Persyaratan Kualifikasi/Tidak Diundang,,0,
4523198,Pengawasan Teknis Lanjutan Pembangunan Jogging Track Taman Kota di Tepi Sungai Mahakam Kecamatan Tenggarong,LPSE KABUPATEN KUTAI KARTANEGARA,PT. AMSECON BERLIAN SEJAHTERA,Tidak Memenuhi Persyaratan Kualifikasi/Tidak Diundang,,0,
4523198,Pengawasan Teknis Lanjutan Pembangunan Jogging Track Taman Kota di Tepi Sungai Mahakam Kecamatan Tenggarong,LPSE KABUPATEN KUTAI KARTANEGARA,PT. BIKONAR PERDANA,Bukan Pemenang,,0,
4523198,Pengawasan Teknis Lanjutan Pembangunan Jogging Track Taman Kota di Tepi Sungai Mahakam Kecamatan Tenggarong,LPSE KABUPATEN KUTAI KARTANEGARA,PT. CINIPTA TRIUTAMA JAYA,"Lulus, Tidak Termasuk Daftar Urutan Yang Diundang/Tidak Diundang",,0,
4523198,Pengawasan Teknis Lanjutan Pembangunan Jogging Track Taman Kota di Tepi Sungai Mahakam Kecamatan Tenggarong,LPSE KABUPATEN KUTAI KARTANEGARA,PT. ABDI SATRIA BHUMI,Bukan Pemenang,,0,
4523198,Pengawasan Teknis Lanjutan Pembangunan Jogging Track Taman Kota di Tepi Sungai Mahakam Kecamatan Tenggarong,LPSE KABUPATEN KUTAI KARTANEGARA,PT. MARANNU MARAYA MAINDAN,Tidak Memenuhi Persyaratan Kualifikasi (Tidak Ada Pengalaman Sejenis)/Tidak Diundang,,0,
4523198,Pengawasan Teknis Lanjutan Pembangunan Jogging Track Taman Kota di Tepi Sungai Mahakam Kecamatan Tenggarong,LPSE KABUPATEN KUTAI KARTANEGARA,PT. WAHANA PRAKARSA UTAMA,Tidak Memenuhi Persyaratan Kualifikasi (Tidak Ada Pengalaman Sejenis)/Tidak Diundang,,0,
4523198,Pengawasan Teknis Lanjutan Pembangunan Jogging Track Taman Kota di Tepi Sungai Mahakam Kecamatan Tenggarong,LPSE KABUPATEN KUTAI KARTANEGARA,PT. HARDJA MOEKTI CONSULTANT,Tidak Memenuhi Persyaratan Kualifikasi (Tidak Ada Pengalaman Sejenis)/Tidak Diundang,,0,
4523198,Pengawasan Teknis Lanjutan Pembangunan Jogging Track Taman Kota di Tepi Sungai Mahakam Kecamatan Tenggarong,LPSE KABUPATEN KUTAI KARTANEGARA,PT.BIOSFERA WIDHY ENGINEERING,Tidak Menghadiri Pembuktian Kualifikasi/Tidak Diundang,,0,
4523198,Pengawasan Teknis Lanjutan Pembangunan Jogging Track Taman Kota di Tepi Sungai Mahakam Kecamatan Tenggarong,LPSE KABUPATEN KUTAI KARTANEGARA,PT.INDRA CIPTA DIMENSI,Tidak Menghadiri Pembuktian Kualifikasi/Tidak Diundang,,0,
4523198,Pengawasan Teknis Lanjutan Pembangunan Jogging Track Taman Kota di Tepi Sungai Mahakam Kecamatan Tenggarong,LPSE KABUPATEN KUTAI KARTANEGARA,CV. Diva Berkarya,Tidak Memenuhi Persyaratan Kualifikasi/Tidak Diundang,,0,
4523198,Pengawasan Teknis Lanjutan Pembangunan Jogging Track Taman Kota di Tepi Sungai Mahakam Kecamatan Tenggarong,LPSE KABUPATEN KUTAI KARTANEGARA,CV. Excelindo Consultant,Tidak Menghadiri Pembuktian,,0,
4523198,Pengawasan Teknis Lanjutan Pembangunan Jogging Track Taman Kota di Tepi Sungai Mahakam Kecamatan Tenggarong,LPSE KABUPATEN KUTAI KARTANEGARA,PT. BENNANTA JASINDO,Tidak Menghadiri Pembuktian,,0,
4523198,Pengawasan Teknis Lanjutan Pembangunan Jogging Track Taman Kota di Tepi Sungai Mahakam Kecamatan Tenggarong,LPSE KABUPATEN KUTAI KARTANEGARA,CV.KEMIRI GADING,Tidak Menghadiri Pembuktian,,0,
4523198,Pengawasan Teknis Lanjutan Pembangunan Jogging Track Taman Kota di Tepi Sungai Mahakam Kecamatan Tenggarong,LPSE KABUPATEN KUTAI KARTANEGARA,PT. BENNATIN SURYA CIPTA,Tidak Menghadiri Pembuktian,,0,
4523198,Pengawasan Teknis Lanjutan Pembangunan Jogging Track Taman Kota di Tepi Sungai Mahakam Kecamatan Tenggarong,LPSE KABUPATEN KUTAI KARTANEGARA,Maju Bersama Bangsa,Tidak Menghadiri Pembuktian,,0,
4523198,Pengawasan Teknis Lanjutan Pembangunan Jogging Track Taman Kota di Tepi Sungai Mahakam Kecamatan Tenggarong,LPSE KABUPATEN KUTAI KARTANEGARA,CV. KALTICONS DESAIN,Tidak Menghadiri Pembuktian,,0,
4523198,Pengawasan Teknis Lanjutan Pembangunan Jogging Track Taman Kota di Tepi Sungai Mahakam Kecamatan Tenggarong,LPSE KABUPATEN KUTAI KARTANEGARA,PT.TEKNIK EKSAKTA,Tidak Menghadiri Pembuktian,,0,
4523198,Pengawasan Teknis Lanjutan Pembangunan Jogging Track Taman Kota di Tepi Sungai Mahakam Kecamatan Tenggarong,LPSE KABUPATEN KUTAI KARTANEGARA,PT. ASRI SEMESTA BANGUN,Tidak Menghadiri Pembuktian,,0,
4523198,Pengawasan Teknis Lanjutan Pembangunan Jogging Track Taman Kota di Tepi Sungai Mahakam Kecamatan Tenggarong,LPSE KABUPATEN KUTAI KARTANEGARA,PT. INTIMULYA MULTIKENCANA,Tidak Menghadiri Pembuktian,,0,
4523198,Pengawasan Teknis Lanjutan Pembangunan Jogging Track Taman Kota di Tepi Sungai Mahakam Kecamatan Tenggarong,LPSE KABUPATEN KUTAI KARTANEGARA,CV.Trikarya Utama,Tidak Menghadiri Pembuktian,,0,
4523198,Pengawasan Teknis Lanjutan Pembangunan Jogging Track Taman Kota di Tepi Sungai Mahakam Kecamatan Tenggarong,LPSE KABUPATEN KUTAI KARTANEGARA,PT. ARISTA GEMILANG KONSULINDO,Tidak Menghadiri Pembuktian,,0,
4523198,Pengawasan Teknis Lanjutan Pembangunan Jogging Track Taman Kota di Tepi Sungai Mahakam Kecamatan Tenggarong,LPSE KABUPATEN KUTAI KARTANEGARA,PT. UNICONSULT INDONESIA,Tidak Menghadiri Pembuktian,,0,
4523198,Pengawasan Teknis Lanjutan Pembangunan Jogging Track Taman Kota di Tepi Sungai Mahakam Kecamatan Tenggarong,LPSE KABUPATEN KUTAI KARTANEGARA,CV. Sakti Jaya Consultant,Tidak Menghadiri Pembuktian,,0,
4523198,Pengawasan Teknis Lanjutan Pembangunan Jogging Track Taman Kota di Tepi Sungai Mahakam Kecamatan Tenggarong,LPSE KABUPATEN KUTAI KARTANEGARA,PT. Arsirona Pancagraha,Tidak Menghadiri Pembuktian,,0,
4523198,Pengawasan Teknis Lanjutan Pembangunan Jogging Track Taman Kota di Tepi Sungai Mahakam Kecamatan Tenggarong,LPSE KABUPATEN KUTAI KARTANEGARA,PT. DELTA BUANA,Tidak Menghadiri Pembuktian,,0,
4523198,Pengawasan Teknis Lanjutan Pembangunan Jogging Track Taman Kota di Tepi Sungai Mahakam Kecamatan Tenggarong,LPSE KABUPATEN KUTAI KARTANEGARA,PT.AZEVEDOPRATAMA CONSULTANTS,Tidak Menghadiri Pembuktian,,0,
4523198,Pengawasan Teknis Lanjutan Pembangunan Jogging Track Taman Kota di Tepi Sungai Mahakam Kecamatan Tenggarong,LPSE KABUPATEN KUTAI KARTANEGARA,PT. BLANTIKA MULTI ENGINEER,Tidak Menghadiri Pembuktian,,0,
4523198,Pengawasan Teknis Lanjutan Pembangunan Jogging Track Taman Kota di Tepi Sungai Mahakam Kecamatan Tenggarong,LPSE KABUPATEN KUTAI KARTANEGARA,BINA MANDIRI ENGINEERING CONSULTANT,Tidak Menghadiri Pembuktian,,0,
4523198,Pengawasan Teknis Lanjutan Pembangunan Jogging Track Taman Kota di Tepi Sungai Mahakam Kecamatan Tenggarong,LPSE KABUPATEN KUTAI KARTANEGARA,RAIS 99 KONSULTAN,Tidak Menghadiri Pembuktian,,0,
4523198,Pengawasan Teknis Lanjutan Pembangunan Jogging Track Taman Kota di Tepi Sungai Mahakam Kecamatan Tenggarong,LPSE KABUPATEN KUTAI KARTANEGARA,CV. GEOSYLVA LESTARI,Tidak Menghadiri Pembuktian,,0,
4523198,Pengawasan Teknis Lanjutan Pembangunan Jogging Track Taman Kota di Tepi Sungai Mahakam Kecamatan Tenggarong,LPSE KABUPATEN KUTAI KARTANEGARA,PT.ASRI ADYATAMA,Tidak Menghadiri Pembuktian,,0,
4520198,Manajemen Konstruksi Lanjutan Pembangunan Pasar Mangkurawang Kecamatan Tenggarong,LPSE KABUPATEN KUTAI KARTANEGARA,PT. DAYA CIPTA DIANRANCANA,Pemenang,"78,0",1225125000,"78,0"
4520198,Manajemen Konstruksi Lanjutan Pembangunan Pasar Mangkurawang Kecamatan Tenggarong,LPSE KABUPATEN KUTAI KARTANEGARA,PT. MARINA WIDYA KARSA.,Bukan Pemenang,"76,97",1235740000,"76,97"
4520198,Manajemen Konstruksi Lanjutan Pembangunan Pasar Mangkurawang Kecamatan Tenggarong,LPSE KABUPATEN KUTAI KARTANEGARA,PT. NUSANTARA CITRA KONSULTAN,Tidak Diundang Tidak Masuk Daftar Pendek,,0,
4520198,Manajemen Konstruksi Lanjutan Pembangunan Pasar Mangkurawang Kecamatan Tenggarong,LPSE KABUPATEN KUTAI KARTANEGARA,PT Yusta Margaraya,Bukan Pemenang,,0,
4520198,Manajemen Konstruksi Lanjutan Pembangunan Pasar Mangkurawang Kecamatan Tenggarong,LPSE KABUPATEN KUTAI KARTANEGARA,PT. ARIA GRAHA,Bukan Pemenang,,0,
4520198,Manajemen Konstruksi Lanjutan Pembangunan Pasar Mangkurawang Kecamatan Tenggarong,LPSE KABUPATEN KUTAI KARTANEGARA,PT. ANTARIKSA GLOBALINDO,Tidak Diundang Tidak Masuk Daftar Pendek,,0,
4520198,Manajemen Konstruksi Lanjutan Pembangunan Pasar Mangkurawang Kecamatan Tenggarong,LPSE KABUPATEN KUTAI KARTANEGARA,PT. GIRI AWAS,Bukan Pemenang,,0,
4520198,Manajemen Konstruksi Lanjutan Pembangunan Pasar Mangkurawang Kecamatan Tenggarong,LPSE KABUPATEN KUTAI KARTANEGARA,Maju Bersama Bangsa,Tidak Menghadiri Pembuktian,,0,
4520198,Manajemen Konstruksi Lanjutan Pembangunan Pasar Mangkurawang Kecamatan Tenggarong,LPSE KABUPATEN KUTAI KARTANEGARA,PT. WIJAYA KARYA NUSANTARA,Tidak Menghadiri Pembuktian,,0,
4520198,Manajemen Konstruksi Lanjutan Pembangunan Pasar Mangkurawang Kecamatan Tenggarong,LPSE KABUPATEN KUTAI KARTANEGARA,CV. EMWE BERSAUDARA,Tidak Menghadiri Pembuktian,,0,
4520198,Manajemen Konstruksi Lanjutan Pembangunan Pasar Mangkurawang Kecamatan Tenggarong,LPSE KABUPATEN KUTAI KARTANEGARA,CV.Trikarya Utama,Tidak Menghadiri Pembuktian,,0,
4520198,Manajemen Konstruksi Lanjutan Pembangunan Pasar Mangkurawang Kecamatan Tenggarong,LPSE KABUPATEN KUTAI KARTANEGARA,PT. ARISTA GEMILANG KONSULINDO,Tidak Menghadiri Pembuktian,,0,
4520198,Manajemen Konstruksi Lanjutan Pembangunan Pasar Mangkurawang Kecamatan Tenggarong,LPSE KABUPATEN KUTAI KARTANEGARA,CV.MAHA AJI PERDANA,Tidak Menghadiri Pembuktian,,0,
4520198,Manajemen Konstruksi Lanjutan Pembangunan Pasar Mangkurawang Kecamatan Tenggarong,LPSE KABUPATEN KUTAI KARTANEGARA,CV. CHANDRA MARGA PRATAMA,Tidak Menghadiri Pembuktian,,0,
4520198,Manajemen Konstruksi Lanjutan Pembangunan Pasar Mangkurawang Kecamatan Tenggarong,LPSE KABUPATEN KUTAI KARTANEGARA,PT. Arsirona Pancagraha,Tidak Menghadiri Pembuktian,,0,
4520198,Manajemen Konstruksi Lanjutan Pembangunan Pasar Mangkurawang Kecamatan Tenggarong,LPSE KABUPATEN KUTAI KARTANEGARA,PT. DELTA BUANA,Tidak Menghadiri Pembuktian,,0,
4520198,Manajemen Konstruksi Lanjutan Pembangunan Pasar Mangkurawang Kecamatan Tenggarong,LPSE KABUPATEN KUTAI KARTANEGARA,PT. GEMILANG MUTIARA PERSADA,Tidak Menghadiri Pembuktian,,0,
4520198,Manajemen Konstruksi Lanjutan Pembangunan Pasar Mangkurawang Kecamatan Tenggarong,LPSE KABUPATEN KUTAI KARTANEGARA,CV. ANDITA KARYA,Tidak Menghadiri Pembuktian,,0,
4520198,Manajemen Konstruksi Lanjutan Pembangunan Pasar Mangkurawang Kecamatan Tenggarong,LPSE KABUPATEN KUTAI KARTANEGARA,PT.BIOSFERA WIDHY ENGINEERING,Tidak Menghadiri Pembuktian,,0,
4520198,Manajemen Konstruksi Lanjutan Pembangunan Pasar Mangkurawang Kecamatan Tenggarong,LPSE KABUPATEN KUTAI KARTANEGARA,CV. Sinar Kawi Jaya,Tidak Menghadiri Pembuktian,,0,
4520198,Manajemen Konstruksi Lanjutan Pembangunan Pasar Mangkurawang Kecamatan Tenggarong,LPSE KABUPATEN KUTAI KARTANEGARA,PT. BIAN UTAMA MANDIRI,Tidak Menghadiri Pembuktian,,0,
4520198,Manajemen Konstruksi Lanjutan Pembangunan Pasar Mangkurawang Kecamatan Tenggarong,LPSE KABUPATEN KUTAI KARTANEGARA,PT. Giritama Persada,Tidak Menghadiri Pembuktian,,0,
4520198,Manajemen Konstruksi Lanjutan Pembangunan Pasar Mangkurawang Kecamatan Tenggarong,LPSE KABUPATEN KUTAI KARTANEGARA,PT. PUTRA ANGGA PRATAMA,Tidak Menghadiri Pembuktian,,0,
4518198,Amdal IT Park Tenggarong,LPSE KABUPATEN KUTAI KARTANEGARA,PT. ANTARIKSA GLOBALINDO,Bukan Pemenang,,0,
4518198,Amdal IT Park Tenggarong,LPSE KABUPATEN KUTAI KARTANEGARA,PT. AXIS MUNDI,Pemenang,"90,6",776700000,"90,6"
4518198,Amdal IT Park Tenggarong,LPSE KABUPATEN KUTAI KARTANEGARA,PT KARSA BUANA LESTARI,Bukan Pemenang,"90,59",893100000,"90,59"
4518198,Amdal IT Park Tenggarong,LPSE KABUPATEN KUTAI KARTANEGARA,PT. PERMATA MARGA KREASI,Tidak memiliki sertifikat dan Pengalaman dalam kurun waktu 4 (empat) tahun terakhir,,0,
4518198,Amdal IT Park Tenggarong,LPSE KABUPATEN KUTAI KARTANEGARA,PT. STADIA,Tidak memiliki SBU,,0,
4518198,Amdal IT Park Tenggarong,LPSE KABUPATEN KUTAI KARTANEGARA,PT. MULTI BINA KREASI,Tidak mengupload dokumen penawaran,,0,
4518198,Amdal IT Park Tenggarong,LPSE KABUPATEN KUTAI KARTANEGARA,PT. GELAR BUANA SEMESTA,Bukan Pemenang,,0,
4518198,Amdal IT Park Tenggarong,LPSE KABUPATEN KUTAI KARTANEGARA,PT. Karya Mandiri Environment,Tidak memiliki SBU,,0,
4518198,Amdal IT Park Tenggarong,LPSE KABUPATEN KUTAI KARTANEGARA,PT. Pandu Persada,Tidak mengupload dokumen penawaran,,0,
4518198,Amdal IT Park Tenggarong,LPSE KABUPATEN KUTAI KARTANEGARA,PT. Sarana Perencana Jaya,Mendapatkan skor terendah dari 7 peserta lainnya (tidak masuk dalam calon daftar pendek),,0,
4518198,Amdal IT Park Tenggarong,LPSE KABUPATEN KUTAI KARTANEGARA,PT. GEOSPASIA WAHANA JAYA,Tidak menghadiri pembuktian kualifikasi,,0,
4518198,Amdal IT Park Tenggarong,LPSE KABUPATEN KUTAI KARTANEGARA,PT. BINTANG TIRTA PRATAMA,Tidak Menghadiri Pembuktian,,0,
4518198,Amdal IT Park Tenggarong,LPSE KABUPATEN KUTAI KARTANEGARA,CV. CHANDRA MARGA PRATAMA,Tidak Menghadiri Pembuktian,,0,
4518198,Amdal IT Park Tenggarong,LPSE KABUPATEN KUTAI KARTANEGARA,CV. TERA ARSI KONSULTAN,Tidak Menghadiri Pembuktian,,0,
4518198,Amdal IT Park Tenggarong,LPSE KABUPATEN KUTAI KARTANEGARA,PT. BLANTIKA MULTI ENGINEER,Tidak Menghadiri Pembuktian,,0,
4518198,Amdal IT Park Tenggarong,LPSE KABUPATEN KUTAI KARTANEGARA,CV.BUKIT PELANGI,Tidak Menghadiri Pembuktian,,0,
4518198,Amdal IT Park Tenggarong,LPSE KABUPATEN KUTAI KARTANEGARA,PT. WIDYA CIPTA BUANA,Tidak Menghadiri Pembuktian,,0,
4518198,Amdal IT Park Tenggarong,LPSE KABUPATEN KUTAI KARTANEGARA,Maju Bersama Bangsa,Tidak Menghadiri Pembuktian,,0,
4518198,Amdal IT Park Tenggarong,LPSE KABUPATEN KUTAI KARTANEGARA,CV. ANDITA KARYA,Tidak Menghadiri Pembuktian,,0,
4518198,Amdal IT Park Tenggarong,LPSE KABUPATEN KUTAI KARTANEGARA,TRIPUTRA MAKMUR ABADI,Tidak Menghadiri Pembuktian,,0,
4518198,Amdal IT Park Tenggarong,LPSE KABUPATEN KUTAI KARTANEGARA,PT. GIRI AWAS,Tidak Menghadiri Pembuktian,,0,
4518198,Amdal IT Park Tenggarong,LPSE KABUPATEN KUTAI KARTANEGARA,PT. ANDIRA KARYA PERSADA,Tidak Menghadiri Pembuktian,,0,
4518198,Amdal IT Park Tenggarong,LPSE KABUPATEN KUTAI KARTANEGARA,AGRONUSA SARTIKA,Tidak Menghadiri Pembuktian,,0,
4518198,Amdal IT Park Tenggarong,LPSE KABUPATEN KUTAI KARTANEGARA,PT. NADZIF PUTRA,Tidak Menghadiri Pembuktian,,0,
4518198,Amdal IT Park Tenggarong,LPSE KABUPATEN KUTAI KARTANEGARA,PT. PRO LESTARI,Tidak Menghadiri Pembuktian,,0,
4518198,Amdal IT Park Tenggarong,LPSE KABUPATEN KUTAI KARTANEGARA,CV. EMWE BERSAUDARA,Tidak Menghadiri Pembuktian,,0,
4518198,Amdal IT Park Tenggarong,LPSE KABUPATEN KUTAI KARTANEGARA,PT. Arthayu Rali Perdana,Tidak Menghadiri Pembuktian,,0,
4519198,Amdal Waterpark,LPSE KABUPATEN KUTAI KARTANEGARA,PT. Sarana Perencana Jaya,Bukan Pemenang,"90,0",631950000,"90,0"
4519198,Amdal Waterpark,LPSE KABUPATEN KUTAI KARTANEGARA,PT KARSA BUANA LESTARI,Pemenang,"93,6",658350000,"93,6"
4519198,Amdal Waterpark,LPSE KABUPATEN KUTAI KARTANEGARA,PT. PERMATA MARGA KREASI,Tidak Memiliki Sertifikat dan Pengalaman Perusahaan Pekerjaan sejenis dalam kurun waktu 10 tahun terakhir,,0,
4519198,Amdal Waterpark,LPSE KABUPATEN KUTAI KARTANEGARA,PT. STADIA,Tidak Memiliki SBU,,0,
4519198,Amdal Waterpark,LPSE KABUPATEN KUTAI KARTANEGARA,PT. MULTI BINA KREASI,Tidak mengupload dokumen penawaran,,0,
4519198,Amdal Waterpark,LPSE KABUPATEN KUTAI KARTANEGARA,PT. GELAR BUANA SEMESTA,Bukan Pemenang,,0,
4519198,Amdal Waterpark,LPSE KABUPATEN KUTAI KARTANEGARA,PT. ANTARIKSA GLOBALINDO,Bukan Pemenang,,0,
4519198,Amdal Waterpark,LPSE KABUPATEN KUTAI KARTANEGARA,PT. Karya Mandiri Environment,Tidak termasuk dalam daftar pendek,,0,
4519198,Amdal Waterpark,LPSE KABUPATEN KUTAI KARTANEGARA,PT. GEOSPASIA WAHANA JAYA,Tidak menghadiri pembuktian kualifikasi,,0,
4519198,Amdal Waterpark,LPSE KABUPATEN KUTAI KARTANEGARA,AGRONUSA SARTIKA,Tidak Menghadiri Pembuktian,,0,
4519198,Amdal Waterpark,LPSE KABUPATEN KUTAI KARTANEGARA,CV. MEZZOSOPRAN MEDIA,Tidak Menghadiri Pembuktian,,0,
4519198,Amdal Waterpark,LPSE KABUPATEN KUTAI KARTANEGARA,PT. PRO LESTARI,Tidak Menghadiri Pembuktian,,0,
4519198,Amdal Waterpark,LPSE KABUPATEN KUTAI KARTANEGARA,CV. KONSULINDO,Tidak Menghadiri Pembuktian,,0,
4519198,Amdal Waterpark,LPSE KABUPATEN KUTAI KARTANEGARA,CV. EMWE BERSAUDARA,Tidak Menghadiri Pembuktian,,0,
4519198,Amdal Waterpark,LPSE KABUPATEN KUTAI KARTANEGARA,PT. Arthayu Rali Perdana,Tidak Menghadiri Pembuktian,,0,
4519198,Amdal Waterpark,LPSE KABUPATEN KUTAI KARTANEGARA,PT. BINTANG TIRTA PRATAMA,Tidak Menghadiri Pembuktian,,0,
4519198,Amdal Waterpark,LPSE KABUPATEN KUTAI KARTANEGARA,CV. TERA ARSI KONSULTAN,Tidak Menghadiri Pembuktian,,0,
4519198,Amdal Waterpark,LPSE KABUPATEN KUTAI KARTANEGARA,PT. BLANTIKA MULTI ENGINEER,Tidak Menghadiri Pembuktian,,0,
4519198,Amdal Waterpark,LPSE KABUPATEN KUTAI KARTANEGARA,PT. WIDYA CIPTA BUANA,Tidak Menghadiri Pembuktian,,0,
4519198,Amdal Waterpark,LPSE KABUPATEN KUTAI KARTANEGARA,CV.BUKIT PELANGI,Tidak Menghadiri Pembuktian,,0,
4519198,Amdal Waterpark,LPSE KABUPATEN KUTAI KARTANEGARA,cv.batara landas jaya,Tidak Menghadiri Pembuktian,,0,
4519198,Amdal Waterpark,LPSE KABUPATEN KUTAI KARTANEGARA,Maju Bersama Bangsa,Tidak Menghadiri Pembuktian,,0,
4519198,Amdal Waterpark,LPSE KABUPATEN KUTAI KARTANEGARA,alumuga,Tidak Menghadiri Pembuktian,,0,
4519198,Amdal Waterpark,LPSE KABUPATEN KUTAI KARTANEGARA,anugrah fajar abadi,Tidak Menghadiri Pembuktian,,0,
4519198,Amdal Waterpark,LPSE KABUPATEN KUTAI KARTANEGARA,LESTI JAYA.CV,Tidak Menghadiri Pembuktian,,0,
4519198,Amdal Waterpark,LPSE KABUPATEN KUTAI KARTANEGARA,CV. ANDITA KARYA,Tidak Menghadiri Pembuktian,,0,
4519198,Amdal Waterpark,LPSE KABUPATEN KUTAI KARTANEGARA,PT. GIRI AWAS,Tidak Menghadiri Pembuktian,,0,
4519198,Amdal Waterpark,LPSE KABUPATEN KUTAI KARTANEGARA,PT. ANDIRA KARYA PERSADA,Tidak Menghadiri Pembuktian,,0,
4519198,Amdal Waterpark,LPSE KABUPATEN KUTAI KARTANEGARA,PT. AYAMARU BAKTIPERTIWI,Tidak Menghadiri Pembuktian,,0,
4517198,Amdal Jembatan Menuju Pulau Kumala,LPSE KABUPATEN KUTAI KARTANEGARA,PT. AXIS MUNDI,Pemenang,"93,6",571700000,"93,6"
4517198,Amdal Jembatan Menuju Pulau Kumala,LPSE KABUPATEN KUTAI KARTANEGARA,PT. Sarana Perencana Jaya,Bukan Pemenang,"88,09",631950000,"88,09"
4517198,Amdal Jembatan Menuju Pulau Kumala,LPSE KABUPATEN KUTAI KARTANEGARA,PT KARSA BUANA LESTARI,Bukan Pemenang,"89,01",672200000,"89,01"
4517198,Amdal Jembatan Menuju Pulau Kumala,LPSE KABUPATEN KUTAI KARTANEGARA,PT. PERMATA MARGA KREASI,Tidak memiliki sertifikat dan pengalaman perusahaan sejenis dalam kurun waktu 10 tahun terakhir,,0,
4517198,Amdal Jembatan Menuju Pulau Kumala,LPSE KABUPATEN KUTAI KARTANEGARA,PT. STADIA,Tidak Memiliki SBU,,0,
4517198,Amdal Jembatan Menuju Pulau Kumala,LPSE KABUPATEN KUTAI KARTANEGARA,PT. MULTI BINA KREASI,Tidak mengupload Dokumen Penawaran,,0,
4517198,Amdal Jembatan Menuju Pulau Kumala,LPSE KABUPATEN KUTAI KARTANEGARA,PT. GELAR BUANA SEMESTA,Bukan Pemenang,,0,
4517198,Amdal Jembatan Menuju Pulau Kumala,LPSE KABUPATEN KUTAI KARTANEGARA,PT. ANTARIKSA GLOBALINDO,Bukan Pemenang,,0,
4517198,Amdal Jembatan Menuju Pulau Kumala,LPSE KABUPATEN KUTAI KARTANEGARA,PT. Karya Mandiri Environment,Tidak Memiliki SBU,,0,
4517198,Amdal Jembatan Menuju Pulau Kumala,LPSE KABUPATEN KUTAI KARTANEGARA,PT. GEOSPASIA WAHANA JAYA,Tidak menghadiri pembuktian kualifikasi,,0,
4517198,Amdal Jembatan Menuju Pulau Kumala,LPSE KABUPATEN KUTAI KARTANEGARA,CV. EMWE BERSAUDARA,Tidak Menghadiri Pembuktian,,0,
4517198,Amdal Jembatan Menuju Pulau Kumala,LPSE KABUPATEN KUTAI KARTANEGARA,PT. Arthayu Rali Perdana,Tidak Menghadiri Pembuktian,,0,
4517198,Amdal Jembatan Menuju Pulau Kumala,LPSE KABUPATEN KUTAI KARTANEGARA,PT. BINTANG TIRTA PRATAMA,Tidak Menghadiri Pembuktian,,0,
4517198,Amdal Jembatan Menuju Pulau Kumala,LPSE KABUPATEN KUTAI KARTANEGARA,CV. TERA ARSI KONSULTAN,Tidak Menghadiri Pembuktian,,0,
4517198,Amdal Jembatan Menuju Pulau Kumala,LPSE KABUPATEN KUTAI KARTANEGARA,PT. BLANTIKA MULTI ENGINEER,Tidak Menghadiri Pembuktian,,0,
4517198,Amdal Jembatan Menuju Pulau Kumala,LPSE KABUPATEN KUTAI KARTANEGARA,CV.BUKIT PELANGI,Tidak Menghadiri Pembuktian,,0,
4517198,Amdal Jembatan Menuju Pulau Kumala,LPSE KABUPATEN KUTAI KARTANEGARA,PT. WIDYA CIPTA BUANA,Tidak Menghadiri Pembuktian,,0,
4517198,Amdal Jembatan Menuju Pulau Kumala,LPSE KABUPATEN KUTAI KARTANEGARA,Maju Bersama Bangsa,Tidak Menghadiri Pembuktian,,0,
4517198,Amdal Jembatan Menuju Pulau Kumala,LPSE KABUPATEN KUTAI KARTANEGARA,CV. ANDITA KARYA,Tidak Menghadiri Pembuktian,,0,
4517198,Amdal Jembatan Menuju Pulau Kumala,LPSE KABUPATEN KUTAI KARTANEGARA,CV. Sinar Kawi Jaya,Tidak Menghadiri Pembuktian,,0,
4517198,Amdal Jembatan Menuju Pulau Kumala,LPSE KABUPATEN KUTAI KARTANEGARA,anugrah fajar abadi,Tidak Menghadiri Pembuktian,,0,
4517198,Amdal Jembatan Menuju Pulau Kumala,LPSE KABUPATEN KUTAI KARTANEGARA,PT. GIRI AWAS,Tidak Menghadiri Pembuktian,,0,
4517198,Amdal Jembatan Menuju Pulau Kumala,LPSE KABUPATEN KUTAI KARTANEGARA,PT. ANDIRA KARYA PERSADA,Tidak Menghadiri Pembuktian,,0,
4517198,Amdal Jembatan Menuju Pulau Kumala,LPSE KABUPATEN KUTAI KARTANEGARA,PT. Giritama Persada,Tidak Menghadiri Pembuktian,,0,
4517198,Amdal Jembatan Menuju Pulau Kumala,LPSE KABUPATEN KUTAI KARTANEGARA,AGRONUSA SARTIKA,Tidak Menghadiri Pembuktian,,0,
4517198,Amdal Jembatan Menuju Pulau Kumala,LPSE KABUPATEN KUTAI KARTANEGARA,PT. PRO LESTARI,Tidak Menghadiri Pembuktian,,0,
4145198,MANAJEMEN KONSTRUKSI PEMBANGUNAN INFRASTRUKTUR JALAN KAWASAN CENTRAL BISNIS DISTRIK TENGGARONG,LPSE KABUPATEN KUTAI KARTANEGARA,PT. ARIA GRAHA,Pemenang,"75,21",5121050000,"75,21"
4145198,MANAJEMEN KONSTRUKSI PEMBANGUNAN INFRASTRUKTUR JALAN KAWASAN CENTRAL BISNIS DISTRIK TENGGARONG,LPSE KABUPATEN KUTAI KARTANEGARA,PT. Yodya Karya (Persero) Cabang Bandung,Tidak mengupload dokumen penawaran,,0,
4145198,MANAJEMEN KONSTRUKSI PEMBANGUNAN INFRASTRUKTUR JALAN KAWASAN CENTRAL BISNIS DISTRIK TENGGARONG,LPSE KABUPATEN KUTAI KARTANEGARA,PT. AMSECON BERLIAN SEJAHTERA,Tidak menghadiri pembuktian kualifikasi maka dinyatakan gugur,,0,
4145198,MANAJEMEN KONSTRUKSI PEMBANGUNAN INFRASTRUKTUR JALAN KAWASAN CENTRAL BISNIS DISTRIK TENGGARONG,LPSE KABUPATEN KUTAI KARTANEGARA,PT. DAYA CIPTA DIANRANCANA,Tidak mengupload dokumen penawaran,,0,
4145198,MANAJEMEN KONSTRUKSI PEMBANGUNAN INFRASTRUKTUR JALAN KAWASAN CENTRAL BISNIS DISTRIK TENGGARONG,LPSE KABUPATEN KUTAI KARTANEGARA,PT Indah Karya (Persero),Gugur administrasi,,0,
4145198,MANAJEMEN KONSTRUKSI PEMBANGUNAN INFRASTRUKTUR JALAN KAWASAN CENTRAL BISNIS DISTRIK TENGGARONG,LPSE KABUPATEN KUTAI KARTANEGARA,PT. DWI ELTIS KONSULTAN,Bukan Pemenang,,0,
4145198,MANAJEMEN KONSTRUKSI PEMBANGUNAN INFRASTRUKTUR JALAN KAWASAN CENTRAL BISNIS DISTRIK TENGGARONG,LPSE KABUPATEN KUTAI KARTANEGARA,PT. SIGMA EKSPRESI,Jangka waktu berlakunya surat penawaran kurang dari waktu sebagaimana tercantum dalam LDP,,0,
4145198,MANAJEMEN KONSTRUKSI PEMBANGUNAN INFRASTRUKTUR JALAN KAWASAN CENTRAL BISNIS DISTRIK TENGGARONG,LPSE KABUPATEN KUTAI KARTANEGARA,PARIGRAHA KONSULTAN,Jangka waktu berlakunya surat penawaran kurang dari waktu sebagaimana tercantum dalam LDP,,0,
4145198,MANAJEMEN KONSTRUKSI PEMBANGUNAN INFRASTRUKTUR JALAN KAWASAN CENTRAL BISNIS DISTRIK TENGGARONG,LPSE KABUPATEN KUTAI KARTANEGARA,PT. JASAKONS PUTRA UTAMA,Bukan Pemenang,,0,
4145198,MANAJEMEN KONSTRUKSI PEMBANGUNAN INFRASTRUKTUR JALAN KAWASAN CENTRAL BISNIS DISTRIK TENGGARONG,LPSE KABUPATEN KUTAI KARTANEGARA,PT. Matriks Centrisindo,Lulus tidak diundang,,0,
4145198,MANAJEMEN KONSTRUKSI PEMBANGUNAN INFRASTRUKTUR JALAN KAWASAN CENTRAL BISNIS DISTRIK TENGGARONG,LPSE KABUPATEN KUTAI KARTANEGARA,PT. BINA KARYA (Persero),tidak menghadiri pembuktian kualifikasi makna dinyatakan gugur,,0,
4145198,MANAJEMEN KONSTRUKSI PEMBANGUNAN INFRASTRUKTUR JALAN KAWASAN CENTRAL BISNIS DISTRIK TENGGARONG,LPSE KABUPATEN KUTAI KARTANEGARA,PT.MARATAMA CIPTA MANDIRI,Gugur administrasi,,0,
4145198,MANAJEMEN KONSTRUKSI PEMBANGUNAN INFRASTRUKTUR JALAN KAWASAN CENTRAL BISNIS DISTRIK TENGGARONG,LPSE KABUPATEN KUTAI KARTANEGARA,PT. BATARA SURYA,Tidak Menghadiri Pembuktian,,0,
4145198,MANAJEMEN KONSTRUKSI PEMBANGUNAN INFRASTRUKTUR JALAN KAWASAN CENTRAL BISNIS DISTRIK TENGGARONG,LPSE KABUPATEN KUTAI KARTANEGARA,PT. BIKONAR PERDANA,Tidak Menghadiri Pembuktian,,0,
4145198,MANAJEMEN KONSTRUKSI PEMBANGUNAN INFRASTRUKTUR JALAN KAWASAN CENTRAL BISNIS DISTRIK TENGGARONG,LPSE KABUPATEN KUTAI KARTANEGARA,PT. Guteg Harindo,Tidak Menghadiri Pembuktian,,0,
4145198,MANAJEMEN KONSTRUKSI PEMBANGUNAN INFRASTRUKTUR JALAN KAWASAN CENTRAL BISNIS DISTRIK TENGGARONG,LPSE KABUPATEN KUTAI KARTANEGARA,PT Pemeta Engineering System,Tidak Menghadiri Pembuktian,,0,
4145198,MANAJEMEN KONSTRUKSI PEMBANGUNAN INFRASTRUKTUR JALAN KAWASAN CENTRAL BISNIS DISTRIK TENGGARONG,LPSE KABUPATEN KUTAI KARTANEGARA,PT. Giritama Persada,Tidak Menghadiri Pembuktian,,0,
4145198,MANAJEMEN KONSTRUKSI PEMBANGUNAN INFRASTRUKTUR JALAN KAWASAN CENTRAL BISNIS DISTRIK TENGGARONG,LPSE KABUPATEN KUTAI KARTANEGARA,BUMI PERSADA ENGINEERING CONSULTANTS. PT,Tidak Menghadiri Pembuktian,,0,
4145198,MANAJEMEN KONSTRUKSI PEMBANGUNAN INFRASTRUKTUR JALAN KAWASAN CENTRAL BISNIS DISTRIK TENGGARONG,LPSE KABUPATEN KUTAI KARTANEGARA,PT. MULTIDECON Internal,Tidak Menghadiri Pembuktian,,0,
4145198,MANAJEMEN KONSTRUKSI PEMBANGUNAN INFRASTRUKTUR JALAN KAWASAN CENTRAL BISNIS DISTRIK TENGGARONG,LPSE KABUPATEN KUTAI KARTANEGARA,PT. MADONA JAYA ABADI,Tidak Menghadiri Pembuktian,,0,
4145198,MANAJEMEN KONSTRUKSI PEMBANGUNAN INFRASTRUKTUR JALAN KAWASAN CENTRAL BISNIS DISTRIK TENGGARONG,LPSE KABUPATEN KUTAI KARTANEGARA,PT. BUMI LASINRANG,Tidak Menghadiri Pembuktian,,0,
4145198,MANAJEMEN KONSTRUKSI PEMBANGUNAN INFRASTRUKTUR JALAN KAWASAN CENTRAL BISNIS DISTRIK TENGGARONG,LPSE KABUPATEN KUTAI KARTANEGARA,PT. JASAKONS NUSA JAYA,Tidak Menghadiri Pembuktian,,0,
4145198,MANAJEMEN KONSTRUKSI PEMBANGUNAN INFRASTRUKTUR JALAN KAWASAN CENTRAL BISNIS DISTRIK TENGGARONG,LPSE KABUPATEN KUTAI KARTANEGARA,PT. Arenco Binatama,Tidak Menghadiri Pembuktian,,0,
4141198,PENGAWASAN TEKNIS PENINGKATAN JALAN SEBULU MENUJU JALAN PROPINSI KEC. SEBULU,LPSE KABUPATEN KUTAI KARTANEGARA,PT. ARSS BARU,Pemenang,"70,0",1483405000,"70,0"
4141198,PENGAWASAN TEKNIS PENINGKATAN JALAN SEBULU MENUJU JALAN PROPINSI KEC. SEBULU,LPSE KABUPATEN KUTAI KARTANEGARA,PT. ARISTA GEMILANG KONSULINDO,Gugur Administrasi,,0,
4141198,PENGAWASAN TEKNIS PENINGKATAN JALAN SEBULU MENUJU JALAN PROPINSI KEC. SEBULU,LPSE KABUPATEN KUTAI KARTANEGARA,CV. MATRIX CONSULTANT,Tidak Menghadiri Pembuktian Kualifikasi,,0,
4141198,PENGAWASAN TEKNIS PENINGKATAN JALAN SEBULU MENUJU JALAN PROPINSI KEC. SEBULU,LPSE KABUPATEN KUTAI KARTANEGARA,CV. VISTAPLAN'79 CONSULTANT,Tidak Menghadiri Pembuktian Kualifikasi,,0,
4141198,PENGAWASAN TEKNIS PENINGKATAN JALAN SEBULU MENUJU JALAN PROPINSI KEC. SEBULU,LPSE KABUPATEN KUTAI KARTANEGARA,CV.Trikarya Utama,Gugur Administrasi,,0,
4141198,PENGAWASAN TEKNIS PENINGKATAN JALAN SEBULU MENUJU JALAN PROPINSI KEC. SEBULU,LPSE KABUPATEN KUTAI KARTANEGARA,PT. JASA TEHNIK MANDIRI,Gugur Administrasi,,0,
4141198,PENGAWASAN TEKNIS PENINGKATAN JALAN SEBULU MENUJU JALAN PROPINSI KEC. SEBULU,LPSE KABUPATEN KUTAI KARTANEGARA,PT. HANATA,Jangka waktu berlakunya surat penawaran kurang dari yang disyaratkan sebagaimana tercantum dalam LDP,,0,
4141198,PENGAWASAN TEKNIS PENINGKATAN JALAN SEBULU MENUJU JALAN PROPINSI KEC. SEBULU,LPSE KABUPATEN KUTAI KARTANEGARA,CV.PUSAKA DIGJAYA,Gugur Administrasi,,0,
4141198,PENGAWASAN TEKNIS PENINGKATAN JALAN SEBULU MENUJU JALAN PROPINSI KEC. SEBULU,LPSE KABUPATEN KUTAI KARTANEGARA,PT.CIDIACH KARYA NUSANTARA,Tidak Menghadiri Pembuktian Kualifikasi,,0,
4141198,PENGAWASAN TEKNIS PENINGKATAN JALAN SEBULU MENUJU JALAN PROPINSI KEC. SEBULU,LPSE KABUPATEN KUTAI KARTANEGARA,PT. MARANNU MARAYA MAINDAN,Tidak mengupload dokumen penawaran,,0,
4141198,PENGAWASAN TEKNIS PENINGKATAN JALAN SEBULU MENUJU JALAN PROPINSI KEC. SEBULU,LPSE KABUPATEN KUTAI KARTANEGARA,PT. HILMY ANUGERAH,Tidak dapat Membuktikan pengalaman 4 ( empat ) tahun terakhir baik dilingkungan pemerintah maupun swasta,,0,
4141198,PENGAWASAN TEKNIS PENINGKATAN JALAN SEBULU MENUJU JALAN PROPINSI KEC. SEBULU,LPSE KABUPATEN KUTAI KARTANEGARA,PT WASKITA UTAMA,Jangka waktu berlakunya surat penawaran kurang dari yang disyaratkan sebagaimana tercantum dalam LDP,,0,
4141198,PENGAWASAN TEKNIS PENINGKATAN JALAN SEBULU MENUJU JALAN PROPINSI KEC. SEBULU,LPSE KABUPATEN KUTAI KARTANEGARA,PT. ADHIYASA DESICON,Tidak mengupload dokumen penawaran,,0,
4141198,PENGAWASAN TEKNIS PENINGKATAN JALAN SEBULU MENUJU JALAN PROPINSI KEC. SEBULU,LPSE KABUPATEN KUTAI KARTANEGARA,PT Adhy Duta Prima,Gugur Administrasi,,0,
4141198,PENGAWASAN TEKNIS PENINGKATAN JALAN SEBULU MENUJU JALAN PROPINSI KEC. SEBULU,LPSE KABUPATEN KUTAI KARTANEGARA,PT. AURAMA KARYA KONSULTAN,Gugur Administrasi,,0,
4141198,PENGAWASAN TEKNIS PENINGKATAN JALAN SEBULU MENUJU JALAN PROPINSI KEC. SEBULU,LPSE KABUPATEN KUTAI KARTANEGARA,PT. Rodenta Konsultan,Tidak Menghadiri Pembuktian Kualifikasi,,0,
4141198,PENGAWASAN TEKNIS PENINGKATAN JALAN SEBULU MENUJU JALAN PROPINSI KEC. SEBULU,LPSE KABUPATEN KUTAI KARTANEGARA,PT. AXIS MUNDI,Gugur Administrasi,,0,
4141198,PENGAWASAN TEKNIS PENINGKATAN JALAN SEBULU MENUJU JALAN PROPINSI KEC. SEBULU,LPSE KABUPATEN KUTAI KARTANEGARA,CV. EXECUTIVE 04 CONSULTANT,Tidak Menghadiri Pembuktian Kualifikasi,,0,
4141198,PENGAWASAN TEKNIS PENINGKATAN JALAN SEBULU MENUJU JALAN PROPINSI KEC. SEBULU,LPSE KABUPATEN KUTAI KARTANEGARA,CITRA BANGUN MANDIRI ENGINEERING CONSULTANT,Lulus Tidak Diundang,,0,
4141198,PENGAWASAN TEKNIS PENINGKATAN JALAN SEBULU MENUJU JALAN PROPINSI KEC. SEBULU,LPSE KABUPATEN KUTAI KARTANEGARA,PT. Ganes Engineering Consultant,Tidak mengupload dokumen penawaran,,0,
4141198,PENGAWASAN TEKNIS PENINGKATAN JALAN SEBULU MENUJU JALAN PROPINSI KEC. SEBULU,LPSE KABUPATEN KUTAI KARTANEGARA,PT.BIOSFERA WIDHY ENGINEERING,Tidak mengupload dokumen penawaran,,0,
4141198,PENGAWASAN TEKNIS PENINGKATAN JALAN SEBULU MENUJU JALAN PROPINSI KEC. SEBULU,LPSE KABUPATEN KUTAI KARTANEGARA,PT. ARCI PRATAMA KONSULTAN,Tidak Menghadiri Pembuktian Kualifikasi,,0,
4141198,PENGAWASAN TEKNIS PENINGKATAN JALAN SEBULU MENUJU JALAN PROPINSI KEC. SEBULU,LPSE KABUPATEN KUTAI KARTANEGARA,PT. Trijasa Binamanunggal,Tidak dapat Membuktikan pengalaman 4 ( empat ) tahun terakhir baik dilingkungan pemerintah maupun swasta,,0,
4141198,PENGAWASAN TEKNIS PENINGKATAN JALAN SEBULU MENUJU JALAN PROPINSI KEC. SEBULU,LPSE KABUPATEN KUTAI KARTANEGARA,PT. Celebes Sarana Jasa,Tidak Menghadiri Pembuktian Kualifikasi,,0,
4141198,PENGAWASAN TEKNIS PENINGKATAN JALAN SEBULU MENUJU JALAN PROPINSI KEC. SEBULU,LPSE KABUPATEN KUTAI KARTANEGARA,PT. BINTANG TIRTA PRATAMA,Tidak Menghadiri Pembuktian,,0,
4141198,PENGAWASAN TEKNIS PENINGKATAN JALAN SEBULU MENUJU JALAN PROPINSI KEC. SEBULU,LPSE KABUPATEN KUTAI KARTANEGARA,PT. GEOMATIK CONSULTANT,Tidak Menghadiri Pembuktian,,0,
4141198,PENGAWASAN TEKNIS PENINGKATAN JALAN SEBULU MENUJU JALAN PROPINSI KEC. SEBULU,LPSE KABUPATEN KUTAI KARTANEGARA,PT. BLANTIKA MULTI ENGINEER,Tidak Menghadiri Pembuktian,,0,
4141198,PENGAWASAN TEKNIS PENINGKATAN JALAN SEBULU MENUJU JALAN PROPINSI KEC. SEBULU,LPSE KABUPATEN KUTAI KARTANEGARA,PT.WIRA KENCANA MANDIRI,Tidak Menghadiri Pembuktian,,0,
4141198,PENGAWASAN TEKNIS PENINGKATAN JALAN SEBULU MENUJU JALAN PROPINSI KEC. SEBULU,LPSE KABUPATEN KUTAI KARTANEGARA,CV. PRIMA JAYA KONSULTAN,Tidak Menghadiri Pembuktian,,0,
4141198,PENGAWASAN TEKNIS PENINGKATAN JALAN SEBULU MENUJU JALAN PROPINSI KEC. SEBULU,LPSE KABUPATEN KUTAI KARTANEGARA,cv. kcutai permai,Tidak Menghadiri Pembuktian,,0,
4141198,PENGAWASAN TEKNIS PENINGKATAN JALAN SEBULU MENUJU JALAN PROPINSI KEC. SEBULU,LPSE KABUPATEN KUTAI KARTANEGARA,PT. ANTUSIAS RAYA,Tidak Menghadiri Pembuktian,,0,
4141198,PENGAWASAN TEKNIS PENINGKATAN JALAN SEBULU MENUJU JALAN PROPINSI KEC. SEBULU,LPSE KABUPATEN KUTAI KARTANEGARA,PT. Guteg Harindo,Tidak Menghadiri Pembuktian,,0,
4141198,PENGAWASAN TEKNIS PENINGKATAN JALAN SEBULU MENUJU JALAN PROPINSI KEC. SEBULU,LPSE KABUPATEN KUTAI KARTANEGARA,PT. CIPTA MULTI KREASI,Tidak Menghadiri Pembuktian,,0,
4141198,PENGAWASAN TEKNIS PENINGKATAN JALAN SEBULU MENUJU JALAN PROPINSI KEC. SEBULU,LPSE KABUPATEN KUTAI KARTANEGARA,CV. BUANA ENGINEERING CONSULTANT,Tidak Menghadiri Pembuktian,,0,
4141198,PENGAWASAN TEKNIS PENINGKATAN JALAN SEBULU MENUJU JALAN PROPINSI KEC. SEBULU,LPSE KABUPATEN KUTAI KARTANEGARA,PT. ARYATAMA,Tidak Menghadiri Pembuktian,,0,
4141198,PENGAWASAN TEKNIS PENINGKATAN JALAN SEBULU MENUJU JALAN PROPINSI KEC. SEBULU,LPSE KABUPATEN KUTAI KARTANEGARA,PT. BENNATIN SURYA CIPTA,Tidak Menghadiri Pembuktian,,0,
4141198,PENGAWASAN TEKNIS PENINGKATAN JALAN SEBULU MENUJU JALAN PROPINSI KEC. SEBULU,LPSE KABUPATEN KUTAI KARTANEGARA,CV. MANUNGGAL JAYA TEKNIK,Tidak Menghadiri Pembuktian,,0,
4141198,PENGAWASAN TEKNIS PENINGKATAN JALAN SEBULU MENUJU JALAN PROPINSI KEC. SEBULU,LPSE KABUPATEN KUTAI KARTANEGARA,PT. BINTANG INTI REKATAMA,Tidak Menghadiri Pembuktian,,0,
4141198,PENGAWASAN TEKNIS PENINGKATAN JALAN SEBULU MENUJU JALAN PROPINSI KEC. SEBULU,LPSE KABUPATEN KUTAI KARTANEGARA,CV KARYA SEJATI,Tidak Menghadiri Pembuktian,,0,
4141198,PENGAWASAN TEKNIS PENINGKATAN JALAN SEBULU MENUJU JALAN PROPINSI KEC. SEBULU,LPSE KABUPATEN KUTAI KARTANEGARA,CV. REKA KUSUMA BUANA,Tidak Menghadiri Pembuktian,,0,
4141198,PENGAWASAN TEKNIS PENINGKATAN JALAN SEBULU MENUJU JALAN PROPINSI KEC. SEBULU,LPSE KABUPATEN KUTAI KARTANEGARA,CV. CIPTA BUANA SEJATI,Tidak Menghadiri Pembuktian,,0,
4141198,PENGAWASAN TEKNIS PENINGKATAN JALAN SEBULU MENUJU JALAN PROPINSI KEC. SEBULU,LPSE KABUPATEN KUTAI KARTANEGARA,PT. Nadjamurti Perkasa,Tidak Menghadiri Pembuktian,,0,
4144198,PENGAWASAN TEKNIS PENINGKATAN JALAN DUA JALUR PASAR MANGKURAWANG MENUJU LAPANGAN PEMUDA KECAMATAN TENGGARONG,LPSE KABUPATEN KUTAI KARTANEGARA,PURNAJASA BIMAPRATAMA,Pemenang,"81,78",1317800000,"81,78"
4144198,PENGAWASAN TEKNIS PENINGKATAN JALAN DUA JALUR PASAR MANGKURAWANG MENUJU LAPANGAN PEMUDA KECAMATAN TENGGARONG,LPSE KABUPATEN KUTAI KARTANEGARA,PT. ARSS BARU,Bukan Pemenang,"69,47",1363010000,"69,47"
4144198,PENGAWASAN TEKNIS PENINGKATAN JALAN DUA JALUR PASAR MANGKURAWANG MENUJU LAPANGAN PEMUDA KECAMATAN TENGGARONG,LPSE KABUPATEN KUTAI KARTANEGARA,PT. ARISTA GEMILANG KONSULINDO,Gugur Administrasi,,0,
4144198,PENGAWASAN TEKNIS PENINGKATAN JALAN DUA JALUR PASAR MANGKURAWANG MENUJU LAPANGAN PEMUDA KECAMATAN TENGGARONG,LPSE KABUPATEN KUTAI KARTANEGARA,CV. VISTAPLAN'79 CONSULTANT,Tidak Menghadiri Pembuktian Kualifikasi,,0,
4144198,PENGAWASAN TEKNIS PENINGKATAN JALAN DUA JALUR PASAR MANGKURAWANG MENUJU LAPANGAN PEMUDA KECAMATAN TENGGARONG,LPSE KABUPATEN KUTAI KARTANEGARA,CV.Trikarya Utama,Gugur Administrasi,,0,
4144198,PENGAWASAN TEKNIS PENINGKATAN JALAN DUA JALUR PASAR MANGKURAWANG MENUJU LAPANGAN PEMUDA KECAMATAN TENGGARONG,LPSE KABUPATEN KUTAI KARTANEGARA,BUMI PERSADA ENGINEERING CONSULTANTS. PT,Lulus Tidak Diundang,,0,
4144198,PENGAWASAN TEKNIS PENINGKATAN JALAN DUA JALUR PASAR MANGKURAWANG MENUJU LAPANGAN PEMUDA KECAMATAN TENGGARONG,LPSE KABUPATEN KUTAI KARTANEGARA,PT. AMSECON BERLIAN SEJAHTERA,Tidak mengupload dokumen penawaran,,0,
4144198,PENGAWASAN TEKNIS PENINGKATAN JALAN DUA JALUR PASAR MANGKURAWANG MENUJU LAPANGAN PEMUDA KECAMATAN TENGGARONG,LPSE KABUPATEN KUTAI KARTANEGARA,PT. DIANTAMA REKANUSA,Jangka waktu berlakunya surat penawaran kurang dari yang disyaratkan sebagaimana tercantum dalam LDP,,0,
4144198,PENGAWASAN TEKNIS PENINGKATAN JALAN DUA JALUR PASAR MANGKURAWANG MENUJU LAPANGAN PEMUDA KECAMATAN TENGGARONG,LPSE KABUPATEN KUTAI KARTANEGARA,PT.CIDIACH KARYA NUSANTARA,Tidak Menghadiri Pembuktian Kualifikasi,,0,
4144198,PENGAWASAN TEKNIS PENINGKATAN JALAN DUA JALUR PASAR MANGKURAWANG MENUJU LAPANGAN PEMUDA KECAMATAN TENGGARONG,LPSE KABUPATEN KUTAI KARTANEGARA,CV. MATRIX CONSULTANT,Tidak Menghadiri Pembuktian Kualifikasi,,0,
4144198,PENGAWASAN TEKNIS PENINGKATAN JALAN DUA JALUR PASAR MANGKURAWANG MENUJU LAPANGAN PEMUDA KECAMATAN TENGGARONG,LPSE KABUPATEN KUTAI KARTANEGARA,Laksana Disain Daya Cipta PT.,Gugur Administrasi,,0,
4144198,PENGAWASAN TEKNIS PENINGKATAN JALAN DUA JALUR PASAR MANGKURAWANG MENUJU LAPANGAN PEMUDA KECAMATAN TENGGARONG,LPSE KABUPATEN KUTAI KARTANEGARA,PT. HILMY ANUGERAH,Tidak dapat Membuktikan pengalaman 4 ( empat ) tahun terakhir baik dilingkungan pemerintah maupun swasta,,0,
4144198,PENGAWASAN TEKNIS PENINGKATAN JALAN DUA JALUR PASAR MANGKURAWANG MENUJU LAPANGAN PEMUDA KECAMATAN TENGGARONG,LPSE KABUPATEN KUTAI KARTANEGARA,PT WASKITA UTAMA,Jangka waktu berlakunya surat penawaran kurang dari yang disyaratkan sebagaimana tercantum dalam LDP,,0,
4144198,PENGAWASAN TEKNIS PENINGKATAN JALAN DUA JALUR PASAR MANGKURAWANG MENUJU LAPANGAN PEMUDA KECAMATAN TENGGARONG,LPSE KABUPATEN KUTAI KARTANEGARA,PT. ADHIYASA DESICON,Tidak mengupload dokumen penawaran,,0,
4144198,PENGAWASAN TEKNIS PENINGKATAN JALAN DUA JALUR PASAR MANGKURAWANG MENUJU LAPANGAN PEMUDA KECAMATAN TENGGARONG,LPSE KABUPATEN KUTAI KARTANEGARA,PT Adhy Duta Prima,Gugur Administrasi,,0,
4144198,PENGAWASAN TEKNIS PENINGKATAN JALAN DUA JALUR PASAR MANGKURAWANG MENUJU LAPANGAN PEMUDA KECAMATAN TENGGARONG,LPSE KABUPATEN KUTAI KARTANEGARA,PT. AURAMA KARYA KONSULTAN,Gugur Administrasi,,0,
4144198,PENGAWASAN TEKNIS PENINGKATAN JALAN DUA JALUR PASAR MANGKURAWANG MENUJU LAPANGAN PEMUDA KECAMATAN TENGGARONG,LPSE KABUPATEN KUTAI KARTANEGARA,PT. Rodenta Konsultan,Tidak Menghadiri Pembuktian Kualifikasi,,0,
4144198,PENGAWASAN TEKNIS PENINGKATAN JALAN DUA JALUR PASAR MANGKURAWANG MENUJU LAPANGAN PEMUDA KECAMATAN TENGGARONG,LPSE KABUPATEN KUTAI KARTANEGARA,CV. EXECUTIVE 04 CONSULTANT,Tidak Menghadiri Pembuktian Kualifikasi,,0,
4144198,PENGAWASAN TEKNIS PENINGKATAN JALAN DUA JALUR PASAR MANGKURAWANG MENUJU LAPANGAN PEMUDA KECAMATAN TENGGARONG,LPSE KABUPATEN KUTAI KARTANEGARA,CITRA BANGUN MANDIRI ENGINEERING CONSULTANT,Lulus Tidak Diundang,,0,
4144198,PENGAWASAN TEKNIS PENINGKATAN JALAN DUA JALUR PASAR MANGKURAWANG MENUJU LAPANGAN PEMUDA KECAMATAN TENGGARONG,LPSE KABUPATEN KUTAI KARTANEGARA,PT. Ganes Engineering Consultant,Tidak mengupload dokumen penawaran,,0,
4144198,PENGAWASAN TEKNIS PENINGKATAN JALAN DUA JALUR PASAR MANGKURAWANG MENUJU LAPANGAN PEMUDA KECAMATAN TENGGARONG,LPSE KABUPATEN KUTAI KARTANEGARA,PT.BIOSFERA WIDHY ENGINEERING,Lulus Tidak Diundang,,0,
4144198,PENGAWASAN TEKNIS PENINGKATAN JALAN DUA JALUR PASAR MANGKURAWANG MENUJU LAPANGAN PEMUDA KECAMATAN TENGGARONG,LPSE KABUPATEN KUTAI KARTANEGARA,PT. ARCI PRATAMA KONSULTAN,Tidak Menghadiri Pembuktian Kualifikasi,,0,
4144198,PENGAWASAN TEKNIS PENINGKATAN JALAN DUA JALUR PASAR MANGKURAWANG MENUJU LAPANGAN PEMUDA KECAMATAN TENGGARONG,LPSE KABUPATEN KUTAI KARTANEGARA,PT. Celebes Sarana Jasa,Tidak Menghadiri Pembuktian Kualifikasi,,0,
4144198,PENGAWASAN TEKNIS PENINGKATAN JALAN DUA JALUR PASAR MANGKURAWANG MENUJU LAPANGAN PEMUDA KECAMATAN TENGGARONG,LPSE KABUPATEN KUTAI KARTANEGARA,CV. PRIMA JAYA KONSULTAN,Tidak Menghadiri Pembuktian,,0,
4144198,PENGAWASAN TEKNIS PENINGKATAN JALAN DUA JALUR PASAR MANGKURAWANG MENUJU LAPANGAN PEMUDA KECAMATAN TENGGARONG,LPSE KABUPATEN KUTAI KARTANEGARA,PT. BINTANG TIRTA PRATAMA,Tidak Menghadiri Pembuktian,,0,
4144198,PENGAWASAN TEKNIS PENINGKATAN JALAN DUA JALUR PASAR MANGKURAWANG MENUJU LAPANGAN PEMUDA KECAMATAN TENGGARONG,LPSE KABUPATEN KUTAI KARTANEGARA,PT. Guteg Harindo,Tidak Menghadiri Pembuktian,,0,
4144198,PENGAWASAN TEKNIS PENINGKATAN JALAN DUA JALUR PASAR MANGKURAWANG MENUJU LAPANGAN PEMUDA KECAMATAN TENGGARONG,LPSE KABUPATEN KUTAI KARTANEGARA,PT. JASA TEHNIK MANDIRI,Tidak Menghadiri Pembuktian,,0,
4144198,PENGAWASAN TEKNIS PENINGKATAN JALAN DUA JALUR PASAR MANGKURAWANG MENUJU LAPANGAN PEMUDA KECAMATAN TENGGARONG,LPSE KABUPATEN KUTAI KARTANEGARA,PT. GEOMATIK CONSULTANT,Tidak Menghadiri Pembuktian,,0,
4144198,PENGAWASAN TEKNIS PENINGKATAN JALAN DUA JALUR PASAR MANGKURAWANG MENUJU LAPANGAN PEMUDA KECAMATAN TENGGARONG,LPSE KABUPATEN KUTAI KARTANEGARA,PT. CIPTA MULTI KREASI,Tidak Menghadiri Pembuktian,,0,
4144198,PENGAWASAN TEKNIS PENINGKATAN JALAN DUA JALUR PASAR MANGKURAWANG MENUJU LAPANGAN PEMUDA KECAMATAN TENGGARONG,LPSE KABUPATEN KUTAI KARTANEGARA,PT. BLANTIKA MULTI ENGINEER,Tidak Menghadiri Pembuktian,,0,
4144198,PENGAWASAN TEKNIS PENINGKATAN JALAN DUA JALUR PASAR MANGKURAWANG MENUJU LAPANGAN PEMUDA KECAMATAN TENGGARONG,LPSE KABUPATEN KUTAI KARTANEGARA,PT. ANTUSIAS RAYA,Tidak Menghadiri Pembuktian,,0,
4144198,PENGAWASAN TEKNIS PENINGKATAN JALAN DUA JALUR PASAR MANGKURAWANG MENUJU LAPANGAN PEMUDA KECAMATAN TENGGARONG,LPSE KABUPATEN KUTAI KARTANEGARA,PT. BENNATIN SURYA CIPTA,Tidak Menghadiri Pembuktian,,0,
4144198,PENGAWASAN TEKNIS PENINGKATAN JALAN DUA JALUR PASAR MANGKURAWANG MENUJU LAPANGAN PEMUDA KECAMATAN TENGGARONG,LPSE KABUPATEN KUTAI KARTANEGARA,PT. BINTANG INTI REKATAMA,Tidak Menghadiri Pembuktian,,0,
4144198,PENGAWASAN TEKNIS PENINGKATAN JALAN DUA JALUR PASAR MANGKURAWANG MENUJU LAPANGAN PEMUDA KECAMATAN TENGGARONG,LPSE KABUPATEN KUTAI KARTANEGARA,CV KARYA SEJATI,Tidak Menghadiri Pembuktian,,0,
4144198,PENGAWASAN TEKNIS PENINGKATAN JALAN DUA JALUR PASAR MANGKURAWANG MENUJU LAPANGAN PEMUDA KECAMATAN TENGGARONG,LPSE KABUPATEN KUTAI KARTANEGARA,CV. REKA KUSUMA BUANA,Tidak Menghadiri Pembuktian,,0,
4144198,PENGAWASAN TEKNIS PENINGKATAN JALAN DUA JALUR PASAR MANGKURAWANG MENUJU LAPANGAN PEMUDA KECAMATAN TENGGARONG,LPSE KABUPATEN KUTAI KARTANEGARA,CV. CIPTA BUANA SEJATI,Tidak Menghadiri Pembuktian,,0,
4144198,PENGAWASAN TEKNIS PENINGKATAN JALAN DUA JALUR PASAR MANGKURAWANG MENUJU LAPANGAN PEMUDA KECAMATAN TENGGARONG,LPSE KABUPATEN KUTAI KARTANEGARA,PT. Nadjamurti Perkasa,Tidak Menghadiri Pembuktian,,0,
4142198,PENGAWASAN TEKNIS PENINGKATAN JALAN MANGKURAWANG - LOA TEBU KEC. TENGGARONG,LPSE KABUPATEN KUTAI KARTANEGARA,PT. Ganes Engineering Consultant,Pemenang,"79,88",720582000,"79,88"
4142198,PENGAWASAN TEKNIS PENINGKATAN JALAN MANGKURAWANG - LOA TEBU KEC. TENGGARONG,LPSE KABUPATEN KUTAI KARTANEGARA,PT. ADHIYASA DESICON,Bukan Pemenang,"78,06",736120000,"78,06"
4142198,PENGAWASAN TEKNIS PENINGKATAN JALAN MANGKURAWANG - LOA TEBU KEC. TENGGARONG,LPSE KABUPATEN KUTAI KARTANEGARA,PT. ARSS BARU,Bukan Pemenang,"73,4",743765000,"73,4"
4142198,PENGAWASAN TEKNIS PENINGKATAN JALAN MANGKURAWANG - LOA TEBU KEC. TENGGARONG,LPSE KABUPATEN KUTAI KARTANEGARA,CV. VISTAPLAN'79 CONSULTANT,Tidak Menghadiri Pembuktian Kualifikasi,,0,
4142198,PENGAWASAN TEKNIS PENINGKATAN JALAN MANGKURAWANG - LOA TEBU KEC. TENGGARONG,LPSE KABUPATEN KUTAI KARTANEGARA,CV. MATRIX CONSULTANT,Tidak Menghadiri Pembuktian Kualifikasi,,0,
4142198,PENGAWASAN TEKNIS PENINGKATAN JALAN MANGKURAWANG - LOA TEBU KEC. TENGGARONG,LPSE KABUPATEN KUTAI KARTANEGARA,PT. ARISTA GEMILANG KONSULINDO,Tidak Menghadiri Pembuktian Kualifikasi,,0,
4142198,PENGAWASAN TEKNIS PENINGKATAN JALAN MANGKURAWANG - LOA TEBU KEC. TENGGARONG,LPSE KABUPATEN KUTAI KARTANEGARA,CV.Trikarya Utama,Gugur Administrasi,,0,
4142198,PENGAWASAN TEKNIS PENINGKATAN JALAN MANGKURAWANG - LOA TEBU KEC. TENGGARONG,LPSE KABUPATEN KUTAI KARTANEGARA,JASA PRIBHUNI,Jangka waktu berlakunya surat penawaran kurang dari yang disyaratkan sebagaimana tercantum dalam LDP,,0,
4142198,PENGAWASAN TEKNIS PENINGKATAN JALAN MANGKURAWANG - LOA TEBU KEC. TENGGARONG,LPSE KABUPATEN KUTAI KARTANEGARA,PURNAJASA BIMAPRATAMA,Tidak mengupload dokumen penawaran,,0,
4142198,PENGAWASAN TEKNIS PENINGKATAN JALAN MANGKURAWANG - LOA TEBU KEC. TENGGARONG,LPSE KABUPATEN KUTAI KARTANEGARA,BUMI PERSADA ENGINEERING CONSULTANTS. PT,Tidak mengupload dokumen penawaran,,0,
4142198,PENGAWASAN TEKNIS PENINGKATAN JALAN MANGKURAWANG - LOA TEBU KEC. TENGGARONG,LPSE KABUPATEN KUTAI KARTANEGARA,PT.CIDIACH KARYA NUSANTARA,Tidak Menghadiri Pembuktian Kualifikasi,,0,
4142198,PENGAWASAN TEKNIS PENINGKATAN JALAN MANGKURAWANG - LOA TEBU KEC. TENGGARONG,LPSE KABUPATEN KUTAI KARTANEGARA,PT. HILMY ANUGERAH,Tidak dapat Membuktikan pengalaman 4 ( empat ) tahun terakhir baik dilingkungan pemerintah maupun swasta,,0,
4142198,PENGAWASAN TEKNIS PENINGKATAN JALAN MANGKURAWANG - LOA TEBU KEC. TENGGARONG,LPSE KABUPATEN KUTAI KARTANEGARA,CV. CIPTA BUANA SEJATI,Lulus Tidak Diundang,,0,
4142198,PENGAWASAN TEKNIS PENINGKATAN JALAN MANGKURAWANG - LOA TEBU KEC. TENGGARONG,LPSE KABUPATEN KUTAI KARTANEGARA,CV. REKA KUSUMA BUANA,Lulus Tidak Diundang,,0,
4142198,PENGAWASAN TEKNIS PENINGKATAN JALAN MANGKURAWANG - LOA TEBU KEC. TENGGARONG,LPSE KABUPATEN KUTAI KARTANEGARA,PT Adhy Duta Prima,Gugur Administrasi,,0,
4142198,PENGAWASAN TEKNIS PENINGKATAN JALAN MANGKURAWANG - LOA TEBU KEC. TENGGARONG,LPSE KABUPATEN KUTAI KARTANEGARA,PT. AURAMA KARYA KONSULTAN,Gugur Administrasi,,0,
4142198,PENGAWASAN TEKNIS PENINGKATAN JALAN MANGKURAWANG - LOA TEBU KEC. TENGGARONG,LPSE KABUPATEN KUTAI KARTANEGARA,PT. Rodenta Konsultan,Tidak Menghadiri Pembuktian Kualifikasi,,0,
4142198,PENGAWASAN TEKNIS PENINGKATAN JALAN MANGKURAWANG - LOA TEBU KEC. TENGGARONG,LPSE KABUPATEN KUTAI KARTANEGARA,PT. MULTI CITRA GRAHA,Lulus Tidak Diundang,,0,
4142198,PENGAWASAN TEKNIS PENINGKATAN JALAN MANGKURAWANG - LOA TEBU KEC. TENGGARONG,LPSE KABUPATEN KUTAI KARTANEGARA,CV. EXECUTIVE 04 CONSULTANT,Tidak Menghadiri Pembuktian Kualifikasi,,0,
4142198,PENGAWASAN TEKNIS PENINGKATAN JALAN MANGKURAWANG - LOA TEBU KEC. TENGGARONG,LPSE KABUPATEN KUTAI KARTANEGARA,PT WASKITA UTAMA,Jangka waktu berlakunya surat penawaran kurang dari yang disyaratkan sebagaimana tercantum dalam LDP,,0,
4142198,PENGAWASAN TEKNIS PENINGKATAN JALAN MANGKURAWANG - LOA TEBU KEC. TENGGARONG,LPSE KABUPATEN KUTAI KARTANEGARA,CITRA BANGUN MANDIRI ENGINEERING CONSULTANT,Lulus Tidak Diundang,,0,
4142198,PENGAWASAN TEKNIS PENINGKATAN JALAN MANGKURAWANG - LOA TEBU KEC. TENGGARONG,LPSE KABUPATEN KUTAI KARTANEGARA,CV KARYA SEJATI,Tidak Menghadiri Pembuktian Kualifikasi,,0,
4142198,PENGAWASAN TEKNIS PENINGKATAN JALAN MANGKURAWANG - LOA TEBU KEC. TENGGARONG,LPSE KABUPATEN KUTAI KARTANEGARA,PT.BIOSFERA WIDHY ENGINEERING,Lulus Tidak Diundang,,0,
4142198,PENGAWASAN TEKNIS PENINGKATAN JALAN MANGKURAWANG - LOA TEBU KEC. TENGGARONG,LPSE KABUPATEN KUTAI KARTANEGARA,PT. ARCI PRATAMA KONSULTAN,Tidak Menghadiri Pembuktian Kualifikasi,,0,
4142198,PENGAWASAN TEKNIS PENINGKATAN JALAN MANGKURAWANG - LOA TEBU KEC. TENGGARONG,LPSE KABUPATEN KUTAI KARTANEGARA,PT. Celebes Sarana Jasa,Tidak Menghadiri Pembuktian Kualifikasi,,0,
4142198,PENGAWASAN TEKNIS PENINGKATAN JALAN MANGKURAWANG - LOA TEBU KEC. TENGGARONG,LPSE KABUPATEN KUTAI KARTANEGARA,PT. ANTUSIAS RAYA,Tidak Menghadiri Pembuktian,,0,
4142198,PENGAWASAN TEKNIS PENINGKATAN JALAN MANGKURAWANG - LOA TEBU KEC. TENGGARONG,LPSE KABUPATEN KUTAI KARTANEGARA,PT. LA'MALLY,Tidak Menghadiri Pembuktian,,0,
4142198,PENGAWASAN TEKNIS PENINGKATAN JALAN MANGKURAWANG - LOA TEBU KEC. TENGGARONG,LPSE KABUPATEN KUTAI KARTANEGARA,PT. BENNATIN SURYA CIPTA,Tidak Menghadiri Pembuktian,,0,
4142198,PENGAWASAN TEKNIS PENINGKATAN JALAN MANGKURAWANG - LOA TEBU KEC. TENGGARONG,LPSE KABUPATEN KUTAI KARTANEGARA,PT. BINTANG INTI REKATAMA,Tidak Menghadiri Pembuktian,,0,
4142198,PENGAWASAN TEKNIS PENINGKATAN JALAN MANGKURAWANG - LOA TEBU KEC. TENGGARONG,LPSE KABUPATEN KUTAI KARTANEGARA,PT. Nadjamurti Perkasa,Tidak Menghadiri Pembuktian,,0,
4142198,PENGAWASAN TEKNIS PENINGKATAN JALAN MANGKURAWANG - LOA TEBU KEC. TENGGARONG,LPSE KABUPATEN KUTAI KARTANEGARA,PT. CIPTA MULTI KREASI,Tidak Menghadiri Pembuktian,,0,
4142198,PENGAWASAN TEKNIS PENINGKATAN JALAN MANGKURAWANG - LOA TEBU KEC. TENGGARONG,LPSE KABUPATEN KUTAI KARTANEGARA,PT. BINTANG TIRTA PRATAMA,Tidak Menghadiri Pembuktian,,0,
4142198,PENGAWASAN TEKNIS PENINGKATAN JALAN MANGKURAWANG - LOA TEBU KEC. TENGGARONG,LPSE KABUPATEN KUTAI KARTANEGARA,PT. BLANTIKA MULTI ENGINEER,Tidak Menghadiri Pembuktian,,0,
4142198,PENGAWASAN TEKNIS PENINGKATAN JALAN MANGKURAWANG - LOA TEBU KEC. TENGGARONG,LPSE KABUPATEN KUTAI KARTANEGARA,PT. MADONA JAYA ABADI,Tidak Menghadiri Pembuktian,,0,
4142198,PENGAWASAN TEKNIS PENINGKATAN JALAN MANGKURAWANG - LOA TEBU KEC. TENGGARONG,LPSE KABUPATEN KUTAI KARTANEGARA,CV. PRIMA JAYA KONSULTAN,Tidak Menghadiri Pembuktian,,0,
4142198,PENGAWASAN TEKNIS PENINGKATAN JALAN MANGKURAWANG - LOA TEBU KEC. TENGGARONG,LPSE KABUPATEN KUTAI KARTANEGARA,PT. Guteg Harindo,Tidak Menghadiri Pembuktian,,0,
4142198,PENGAWASAN TEKNIS PENINGKATAN JALAN MANGKURAWANG - LOA TEBU KEC. TENGGARONG,LPSE KABUPATEN KUTAI KARTANEGARA,PT. JASA TEHNIK MANDIRI,Tidak Menghadiri Pembuktian,,0,
4142198,PENGAWASAN TEKNIS PENINGKATAN JALAN MANGKURAWANG - LOA TEBU KEC. TENGGARONG,LPSE KABUPATEN KUTAI KARTANEGARA,PT. GEOMATIK CONSULTANT,Tidak Menghadiri Pembuktian,,0,
4142198,PENGAWASAN TEKNIS PENINGKATAN JALAN MANGKURAWANG - LOA TEBU KEC. TENGGARONG,LPSE KABUPATEN KUTAI KARTANEGARA,cv. kcutai permai,Tidak Menghadiri Pembuktian,,0,
5249198,Pengawasan Pekerjaan Landscape dan Turap RSUD Dayaku Raja Kota Bangun ( Bankeu - Prov ) Seleksi Ulang,LPSE KABUPATEN KUTAI KARTANEGARA,PT. MARANNU MARAYA MAINDAN,Pemenang,"79,35",254265000,"79,35"
5249198,Pengawasan Pekerjaan Landscape dan Turap RSUD Dayaku Raja Kota Bangun ( Bankeu - Prov ) Seleksi Ulang,LPSE KABUPATEN KUTAI KARTANEGARA,CV.Trikarya Utama,Tidak Menghadiri Pembuktian Kualifikasi,,0,
5249198,Pengawasan Pekerjaan Landscape dan Turap RSUD Dayaku Raja Kota Bangun ( Bankeu - Prov ) Seleksi Ulang,LPSE KABUPATEN KUTAI KARTANEGARA,Ri N Ra Artha Karya,Bukan Pemenang,,0,
5249198,Pengawasan Pekerjaan Landscape dan Turap RSUD Dayaku Raja Kota Bangun ( Bankeu - Prov ) Seleksi Ulang,LPSE KABUPATEN KUTAI KARTANEGARA,CV. AKASAKA TEKNIKA CONSULTANT,Bukan Pemenang,,0,
5249198,Pengawasan Pekerjaan Landscape dan Turap RSUD Dayaku Raja Kota Bangun ( Bankeu - Prov ) Seleksi Ulang,LPSE KABUPATEN KUTAI KARTANEGARA,CV. Sawi Mahakam Consultant,Tidak Memenuhi Persyaratan Evaluasi Kualifikasi,,0,
5249198,Pengawasan Pekerjaan Landscape dan Turap RSUD Dayaku Raja Kota Bangun ( Bankeu - Prov ) Seleksi Ulang,LPSE KABUPATEN KUTAI KARTANEGARA,CV. FASADE UTAMA,Tidak Memenuhi Persyaratan Evaluasi Kualifikasi,,0,
5249198,Pengawasan Pekerjaan Landscape dan Turap RSUD Dayaku Raja Kota Bangun ( Bankeu - Prov ) Seleksi Ulang,LPSE KABUPATEN KUTAI KARTANEGARA,TEKNIKA KARYA KONSULTAN,Tidak Mengupload Dokumen Penawaran Administrasi dan Teknis,,0,
5249198,Pengawasan Pekerjaan Landscape dan Turap RSUD Dayaku Raja Kota Bangun ( Bankeu - Prov ) Seleksi Ulang,LPSE KABUPATEN KUTAI KARTANEGARA,PT. ARISTA GEMILANG KONSULINDO,Tidak Menghadiri Pembuktian,,0,
5249198,Pengawasan Pekerjaan Landscape dan Turap RSUD Dayaku Raja Kota Bangun ( Bankeu - Prov ) Seleksi Ulang,LPSE KABUPATEN KUTAI KARTANEGARA,PT. Arenco Binatama,Tidak Menghadiri Pembuktian,,0,
5249198,Pengawasan Pekerjaan Landscape dan Turap RSUD Dayaku Raja Kota Bangun ( Bankeu - Prov ) Seleksi Ulang,LPSE KABUPATEN KUTAI KARTANEGARA,PT. TEKNIKAL GLOBAL KONSULTAN,Tidak Menghadiri Pembuktian,,0,
5249198,Pengawasan Pekerjaan Landscape dan Turap RSUD Dayaku Raja Kota Bangun ( Bankeu - Prov ) Seleksi Ulang,LPSE KABUPATEN KUTAI KARTANEGARA,Maju Bersama Bangsa,Tidak Menghadiri Pembuktian,,0,
5121198,Perencanaan Teknis Rehab Berat Jembatan Marang Kayu 1 Desa Sebuntal Kec. Marang Kayu Seleksi Ulang,LPSE KABUPATEN KUTAI KARTANEGARA,PT. ARCI PRATAMA KONSULTAN,Pemenang,"81,34",346000000,"81,34"
5121198,Perencanaan Teknis Rehab Berat Jembatan Marang Kayu 1 Desa Sebuntal Kec. Marang Kayu Seleksi Ulang,LPSE KABUPATEN KUTAI KARTANEGARA,JASA PRIBHUNI,Isian Kualifikasi Kurang dari yang disyaratkan,,0,
5121198,Perencanaan Teknis Rehab Berat Jembatan Marang Kayu 1 Desa Sebuntal Kec. Marang Kayu Seleksi Ulang,LPSE KABUPATEN KUTAI KARTANEGARA,PT. TEKNIKAL GLOBAL KONSULTAN,Tidak memiliki bukti pajak bulan Mei 2014,,0,
5121198,Perencanaan Teknis Rehab Berat Jembatan Marang Kayu 1 Desa Sebuntal Kec. Marang Kayu Seleksi Ulang,LPSE KABUPATEN KUTAI KARTANEGARA,CV. VISION ENGINEERING,Isian Kualifikasi Kurang dari yang disyaratkan,,0,
5121198,Perencanaan Teknis Rehab Berat Jembatan Marang Kayu 1 Desa Sebuntal Kec. Marang Kayu Seleksi Ulang,LPSE KABUPATEN KUTAI KARTANEGARA,CV. JEVA UTAMA KONSULINDO,Tidak Upload Penawaran File I (Administrasi dan Teknis) dan File II (Harga),,0,
5121198,Perencanaan Teknis Rehab Berat Jembatan Marang Kayu 1 Desa Sebuntal Kec. Marang Kayu Seleksi Ulang,LPSE KABUPATEN KUTAI KARTANEGARA,CV. WAHANA CAHAYA KONSULTAN,Isian Kualifikasi Kurang dari yang disyaratkan,,0,
5121198,Perencanaan Teknis Rehab Berat Jembatan Marang Kayu 1 Desa Sebuntal Kec. Marang Kayu Seleksi Ulang,LPSE KABUPATEN KUTAI KARTANEGARA,PT. MARANNU MARAYA MAINDAN,tidak hadir pembuktian,,0,
5121198,Perencanaan Teknis Rehab Berat Jembatan Marang Kayu 1 Desa Sebuntal Kec. Marang Kayu Seleksi Ulang,LPSE KABUPATEN KUTAI KARTANEGARA,PT. JASINDO KONSULT NEC,Isian SBU dalam Isian Kualifikasi Belum Konversi,,0,
5121198,Perencanaan Teknis Rehab Berat Jembatan Marang Kayu 1 Desa Sebuntal Kec. Marang Kayu Seleksi Ulang,LPSE KABUPATEN KUTAI KARTANEGARA,PT. TABAR PRATAMA CONSULTANT,Isian Kualifikasi Kurang dari yang disyaratkan,,0,
5121198,Perencanaan Teknis Rehab Berat Jembatan Marang Kayu 1 Desa Sebuntal Kec. Marang Kayu Seleksi Ulang,LPSE KABUPATEN KUTAI KARTANEGARA,PT. Celebes Sarana Jasa,Isian Kualifikasi Kurang dari yang disyaratkan,,0,
5121198,Perencanaan Teknis Rehab Berat Jembatan Marang Kayu 1 Desa Sebuntal Kec. Marang Kayu Seleksi Ulang,LPSE KABUPATEN KUTAI KARTANEGARA,PT. MITRA AGUNG MANUNGGAL,Isian Kualifikasi Kurang dari yang disyaratkan,,0,
5121198,Perencanaan Teknis Rehab Berat Jembatan Marang Kayu 1 Desa Sebuntal Kec. Marang Kayu Seleksi Ulang,LPSE KABUPATEN KUTAI KARTANEGARA,Astakona Dutasarana Dimensi,Tidak Menghadiri Pembuktian,,0,
5121198,Perencanaan Teknis Rehab Berat Jembatan Marang Kayu 1 Desa Sebuntal Kec. Marang Kayu Seleksi Ulang,LPSE KABUPATEN KUTAI KARTANEGARA,Maju Bersama Bangsa,Tidak Menghadiri Pembuktian,,0,
5121198,Perencanaan Teknis Rehab Berat Jembatan Marang Kayu 1 Desa Sebuntal Kec. Marang Kayu Seleksi Ulang,LPSE KABUPATEN KUTAI KARTANEGARA,CV. AUREL PRATAMA KARYA KONSULTAN,Tidak Menghadiri Pembuktian,,0,
5121198,Perencanaan Teknis Rehab Berat Jembatan Marang Kayu 1 Desa Sebuntal Kec. Marang Kayu Seleksi Ulang,LPSE KABUPATEN KUTAI KARTANEGARA,GALLANT,Tidak Menghadiri Pembuktian,,0,
5121198,Perencanaan Teknis Rehab Berat Jembatan Marang Kayu 1 Desa Sebuntal Kec. Marang Kayu Seleksi Ulang,LPSE KABUPATEN KUTAI KARTANEGARA,CV. ANUGRAH KARYA MANDIRI,Tidak Menghadiri Pembuktian,,0,
5121198,Perencanaan Teknis Rehab Berat Jembatan Marang Kayu 1 Desa Sebuntal Kec. Marang Kayu Seleksi Ulang,LPSE KABUPATEN KUTAI KARTANEGARA,PT. BLANTIKA MULTI ENGINEER,Tidak Menghadiri Pembuktian,,0,
5121198,Perencanaan Teknis Rehab Berat Jembatan Marang Kayu 1 Desa Sebuntal Kec. Marang Kayu Seleksi Ulang,LPSE KABUPATEN KUTAI KARTANEGARA,PT. BRAMUDA SINERGY,Tidak Menghadiri Pembuktian,,0,
5121198,Perencanaan Teknis Rehab Berat Jembatan Marang Kayu 1 Desa Sebuntal Kec. Marang Kayu Seleksi Ulang,LPSE KABUPATEN KUTAI KARTANEGARA,CITRA KONSTRUKSI,Tidak Menghadiri Pembuktian,,0,
5121198,Perencanaan Teknis Rehab Berat Jembatan Marang Kayu 1 Desa Sebuntal Kec. Marang Kayu Seleksi Ulang,LPSE KABUPATEN KUTAI KARTANEGARA,CV. MATAHARI KONSULINDO,Tidak Menghadiri Pembuktian,,0,
5121198,Perencanaan Teknis Rehab Berat Jembatan Marang Kayu 1 Desa Sebuntal Kec. Marang Kayu Seleksi Ulang,LPSE KABUPATEN KUTAI KARTANEGARA,PT. ARISTA GEMILANG KONSULINDO,Tidak Menghadiri Pembuktian,,0,
5121198,Perencanaan Teknis Rehab Berat Jembatan Marang Kayu 1 Desa Sebuntal Kec. Marang Kayu Seleksi Ulang,LPSE KABUPATEN KUTAI KARTANEGARA,PT. Teraga Olahrakayasa,Tidak Menghadiri Pembuktian,,0,
5121198,Perencanaan Teknis Rehab Berat Jembatan Marang Kayu 1 Desa Sebuntal Kec. Marang Kayu Seleksi Ulang,LPSE KABUPATEN KUTAI KARTANEGARA,PT. ADHIYASA DESICON,Tidak Menghadiri Pembuktian,,0,
5121198,Perencanaan Teknis Rehab Berat Jembatan Marang Kayu 1 Desa Sebuntal Kec. Marang Kayu Seleksi Ulang,LPSE KABUPATEN KUTAI KARTANEGARA,PT. ARSS BARU,Tidak Menghadiri Pembuktian,,0,
5121198,Perencanaan Teknis Rehab Berat Jembatan Marang Kayu 1 Desa Sebuntal Kec. Marang Kayu Seleksi Ulang,LPSE KABUPATEN KUTAI KARTANEGARA,PT. Ganes Engineering Consultant,Tidak Menghadiri Pembuktian,,0,
5106198,Pengawasan Teknis Penanganan Longsoran Jalan Mulawarman Kec. Muara Kaman,LPSE KABUPATEN KUTAI KARTANEGARA,Sarang Teknik Consultant,Pemenang,,390500000,
5106198,Pengawasan Teknis Penanganan Longsoran Jalan Mulawarman Kec. Muara Kaman,LPSE KABUPATEN KUTAI KARTANEGARA,CV. MANUNGGAL JAYA TEKNIK,Bukan Pemenang,,392700000,
5106198,Pengawasan Teknis Penanganan Longsoran Jalan Mulawarman Kec. Muara Kaman,LPSE KABUPATEN KUTAI KARTANEGARA,CV.Trikarya Utama,"GUGUR, Tidak hadir pembuktian kualifikasi",,0,
5106198,Pengawasan Teknis Penanganan Longsoran Jalan Mulawarman Kec. Muara Kaman,LPSE KABUPATEN KUTAI KARTANEGARA,PT. BLANTIKA MULTI ENGINEER,"GUGUR, Tidak hadir pembuktian kualifikasi",,0,
5106198,Pengawasan Teknis Penanganan Longsoran Jalan Mulawarman Kec. Muara Kaman,LPSE KABUPATEN KUTAI KARTANEGARA,PT. TEKNIKAL GLOBAL KONSULTAN,"Tidak diundang, tidak melengkapi tabel isian kualifikasi",,0,
5106198,Pengawasan Teknis Penanganan Longsoran Jalan Mulawarman Kec. Muara Kaman,LPSE KABUPATEN KUTAI KARTANEGARA,PT. MARANNU MARAYA MAINDAN,Bukan Pemenang,,0,
5106198,Pengawasan Teknis Penanganan Longsoran Jalan Mulawarman Kec. Muara Kaman,LPSE KABUPATEN KUTAI KARTANEGARA,TEKNIKA KARYA KONSULTAN,Tidak upload dokumen penawaran,,0,
5106198,Pengawasan Teknis Penanganan Longsoran Jalan Mulawarman Kec. Muara Kaman,LPSE KABUPATEN KUTAI KARTANEGARA,PT. JASINDO KONSULT NEC,"GUGUR, Tidak hadir pembuktian kualifikasi",,0,
5106198,Pengawasan Teknis Penanganan Longsoran Jalan Mulawarman Kec. Muara Kaman,LPSE KABUPATEN KUTAI KARTANEGARA,PT. MEGAPLAN Indoraya Esa,Bukan Pemenang,,0,
5106198,Pengawasan Teknis Penanganan Longsoran Jalan Mulawarman Kec. Muara Kaman,LPSE KABUPATEN KUTAI KARTANEGARA,CV. AUREL PRATAMA KARYA KONSULTAN,Tidak Menghadiri Pembuktian,,0,
5106198,Pengawasan Teknis Penanganan Longsoran Jalan Mulawarman Kec. Muara Kaman,LPSE KABUPATEN KUTAI KARTANEGARA,GALLANT,Tidak Menghadiri Pembuktian,,0,
5106198,Pengawasan Teknis Penanganan Longsoran Jalan Mulawarman Kec. Muara Kaman,LPSE KABUPATEN KUTAI KARTANEGARA,PT. MITRA AGUNG MANUNGGAL,Tidak Menghadiri Pembuktian,,0,
5106198,Pengawasan Teknis Penanganan Longsoran Jalan Mulawarman Kec. Muara Kaman,LPSE KABUPATEN KUTAI KARTANEGARA,CV. MATAHARI KONSULINDO,Tidak Menghadiri Pembuktian,,0,
5106198,Pengawasan Teknis Penanganan Longsoran Jalan Mulawarman Kec. Muara Kaman,LPSE KABUPATEN KUTAI KARTANEGARA,CV. ANUGRAH KARYA MANDIRI,Tidak Menghadiri Pembuktian,,0,
5106198,Pengawasan Teknis Penanganan Longsoran Jalan Mulawarman Kec. Muara Kaman,LPSE KABUPATEN KUTAI KARTANEGARA,cv. anggana anugerah,Tidak Menghadiri Pembuktian,,0,
5106198,Pengawasan Teknis Penanganan Longsoran Jalan Mulawarman Kec. Muara Kaman,LPSE KABUPATEN KUTAI KARTANEGARA,JASA PRIBHUNI,Tidak Menghadiri Pembuktian,,0,
5106198,Pengawasan Teknis Penanganan Longsoran Jalan Mulawarman Kec. Muara Kaman,LPSE KABUPATEN KUTAI KARTANEGARA,CV. Inti Citra Pelangi,Tidak Menghadiri Pembuktian,,0,
5106198,Pengawasan Teknis Penanganan Longsoran Jalan Mulawarman Kec. Muara Kaman,LPSE KABUPATEN KUTAI KARTANEGARA,CV. Profit Konsultan,Tidak Menghadiri Pembuktian,,0,
5106198,Pengawasan Teknis Penanganan Longsoran Jalan Mulawarman Kec. Muara Kaman,LPSE KABUPATEN KUTAI KARTANEGARA,Maju Bersama Bangsa,Tidak Menghadiri Pembuktian,,0,
5106198,Pengawasan Teknis Penanganan Longsoran Jalan Mulawarman Kec. Muara Kaman,LPSE KABUPATEN KUTAI KARTANEGARA,CV. WAHANA CAHAYA KONSULTAN,Tidak Menghadiri Pembuktian,,0,
4872198,Perencanaan Teknis Perbaikan 5 Buah Jembatan Kelompok Tani Desa Sungai Lunuk Menuju Desa Muara Antan,LPSE KABUPATEN KUTAI KARTANEGARA,PT.MARATAMA CIPTA MANDIRI,Bukan Pemenang,"78,34",756541000,"78,34"
4872198,Perencanaan Teknis Perbaikan 5 Buah Jembatan Kelompok Tani Desa Sungai Lunuk Menuju Desa Muara Antan,LPSE KABUPATEN KUTAI KARTANEGARA,PT. AURAMA KARYA KONSULTAN,Bukan Pemenang,"76,84",803825000,"76,84"
4872198,Perencanaan Teknis Perbaikan 5 Buah Jembatan Kelompok Tani Desa Sungai Lunuk Menuju Desa Muara Antan,LPSE KABUPATEN KUTAI KARTANEGARA,PT. HEGAR DAYA,Bukan Pemenang,"74,79",807878000,"74,79"
4872198,Perencanaan Teknis Perbaikan 5 Buah Jembatan Kelompok Tani Desa Sungai Lunuk Menuju Desa Muara Antan,LPSE KABUPATEN KUTAI KARTANEGARA,PT. ARCI PRATAMA KONSULTAN,Pemenang,"79,37",864050000,"79,37"
4872198,Perencanaan Teknis Perbaikan 5 Buah Jembatan Kelompok Tani Desa Sungai Lunuk Menuju Desa Muara Antan,LPSE KABUPATEN KUTAI KARTANEGARA,PT. Karya Utama Citramandiri,tidak hadir pembuktian kualifikasi,,0,
4872198,Perencanaan Teknis Perbaikan 5 Buah Jembatan Kelompok Tani Desa Sungai Lunuk Menuju Desa Muara Antan,LPSE KABUPATEN KUTAI KARTANEGARA,PT. INTIMULYA MULTIKENCANA,tidak hadir pembuktian kualifikasi,,0,
4872198,Perencanaan Teknis Perbaikan 5 Buah Jembatan Kelompok Tani Desa Sungai Lunuk Menuju Desa Muara Antan,LPSE KABUPATEN KUTAI KARTANEGARA,CV. VISION ENGINEERING,Lulus/Tidak diundang,,0,
4872198,Perencanaan Teknis Perbaikan 5 Buah Jembatan Kelompok Tani Desa Sungai Lunuk Menuju Desa Muara Antan,LPSE KABUPATEN KUTAI KARTANEGARA,PT. ARISTA CIPTA,tidak hadir pembuktian kualifikasi,,0,
4872198,Perencanaan Teknis Perbaikan 5 Buah Jembatan Kelompok Tani Desa Sungai Lunuk Menuju Desa Muara Antan,LPSE KABUPATEN KUTAI KARTANEGARA,PT. TEKNIKAL GLOBAL KONSULTAN,tidak hadir pembuktian kualifikasi,,0,
4872198,Perencanaan Teknis Perbaikan 5 Buah Jembatan Kelompok Tani Desa Sungai Lunuk Menuju Desa Muara Antan,LPSE KABUPATEN KUTAI KARTANEGARA,PT. ABDI SATRIA BHUMI,Lulus/Tidak diundang,,0,
4872198,Perencanaan Teknis Perbaikan 5 Buah Jembatan Kelompok Tani Desa Sungai Lunuk Menuju Desa Muara Antan,LPSE KABUPATEN KUTAI KARTANEGARA,PT. JASINDO KONSULT NEC,Lulus/Tidak diundang,,0,
4872198,Perencanaan Teknis Perbaikan 5 Buah Jembatan Kelompok Tani Desa Sungai Lunuk Menuju Desa Muara Antan,LPSE KABUPATEN KUTAI KARTANEGARA,PT. ADHIYASA DESICON,"Tidak upload dokumen penawaran Administrasi, Teknis dan Harga",,0,
4872198,Perencanaan Teknis Perbaikan 5 Buah Jembatan Kelompok Tani Desa Sungai Lunuk Menuju Desa Muara Antan,LPSE KABUPATEN KUTAI KARTANEGARA,PT. ARSS BARU,"Tidak upload dokumen penawaran Administrasi, Teknis dan Harga",,0,
4872198,Perencanaan Teknis Perbaikan 5 Buah Jembatan Kelompok Tani Desa Sungai Lunuk Menuju Desa Muara Antan,LPSE KABUPATEN KUTAI KARTANEGARA,PT. Ganes Engineering Consultant,"Tidak upload dokumen penawaran Administrasi, Teknis dan Harga",,0,
4872198,Perencanaan Teknis Perbaikan 5 Buah Jembatan Kelompok Tani Desa Sungai Lunuk Menuju Desa Muara Antan,LPSE KABUPATEN KUTAI KARTANEGARA,PT. MITRA AGUNG MANUNGGAL,tidak hadir pembuktian kualifikasi,,0,
4872198,Perencanaan Teknis Perbaikan 5 Buah Jembatan Kelompok Tani Desa Sungai Lunuk Menuju Desa Muara Antan,LPSE KABUPATEN KUTAI KARTANEGARA,PT. SIGMA EKSPRESI,Tidak Lulus/tidak di undang,,0,
4872198,Perencanaan Teknis Perbaikan 5 Buah Jembatan Kelompok Tani Desa Sungai Lunuk Menuju Desa Muara Antan,LPSE KABUPATEN KUTAI KARTANEGARA,CV. FASADE UTAMA,Lulus/Tidak diundang,,0,
4872198,Perencanaan Teknis Perbaikan 5 Buah Jembatan Kelompok Tani Desa Sungai Lunuk Menuju Desa Muara Antan,LPSE KABUPATEN KUTAI KARTANEGARA,PT. Arenco Binatama,Tidak Lulus/tidak di undang,,0,
4872198,Perencanaan Teknis Perbaikan 5 Buah Jembatan Kelompok Tani Desa Sungai Lunuk Menuju Desa Muara Antan,LPSE KABUPATEN KUTAI KARTANEGARA,PT. BINA INDEX CONSULT,Lulus/Tidak diundang,,0,
4872198,Perencanaan Teknis Perbaikan 5 Buah Jembatan Kelompok Tani Desa Sungai Lunuk Menuju Desa Muara Antan,LPSE KABUPATEN KUTAI KARTANEGARA,PT. INDOKONSUL CITRAMANDIRI,Lulus/Tidak diundang,,0,
4872198,Perencanaan Teknis Perbaikan 5 Buah Jembatan Kelompok Tani Desa Sungai Lunuk Menuju Desa Muara Antan,LPSE KABUPATEN KUTAI KARTANEGARA,CV. Cremona Teknik Consultant,Lulus/Tidak diundang,,0,
4872198,Perencanaan Teknis Perbaikan 5 Buah Jembatan Kelompok Tani Desa Sungai Lunuk Menuju Desa Muara Antan,LPSE KABUPATEN KUTAI KARTANEGARA,PT. PURI DIMENSI,Lulus/Tidak diundang,,0,
4872198,Perencanaan Teknis Perbaikan 5 Buah Jembatan Kelompok Tani Desa Sungai Lunuk Menuju Desa Muara Antan,LPSE KABUPATEN KUTAI KARTANEGARA,CV. YUAFA MANDIRI,Tidak Menghadiri Pembuktian,,0,
4872198,Perencanaan Teknis Perbaikan 5 Buah Jembatan Kelompok Tani Desa Sungai Lunuk Menuju Desa Muara Antan,LPSE KABUPATEN KUTAI KARTANEGARA,CV.Trikarya Utama,Tidak Menghadiri Pembuktian,,0,
4872198,Perencanaan Teknis Perbaikan 5 Buah Jembatan Kelompok Tani Desa Sungai Lunuk Menuju Desa Muara Antan,LPSE KABUPATEN KUTAI KARTANEGARA,CV. AUREL PRATAMA KARYA KONSULTAN,Tidak Menghadiri Pembuktian,,0,
4872198,Perencanaan Teknis Perbaikan 5 Buah Jembatan Kelompok Tani Desa Sungai Lunuk Menuju Desa Muara Antan,LPSE KABUPATEN KUTAI KARTANEGARA,PT. GEOMATIK CONSULTANT,Tidak Menghadiri Pembuktian,,0,
4872198,Perencanaan Teknis Perbaikan 5 Buah Jembatan Kelompok Tani Desa Sungai Lunuk Menuju Desa Muara Antan,LPSE KABUPATEN KUTAI KARTANEGARA,PT. Celebes Sarana Jasa,Tidak Menghadiri Pembuktian,,0,
4872198,Perencanaan Teknis Perbaikan 5 Buah Jembatan Kelompok Tani Desa Sungai Lunuk Menuju Desa Muara Antan,LPSE KABUPATEN KUTAI KARTANEGARA,PT. BINTANG TIRTA PRATAMA,Tidak Menghadiri Pembuktian,,0,
4872198,Perencanaan Teknis Perbaikan 5 Buah Jembatan Kelompok Tani Desa Sungai Lunuk Menuju Desa Muara Antan,LPSE KABUPATEN KUTAI KARTANEGARA,CV. ARCHI TEKNIK,Tidak Menghadiri Pembuktian,,0,
4872198,Perencanaan Teknis Perbaikan 5 Buah Jembatan Kelompok Tani Desa Sungai Lunuk Menuju Desa Muara Antan,LPSE KABUPATEN KUTAI KARTANEGARA,PT. MARANNU MARAYA MAINDAN,Tidak Menghadiri Pembuktian,,0,
4872198,Perencanaan Teknis Perbaikan 5 Buah Jembatan Kelompok Tani Desa Sungai Lunuk Menuju Desa Muara Antan,LPSE KABUPATEN KUTAI KARTANEGARA,CV. MUTIARA KARYA CONSULTANT,Tidak Menghadiri Pembuktian,,0,
4872198,Perencanaan Teknis Perbaikan 5 Buah Jembatan Kelompok Tani Desa Sungai Lunuk Menuju Desa Muara Antan,LPSE KABUPATEN KUTAI KARTANEGARA,PT. Trijasa Binamanunggal,Tidak Menghadiri Pembuktian,,0,
4872198,Perencanaan Teknis Perbaikan 5 Buah Jembatan Kelompok Tani Desa Sungai Lunuk Menuju Desa Muara Antan,LPSE KABUPATEN KUTAI KARTANEGARA,PORTAL ENGINEERING PERKASA,Tidak Menghadiri Pembuktian,,0,
4872198,Perencanaan Teknis Perbaikan 5 Buah Jembatan Kelompok Tani Desa Sungai Lunuk Menuju Desa Muara Antan,LPSE KABUPATEN KUTAI KARTANEGARA,Astakona Dutasarana Dimensi,Tidak Menghadiri Pembuktian,,0,
4872198,Perencanaan Teknis Perbaikan 5 Buah Jembatan Kelompok Tani Desa Sungai Lunuk Menuju Desa Muara Antan,LPSE KABUPATEN KUTAI KARTANEGARA,PT. Deciplan Indo Persada Engineering Consultant,Tidak Menghadiri Pembuktian,,0,
4861198,Penyusunan Data Sumber Daya Alam dan neraca Sumber Daya Hutan Kabupaten Kutai Kartanegara,LPSE KABUPATEN KUTAI KARTANEGARA,PT. Maza Pradita Sarana,Pemenang,"69,93",513392000,"69,93"
4861198,Penyusunan Data Sumber Daya Alam dan neraca Sumber Daya Hutan Kabupaten Kutai Kartanegara,LPSE KABUPATEN KUTAI KARTANEGARA,PT. Dalla Billa Sejati,Lulus Tdk masuk short list,,0,
4861198,Penyusunan Data Sumber Daya Alam dan neraca Sumber Daya Hutan Kabupaten Kutai Kartanegara,LPSE KABUPATEN KUTAI KARTANEGARA,PT. Grhayasa Nusacitra Estima,Lulus Tdk masuk short list,,0,
4861198,Penyusunan Data Sumber Daya Alam dan neraca Sumber Daya Hutan Kabupaten Kutai Kartanegara,LPSE KABUPATEN KUTAI KARTANEGARA,PT. Multicipta Rancana Selaras,Bukan Pemenang,,0,
4861198,Penyusunan Data Sumber Daya Alam dan neraca Sumber Daya Hutan Kabupaten Kutai Kartanegara,LPSE KABUPATEN KUTAI KARTANEGARA,PT. MITRA MADANI MULTICONSULT,"Gugur pada saat pembuktian kualifikasi (tdk bisa menunjukan Pajak Pph Ps. 21, 25 dan PPn bulan April 2014 yang Asli)",,0,
4861198,Penyusunan Data Sumber Daya Alam dan neraca Sumber Daya Hutan Kabupaten Kutai Kartanegara,LPSE KABUPATEN KUTAI KARTANEGARA,PT. INTIMULYA MULTIKENCANA,Lulus Tdk masuk short list,,0,
4861198,Penyusunan Data Sumber Daya Alam dan neraca Sumber Daya Hutan Kabupaten Kutai Kartanegara,LPSE KABUPATEN KUTAI KARTANEGARA,PT. SRI AGUNG JAYA,Lulus Tdk masuk short list,,0,
4861198,Penyusunan Data Sumber Daya Alam dan neraca Sumber Daya Hutan Kabupaten Kutai Kartanegara,LPSE KABUPATEN KUTAI KARTANEGARA,PT. DAYA CIPTA DIANRANCANA,Gugur pada saat pembuktian kualifikasi (tdk bisa menunjukan Pajak Pph Ps. 21 bulan April 2014 yang Asli),,0,
4861198,Penyusunan Data Sumber Daya Alam dan neraca Sumber Daya Hutan Kabupaten Kutai Kartanegara,LPSE KABUPATEN KUTAI KARTANEGARA,PT. Bhawana Prasasta,Gugur Adminitrasi tidak mengisi data Pph Ps.25 bln April 2014 pada isian kualifikasi LPSE,,0,
4861198,Penyusunan Data Sumber Daya Alam dan neraca Sumber Daya Hutan Kabupaten Kutai Kartanegara,LPSE KABUPATEN KUTAI KARTANEGARA,PT. CITRA GAMA SAKTI,Gugur administrasi tidak mengisi data IUJK pada isian kualifikasi LPSE,,0,
4861198,Penyusunan Data Sumber Daya Alam dan neraca Sumber Daya Hutan Kabupaten Kutai Kartanegara,LPSE KABUPATEN KUTAI KARTANEGARA,PT. SIGMA EKSPRESI,Gugur Administrasi tidak mengisi data Pph Ps.25 bln Peb 2014 pada isian kualifikasi LPSE,,0,
4861198,Penyusunan Data Sumber Daya Alam dan neraca Sumber Daya Hutan Kabupaten Kutai Kartanegara,LPSE KABUPATEN KUTAI KARTANEGARA,PT. ECOPLAN REKABUMI INTERCONSULT,Bukan Pemenang,,0,
4861198,Penyusunan Data Sumber Daya Alam dan neraca Sumber Daya Hutan Kabupaten Kutai Kartanegara,LPSE KABUPATEN KUTAI KARTANEGARA,PT. Raka Enginering Consultants,"Gugur pada saat pembuktian kualifikasi (tdk bisa menunjukan Pajak Pph Ps. 21, 25 dan PPn bulan April 2014 yang Asli)",,0,
4861198,Penyusunan Data Sumber Daya Alam dan neraca Sumber Daya Hutan Kabupaten Kutai Kartanegara,LPSE KABUPATEN KUTAI KARTANEGARA,PT. BINA KREASI NUSANTARA,Lulus Tdk masuk short list,,0,
4861198,Penyusunan Data Sumber Daya Alam dan neraca Sumber Daya Hutan Kabupaten Kutai Kartanegara,LPSE KABUPATEN KUTAI KARTANEGARA,PT.INTIMAS MULIA KONSULTAN,Tidak Upload Penawaran Administrasi dan Harga,,0,
4861198,Penyusunan Data Sumber Daya Alam dan neraca Sumber Daya Hutan Kabupaten Kutai Kartanegara,LPSE KABUPATEN KUTAI KARTANEGARA,PT. Ahassa Ciptanika,Bukan Pemenang,,0,
4861198,Penyusunan Data Sumber Daya Alam dan neraca Sumber Daya Hutan Kabupaten Kutai Kartanegara,LPSE KABUPATEN KUTAI KARTANEGARA,PT. Revanplan Adiraka Konsultan,Lulus Tdk masuk short list,,0,
4861198,Penyusunan Data Sumber Daya Alam dan neraca Sumber Daya Hutan Kabupaten Kutai Kartanegara,LPSE KABUPATEN KUTAI KARTANEGARA,PT. BIRAPLANO ASRI,Bukan Pemenang,,0,
4861198,Penyusunan Data Sumber Daya Alam dan neraca Sumber Daya Hutan Kabupaten Kutai Kartanegara,LPSE KABUPATEN KUTAI KARTANEGARA,PT. MITRA AGUNG MANUNGGAL,Gugur pada saat pembuktian kualifikasi tdk bisa menunjukan kontrak sejenis tertinggi dan tdk mengisi SPT Tahunan 2013,,0,
4861198,Penyusunan Data Sumber Daya Alam dan neraca Sumber Daya Hutan Kabupaten Kutai Kartanegara,LPSE KABUPATEN KUTAI KARTANEGARA,PT. MIRANTHI KONSULTAN PERMAI,Gugur Administrasi tidak mengisi data pph ps. 25 bln mar 2014,,0,
4861198,Penyusunan Data Sumber Daya Alam dan neraca Sumber Daya Hutan Kabupaten Kutai Kartanegara,LPSE KABUPATEN KUTAI KARTANEGARA,PT. NUANSA CITRAMANDIRI,"Gugur Administrasi tidak mengisi data pph ps. 25 bln peb,mar,apr 2014",,0,
4861198,Penyusunan Data Sumber Daya Alam dan neraca Sumber Daya Hutan Kabupaten Kutai Kartanegara,LPSE KABUPATEN KUTAI KARTANEGARA,CV. MUTIARA KARYA CONSULTANT,Tidak Menghadiri Pembuktian,,0,
4861198,Penyusunan Data Sumber Daya Alam dan neraca Sumber Daya Hutan Kabupaten Kutai Kartanegara,LPSE KABUPATEN KUTAI KARTANEGARA,PT. ASA DESAIN,Tidak Menghadiri Pembuktian,,0,
4861198,Penyusunan Data Sumber Daya Alam dan neraca Sumber Daya Hutan Kabupaten Kutai Kartanegara,LPSE KABUPATEN KUTAI KARTANEGARA,CV. KALIMANTAN INFOTAMA,Tidak Menghadiri Pembuktian,,0,
4861198,Penyusunan Data Sumber Daya Alam dan neraca Sumber Daya Hutan Kabupaten Kutai Kartanegara,LPSE KABUPATEN KUTAI KARTANEGARA,CV. RASYA ALBAR CONSULTANT,Tidak Menghadiri Pembuktian,,0,
4861198,Penyusunan Data Sumber Daya Alam dan neraca Sumber Daya Hutan Kabupaten Kutai Kartanegara,LPSE KABUPATEN KUTAI KARTANEGARA,PT. Arenco Binatama,Tidak Menghadiri Pembuktian,,0,
4861198,Penyusunan Data Sumber Daya Alam dan neraca Sumber Daya Hutan Kabupaten Kutai Kartanegara,LPSE KABUPATEN KUTAI KARTANEGARA,PT. Duta Informatika,Tidak Menghadiri Pembuktian,,0,
4861198,Penyusunan Data Sumber Daya Alam dan neraca Sumber Daya Hutan Kabupaten Kutai Kartanegara,LPSE KABUPATEN KUTAI KARTANEGARA,PT. Teraga Olahrakayasa,Tidak Menghadiri Pembuktian,,0,
4861198,Penyusunan Data Sumber Daya Alam dan neraca Sumber Daya Hutan Kabupaten Kutai Kartanegara,LPSE KABUPATEN KUTAI KARTANEGARA,PT. DELIMA LAKSANA TATA,Tidak Menghadiri Pembuktian,,0,
4861198,Penyusunan Data Sumber Daya Alam dan neraca Sumber Daya Hutan Kabupaten Kutai Kartanegara,LPSE KABUPATEN KUTAI KARTANEGARA,PT. Suwanda Karya Mandiri,Tidak Menghadiri Pembuktian,,0,
4861198,Penyusunan Data Sumber Daya Alam dan neraca Sumber Daya Hutan Kabupaten Kutai Kartanegara,LPSE KABUPATEN KUTAI KARTANEGARA,PT. BINTANG TIRTA PRATAMA,Tidak Menghadiri Pembuktian,,0,
4861198,Penyusunan Data Sumber Daya Alam dan neraca Sumber Daya Hutan Kabupaten Kutai Kartanegara,LPSE KABUPATEN KUTAI KARTANEGARA,PT. Celebes Sarana Jasa,Tidak Menghadiri Pembuktian,,0,
4861198,Penyusunan Data Sumber Daya Alam dan neraca Sumber Daya Hutan Kabupaten Kutai Kartanegara,LPSE KABUPATEN KUTAI KARTANEGARA,PT. ARCI PRATAMA KONSULTAN,Tidak Menghadiri Pembuktian,,0,
4861198,Penyusunan Data Sumber Daya Alam dan neraca Sumber Daya Hutan Kabupaten Kutai Kartanegara,LPSE KABUPATEN KUTAI KARTANEGARA,PT. SYSTEL INDONESIA,Tidak Menghadiri Pembuktian,,0,
4861198,Penyusunan Data Sumber Daya Alam dan neraca Sumber Daya Hutan Kabupaten Kutai Kartanegara,LPSE KABUPATEN KUTAI KARTANEGARA,PT. GEOMATIK CONSULTANT,Tidak Menghadiri Pembuktian,,0,
4854198,Jasa Konsultansi Pembuatan Peta Rawan Bencana,LPSE KABUPATEN KUTAI KARTANEGARA,PT. CITRA GAMA SAKTI,Bukan Pemenang,"92,34",748100000,"92,34"
4854198,Jasa Konsultansi Pembuatan Peta Rawan Bencana,LPSE KABUPATEN KUTAI KARTANEGARA,PT. Multicipta Rancana Selaras,Pemenang,"98,42",770440000,"98,42"
4854198,Jasa Konsultansi Pembuatan Peta Rawan Bencana,LPSE KABUPATEN KUTAI KARTANEGARA,PT. Inasa Sakha Kirana,Bukan Pemenang,"77,84",790845000,"77,84"
4854198,Jasa Konsultansi Pembuatan Peta Rawan Bencana,LPSE KABUPATEN KUTAI KARTANEGARA,PT. HEGAR DAYA,Bukan Pemenang,"63,58",801185000,"63,58"
4854198,Jasa Konsultansi Pembuatan Peta Rawan Bencana,LPSE KABUPATEN KUTAI KARTANEGARA,PT. ALAM MATARAM SEJAHTRA,Tidak termasuk dalam calon daftar pendek,,0,
4854198,Jasa Konsultansi Pembuatan Peta Rawan Bencana,LPSE KABUPATEN KUTAI KARTANEGARA,PT. JASAKONS PUTRA UTAMA,"Tidak ada SBU Jasa Survey, tidak melampirkan pernyataan tertulis dan Pajak pada formulir isian kualifikasi tidak memenuhi",,0,
4854198,Jasa Konsultansi Pembuatan Peta Rawan Bencana,LPSE KABUPATEN KUTAI KARTANEGARA,PT. Dalla Billa Sejati,Tidak melampirkan pernyataan tertulis dan SBU Jasa Survey habis masa berlakunya,,0,
4854198,Jasa Konsultansi Pembuatan Peta Rawan Bencana,LPSE KABUPATEN KUTAI KARTANEGARA,PT. Munasa Kreasi Nusantara,Tidak termasuk dalam calon daftar pendek,,0,
4854198,Jasa Konsultansi Pembuatan Peta Rawan Bencana,LPSE KABUPATEN KUTAI KARTANEGARA,PT. GIRI AWAS,Tidak mengupload dokumen penawaran adminstrasi dan teknis (File I),,0,
4854198,Jasa Konsultansi Pembuatan Peta Rawan Bencana,LPSE KABUPATEN KUTAI KARTANEGARA,PT. Matriks Centrisindo,Tidak termasuk dalam calon daftar pendek,,0,
4854198,Jasa Konsultansi Pembuatan Peta Rawan Bencana,LPSE KABUPATEN KUTAI KARTANEGARA,CV. FASADE UTAMA,Tidak memenuhi persyaratan pada saat pembuktian kualifikasi (laporan pajak bulan April pada formulir isian kualifikasi tidak sesuai dengan aslinya),,0,
4854198,Jasa Konsultansi Pembuatan Peta Rawan Bencana,LPSE KABUPATEN KUTAI KARTANEGARA,PT. Grhayasa Nusacitra Estima,Tidak ada SBU Jasa Survey,,0,
4854198,Jasa Konsultansi Pembuatan Peta Rawan Bencana,LPSE KABUPATEN KUTAI KARTANEGARA,PT. DUNIA MAYA COMMUNICA,Tidak termasuk dalam calon daftar pendek,,0,
4854198,Jasa Konsultansi Pembuatan Peta Rawan Bencana,LPSE KABUPATEN KUTAI KARTANEGARA,PT. SRI AGUNG JAYA,Tidak melampirkan pernyataan tertulis,,0,
4854198,Jasa Konsultansi Pembuatan Peta Rawan Bencana,LPSE KABUPATEN KUTAI KARTANEGARA,PT. Bhawana Prasasta,Tidak melampirkan pernyataan tertulis,,0,
4854198,Jasa Konsultansi Pembuatan Peta Rawan Bencana,LPSE KABUPATEN KUTAI KARTANEGARA,PT GAMA MULTI USAHA MANDIRI,Tidak melampirkan pernyataan tertulis,,0,
4854198,Jasa Konsultansi Pembuatan Peta Rawan Bencana,LPSE KABUPATEN KUTAI KARTANEGARA,PT. ECOPLAN REKABUMI INTERCONSULT,Tidak termasuk dalam calon daftar pendek,,0,
4854198,Jasa Konsultansi Pembuatan Peta Rawan Bencana,LPSE KABUPATEN KUTAI KARTANEGARA,PT. BINA KREASI NUSANTARA,Tidak termasuk dalam calon daftar pendek,,0,
4854198,Jasa Konsultansi Pembuatan Peta Rawan Bencana,LPSE KABUPATEN KUTAI KARTANEGARA,PT.INTIMAS MULIA KONSULTAN,Tidak termasuk dalam calon daftar pendek,,0,
4854198,Jasa Konsultansi Pembuatan Peta Rawan Bencana,LPSE KABUPATEN KUTAI KARTANEGARA,PT. Ahassa Ciptanika,Tidak termasuk dalam calon daftar pendek,,0,
4854198,Jasa Konsultansi Pembuatan Peta Rawan Bencana,LPSE KABUPATEN KUTAI KARTANEGARA,PT. Raka Enginering Consultants,Tidak termasuk dalam calon daftar pendek,,0,
4854198,Jasa Konsultansi Pembuatan Peta Rawan Bencana,LPSE KABUPATEN KUTAI KARTANEGARA,PT. Revanplan Adiraka Konsultan,Tidak termasuk dalam calon daftar pendek,,0,
4854198,Jasa Konsultansi Pembuatan Peta Rawan Bencana,LPSE KABUPATEN KUTAI KARTANEGARA,PT. Maza Pradita Sarana,Tidak termasuk dalam calon daftar pendek,,0,
4854198,Jasa Konsultansi Pembuatan Peta Rawan Bencana,LPSE KABUPATEN KUTAI KARTANEGARA,PT. DAYA CIPTA DIANRANCANA,Tidak mengupload dokumen penawaran (File I dan II),,0,
4854198,Jasa Konsultansi Pembuatan Peta Rawan Bencana,LPSE KABUPATEN KUTAI KARTANEGARA,PT. BIRAPLANO ASRI,Tidak termasuk dalam calon daftar pendek,,0,
4854198,Jasa Konsultansi Pembuatan Peta Rawan Bencana,LPSE KABUPATEN KUTAI KARTANEGARA,PT. Wahana Adya,Tidak termasuk dalam calon daftar pendek,,0,
4854198,Jasa Konsultansi Pembuatan Peta Rawan Bencana,LPSE KABUPATEN KUTAI KARTANEGARA,PT. INTIMULYA MULTIKENCANA,Tidak melampirkan pernyataan tertulis,,0,
4854198,Jasa Konsultansi Pembuatan Peta Rawan Bencana,LPSE KABUPATEN KUTAI KARTANEGARA,PT. DWI ELTIS KONSULTAN,Tidak Menghadiri Pembuktian,,0,
4854198,Jasa Konsultansi Pembuatan Peta Rawan Bencana,LPSE KABUPATEN KUTAI KARTANEGARA,PT. Teraga Olahrakayasa,Tidak Menghadiri Pembuktian,,0,
4854198,Jasa Konsultansi Pembuatan Peta Rawan Bencana,LPSE KABUPATEN KUTAI KARTANEGARA,PT. PACIFIC REKANPRIMA,Tidak Menghadiri Pembuktian,,0,
4854198,Jasa Konsultansi Pembuatan Peta Rawan Bencana,LPSE KABUPATEN KUTAI KARTANEGARA,CV. JEVA UTAMA KONSULINDO,Tidak Menghadiri Pembuktian,,0,
4854198,Jasa Konsultansi Pembuatan Peta Rawan Bencana,LPSE KABUPATEN KUTAI KARTANEGARA,CV. HERDA RIPTA LOKA,Tidak Menghadiri Pembuktian,,0,
4854198,Jasa Konsultansi Pembuatan Peta Rawan Bencana,LPSE KABUPATEN KUTAI KARTANEGARA,CV. RASYA ALBAR CONSULTANT,Tidak Menghadiri Pembuktian,,0,
4854198,Jasa Konsultansi Pembuatan Peta Rawan Bencana,LPSE KABUPATEN KUTAI KARTANEGARA,PT. Catur Intireka,Tidak Menghadiri Pembuktian,,0,
4854198,Jasa Konsultansi Pembuatan Peta Rawan Bencana,LPSE KABUPATEN KUTAI KARTANEGARA,PT. SAYOVI KARYATAMA,Tidak Menghadiri Pembuktian,,0,
4854198,Jasa Konsultansi Pembuatan Peta Rawan Bencana,LPSE KABUPATEN KUTAI KARTANEGARA,PT. Duta Informatika,Tidak Menghadiri Pembuktian,,0,
4854198,Jasa Konsultansi Pembuatan Peta Rawan Bencana,LPSE KABUPATEN KUTAI KARTANEGARA,CV. KALIMANTAN INFOTAMA,Tidak Menghadiri Pembuktian,,0,
4854198,Jasa Konsultansi Pembuatan Peta Rawan Bencana,LPSE KABUPATEN KUTAI KARTANEGARA,PT. Suwanda Karya Mandiri,Tidak Menghadiri Pembuktian,,0,
4854198,Jasa Konsultansi Pembuatan Peta Rawan Bencana,LPSE KABUPATEN KUTAI KARTANEGARA,PT. GEOMATIK CONSULTANT,Tidak Menghadiri Pembuktian,,0,
4854198,Jasa Konsultansi Pembuatan Peta Rawan Bencana,LPSE KABUPATEN KUTAI KARTANEGARA,PT. ARCI PRATAMA KONSULTAN,Tidak Menghadiri Pembuktian,,0,
4854198,Jasa Konsultansi Pembuatan Peta Rawan Bencana,LPSE KABUPATEN KUTAI KARTANEGARA,PT. Celebes Sarana Jasa,Tidak Menghadiri Pembuktian,,0,
4854198,Jasa Konsultansi Pembuatan Peta Rawan Bencana,LPSE KABUPATEN KUTAI KARTANEGARA,PT. BINTANG TIRTA PRATAMA,Tidak Menghadiri Pembuktian,,0,
4854198,Jasa Konsultansi Pembuatan Peta Rawan Bencana,LPSE KABUPATEN KUTAI KARTANEGARA,PT. DELIMA LAKSANA TATA,Tidak Menghadiri Pembuktian,,0,
4854198,Jasa Konsultansi Pembuatan Peta Rawan Bencana,LPSE KABUPATEN KUTAI KARTANEGARA,PT. TRITUNGGAL SELARAS CONSULTANT UTAMA,Tidak Menghadiri Pembuktian,,0,
4854198,Jasa Konsultansi Pembuatan Peta Rawan Bencana,LPSE KABUPATEN KUTAI KARTANEGARA,PT. MITRA MADANI MULTICONSULT,Tidak Menghadiri Pembuktian,,0,
4854198,Jasa Konsultansi Pembuatan Peta Rawan Bencana,LPSE KABUPATEN KUTAI KARTANEGARA,PT. SYSTEL INDONESIA,Tidak Menghadiri Pembuktian,,0,
4854198,Jasa Konsultansi Pembuatan Peta Rawan Bencana,LPSE KABUPATEN KUTAI KARTANEGARA,PT. MIRANTHI KONSULTAN PERMAI,Tidak Menghadiri Pembuktian,,0,
4854198,Jasa Konsultansi Pembuatan Peta Rawan Bencana,LPSE KABUPATEN KUTAI KARTANEGARA,PT. MULTIDECON Internal,Tidak Menghadiri Pembuktian,,0,
4854198,Jasa Konsultansi Pembuatan Peta Rawan Bencana,LPSE KABUPATEN KUTAI KARTANEGARA,PT. Survindo Putra Pratama,Tidak Menghadiri Pembuktian,,0,
4854198,Jasa Konsultansi Pembuatan Peta Rawan Bencana,LPSE KABUPATEN KUTAI KARTANEGARA,CV. AUREL PRATAMA KARYA KONSULTAN,Tidak Menghadiri Pembuktian,,0,
4854198,Jasa Konsultansi Pembuatan Peta Rawan Bencana,LPSE KABUPATEN KUTAI KARTANEGARA,CV. SARI MURNI,Tidak Menghadiri Pembuktian,,0,
4854198,Jasa Konsultansi Pembuatan Peta Rawan Bencana,LPSE KABUPATEN KUTAI KARTANEGARA,PT.Swadharma Duta Data,Tidak Menghadiri Pembuktian,,0,
4854198,Jasa Konsultansi Pembuatan Peta Rawan Bencana,LPSE KABUPATEN KUTAI KARTANEGARA,PT. Barista Geoinformatik,Tidak Menghadiri Pembuktian,,0,
4854198,Jasa Konsultansi Pembuatan Peta Rawan Bencana,LPSE KABUPATEN KUTAI KARTANEGARA,TRIPUTRA MAKMUR ABADI,Tidak Menghadiri Pembuktian,,0,
4851198,Perencanaan Teknis Penurapan dan Pengurugan Kawasan Tanjung Seleksi Ulang,LPSE KABUPATEN KUTAI KARTANEGARA,PT RETRACINDO KONSULTAN INDONESIA,Pemenang,"79,56",2127290000,"79,56"
4851198,Perencanaan Teknis Penurapan dan Pengurugan Kawasan Tanjung Seleksi Ulang,LPSE KABUPATEN KUTAI KARTANEGARA,PT. ARSS BARU,Bukan Pemenang,"73,54",2152617000,"73,54"
4851198,Perencanaan Teknis Penurapan dan Pengurugan Kawasan Tanjung Seleksi Ulang,LPSE KABUPATEN KUTAI KARTANEGARA,PT. Ganes Engineering Consultant,Bukan Pemenang,"68,94",2159740000,"68,94"
4851198,Perencanaan Teknis Penurapan dan Pengurugan Kawasan Tanjung Seleksi Ulang,LPSE KABUPATEN KUTAI KARTANEGARA,PT. ADHIYASA DESICON,Bukan Pemenang,"76,31",2167192000,"76,31"
4851198,Perencanaan Teknis Penurapan dan Pengurugan Kawasan Tanjung Seleksi Ulang,LPSE KABUPATEN KUTAI KARTANEGARA,PT. INTIMULYA MULTIKENCANA,Tidak hadir pembuktian kualifikasi,,0,
4851198,Perencanaan Teknis Penurapan dan Pengurugan Kawasan Tanjung Seleksi Ulang,LPSE KABUPATEN KUTAI KARTANEGARA,PT. GEMILANG SURYA INTI,Tidak hadir pembuktian kualifikasi,,0,
4851198,Perencanaan Teknis Penurapan dan Pengurugan Kawasan Tanjung Seleksi Ulang,LPSE KABUPATEN KUTAI KARTANEGARA,PT. PORTAL ENGINEERING PERKASA,Gugur Administrasi,,0,
4851198,Perencanaan Teknis Penurapan dan Pengurugan Kawasan Tanjung Seleksi Ulang,LPSE KABUPATEN KUTAI KARTANEGARA,PT. TEKNIKAL GLOBAL KONSULTAN,Gugur Administrasi,,0,
4851198,Perencanaan Teknis Penurapan dan Pengurugan Kawasan Tanjung Seleksi Ulang,LPSE KABUPATEN KUTAI KARTANEGARA,CV. CIPTA BUANA SEJATI,Tidak hadir pembuktian kualifikasi,,0,
4851198,Perencanaan Teknis Penurapan dan Pengurugan Kawasan Tanjung Seleksi Ulang,LPSE KABUPATEN KUTAI KARTANEGARA,PT. DAYA CIPTA DIANRANCANA,Gugur Administrasi,,0,
4851198,Perencanaan Teknis Penurapan dan Pengurugan Kawasan Tanjung Seleksi Ulang,LPSE KABUPATEN KUTAI KARTANEGARA,CV KARYA SEJATI,Tidak hadir pembuktian kualifikasi,,0,
4851198,Perencanaan Teknis Penurapan dan Pengurugan Kawasan Tanjung Seleksi Ulang,LPSE KABUPATEN KUTAI KARTANEGARA,CV. REKA KUSUMA BUANA,Tidak hadir pembuktian kualifikasi,,0,
4851198,Perencanaan Teknis Penurapan dan Pengurugan Kawasan Tanjung Seleksi Ulang,LPSE KABUPATEN KUTAI KARTANEGARA,PT. Deciplan Indo Persada Engineering Consultant,Gugur Administrasi,,0,
4851198,Perencanaan Teknis Penurapan dan Pengurugan Kawasan Tanjung Seleksi Ulang,LPSE KABUPATEN KUTAI KARTANEGARA,CV. JEVA UTAMA KONSULINDO,Tidak Upload Penawaran,,0,
4851198,Perencanaan Teknis Penurapan dan Pengurugan Kawasan Tanjung Seleksi Ulang,LPSE KABUPATEN KUTAI KARTANEGARA,PT.TEMA KARYA MANDIRI,Tidak hadir pembuktian kualifikasi,,0,
4851198,Perencanaan Teknis Penurapan dan Pengurugan Kawasan Tanjung Seleksi Ulang,LPSE KABUPATEN KUTAI KARTANEGARA,PT. MITRA AGUNG MANUNGGAL,Tidak ada bukti pengalaman sejenis/sama,,0,
4851198,Perencanaan Teknis Penurapan dan Pengurugan Kawasan Tanjung Seleksi Ulang,LPSE KABUPATEN KUTAI KARTANEGARA,PT. Wahana Adya,Tidak hadir pembuktian kualifikasi,,0,
4851198,Perencanaan Teknis Penurapan dan Pengurugan Kawasan Tanjung Seleksi Ulang,LPSE KABUPATEN KUTAI KARTANEGARA,PT. NUSANTARA CITRA KONSULTAN,Gugur Administrasi,,0,
4851198,Perencanaan Teknis Penurapan dan Pengurugan Kawasan Tanjung Seleksi Ulang,LPSE KABUPATEN KUTAI KARTANEGARA,PT. GEOMATIK CONSULTANT,Tidak Menghadiri Pembuktian,,0,
4851198,Perencanaan Teknis Penurapan dan Pengurugan Kawasan Tanjung Seleksi Ulang,LPSE KABUPATEN KUTAI KARTANEGARA,PT. ARCI PRATAMA KONSULTAN,Tidak Menghadiri Pembuktian,,0,
4851198,Perencanaan Teknis Penurapan dan Pengurugan Kawasan Tanjung Seleksi Ulang,LPSE KABUPATEN KUTAI KARTANEGARA,PT. BINTANG TIRTA PRATAMA,Tidak Menghadiri Pembuktian,,0,
4851198,Perencanaan Teknis Penurapan dan Pengurugan Kawasan Tanjung Seleksi Ulang,LPSE KABUPATEN KUTAI KARTANEGARA,PT. DELIMA LAKSANA TATA,Tidak Menghadiri Pembuktian,,0,
4851198,Perencanaan Teknis Penurapan dan Pengurugan Kawasan Tanjung Seleksi Ulang,LPSE KABUPATEN KUTAI KARTANEGARA,PT. Multicipta Rancana Selaras,Tidak Menghadiri Pembuktian,,0,
4851198,Perencanaan Teknis Penurapan dan Pengurugan Kawasan Tanjung Seleksi Ulang,LPSE KABUPATEN KUTAI KARTANEGARA,CV.Trikarya Utama,Tidak Menghadiri Pembuktian,,0,
4851198,Perencanaan Teknis Penurapan dan Pengurugan Kawasan Tanjung Seleksi Ulang,LPSE KABUPATEN KUTAI KARTANEGARA,PT. ARISTA GEMILANG KONSULINDO,Tidak Menghadiri Pembuktian,,0,
4851198,Perencanaan Teknis Penurapan dan Pengurugan Kawasan Tanjung Seleksi Ulang,LPSE KABUPATEN KUTAI KARTANEGARA,CV. AUREL PRATAMA KARYA KONSULTAN,Tidak Menghadiri Pembuktian,,0,
4851198,Perencanaan Teknis Penurapan dan Pengurugan Kawasan Tanjung Seleksi Ulang,LPSE KABUPATEN KUTAI KARTANEGARA,PT. BINA KARYA (Persero),Tidak Menghadiri Pembuktian,,0,
4851198,Perencanaan Teknis Penurapan dan Pengurugan Kawasan Tanjung Seleksi Ulang,LPSE KABUPATEN KUTAI KARTANEGARA,PT. BIKONAR PERDANA,Tidak Menghadiri Pembuktian,,0,
4851198,Perencanaan Teknis Penurapan dan Pengurugan Kawasan Tanjung Seleksi Ulang,LPSE KABUPATEN KUTAI KARTANEGARA,CV. Sakti Jaya Consultant,Tidak Menghadiri Pembuktian,,0,
4851198,Perencanaan Teknis Penurapan dan Pengurugan Kawasan Tanjung Seleksi Ulang,LPSE KABUPATEN KUTAI KARTANEGARA,PT. Karya Utama Citramandiri,Tidak Menghadiri Pembuktian,,0,
4851198,Perencanaan Teknis Penurapan dan Pengurugan Kawasan Tanjung Seleksi Ulang,LPSE KABUPATEN KUTAI KARTANEGARA,PT. INDENES UTAMA,Tidak Menghadiri Pembuktian,,0,
4851198,Perencanaan Teknis Penurapan dan Pengurugan Kawasan Tanjung Seleksi Ulang,LPSE KABUPATEN KUTAI KARTANEGARA,PT. SURYA PRAGA,Tidak Menghadiri Pembuktian,,0,
4851198,Perencanaan Teknis Penurapan dan Pengurugan Kawasan Tanjung Seleksi Ulang,LPSE KABUPATEN KUTAI KARTANEGARA,CV. CATUR EKA KARSA,Tidak Menghadiri Pembuktian,,0,
4851198,Perencanaan Teknis Penurapan dan Pengurugan Kawasan Tanjung Seleksi Ulang,LPSE KABUPATEN KUTAI KARTANEGARA,CV. HERDA RIPTA LOKA,Tidak Menghadiri Pembuktian,,0,
4851198,Perencanaan Teknis Penurapan dan Pengurugan Kawasan Tanjung Seleksi Ulang,LPSE KABUPATEN KUTAI KARTANEGARA,PT. Celebes Sarana Jasa,Tidak Menghadiri Pembuktian,,0,
4851198,Perencanaan Teknis Penurapan dan Pengurugan Kawasan Tanjung Seleksi Ulang,LPSE KABUPATEN KUTAI KARTANEGARA,exindo consultant,Tidak Menghadiri Pembuktian,,0,
4851198,Perencanaan Teknis Penurapan dan Pengurugan Kawasan Tanjung Seleksi Ulang,LPSE KABUPATEN KUTAI KARTANEGARA,PT. ASA DESAIN,Tidak Menghadiri Pembuktian,,0,
4822198,Pengawasan Rehab Berat/Sedang Blok A Kantor Bupati Kutai Kartanegara (Interior Dan Eksterior) Seleksi Ulang,LPSE KABUPATEN KUTAI KARTANEGARA,exindo consultant,Pemenang,"77,21",345290000,"77,21"
4822198,Pengawasan Rehab Berat/Sedang Blok A Kantor Bupati Kutai Kartanegara (Interior Dan Eksterior) Seleksi Ulang,LPSE KABUPATEN KUTAI KARTANEGARA,PT. ARISTA GEMILANG KONSULINDO,Tidak diundang tidak masuk daftar pendek,,0,
4822198,Pengawasan Rehab Berat/Sedang Blok A Kantor Bupati Kutai Kartanegara (Interior Dan Eksterior) Seleksi Ulang,LPSE KABUPATEN KUTAI KARTANEGARA,TEKNIKA KARYA KONSULTAN,Tidak diundang karena tidak masuk daftar pendek,,0,
4822198,Pengawasan Rehab Berat/Sedang Blok A Kantor Bupati Kutai Kartanegara (Interior Dan Eksterior) Seleksi Ulang,LPSE KABUPATEN KUTAI KARTANEGARA,CV. JEVA UTAMA KONSULINDO,Tidak hadir pembuktian,,0,
4822198,Pengawasan Rehab Berat/Sedang Blok A Kantor Bupati Kutai Kartanegara (Interior Dan Eksterior) Seleksi Ulang,LPSE KABUPATEN KUTAI KARTANEGARA,PT.BIOSFERA WIDHY ENGINEERING,Tidak diundang karena tidak masuk daftar pendek,,0,
4822198,Pengawasan Rehab Berat/Sedang Blok A Kantor Bupati Kutai Kartanegara (Interior Dan Eksterior) Seleksi Ulang,LPSE KABUPATEN KUTAI KARTANEGARA,CV. DIAN PERDANA KONSULTAN,Tidak diundang karena tidak masuk daftar pendek,,0,
4822198,Pengawasan Rehab Berat/Sedang Blok A Kantor Bupati Kutai Kartanegara (Interior Dan Eksterior) Seleksi Ulang,LPSE KABUPATEN KUTAI KARTANEGARA,PT. ASA DESAIN,Tiidak hadir pembuktian kualifikasi,,0,
4822198,Pengawasan Rehab Berat/Sedang Blok A Kantor Bupati Kutai Kartanegara (Interior Dan Eksterior) Seleksi Ulang,LPSE KABUPATEN KUTAI KARTANEGARA,PT. MITRA AGUNG MANUNGGAL,Tidak diundang tidak masuk daftar pendek,,0,
4822198,Pengawasan Rehab Berat/Sedang Blok A Kantor Bupati Kutai Kartanegara (Interior Dan Eksterior) Seleksi Ulang,LPSE KABUPATEN KUTAI KARTANEGARA,PT. LA'MALLY,Bukan Pemenang,,0,
4822198,Pengawasan Rehab Berat/Sedang Blok A Kantor Bupati Kutai Kartanegara (Interior Dan Eksterior) Seleksi Ulang,LPSE KABUPATEN KUTAI KARTANEGARA,PT. BENNATIN SURYA CIPTA,Bukan Pemenang,,0,
4822198,Pengawasan Rehab Berat/Sedang Blok A Kantor Bupati Kutai Kartanegara (Interior Dan Eksterior) Seleksi Ulang,LPSE KABUPATEN KUTAI KARTANEGARA,PT. BENNANTA JASINDO,Bukan Pemenang,,0,
4822198,Pengawasan Rehab Berat/Sedang Blok A Kantor Bupati Kutai Kartanegara (Interior Dan Eksterior) Seleksi Ulang,LPSE KABUPATEN KUTAI KARTANEGARA,PT. Indocitra Intiperkasa,Tidak memasukkan/upload dokumen penawaran administrasi tehnis dan biaya,,0,
4822198,Pengawasan Rehab Berat/Sedang Blok A Kantor Bupati Kutai Kartanegara (Interior Dan Eksterior) Seleksi Ulang,LPSE KABUPATEN KUTAI KARTANEGARA,PT.CINERE AGUNG MANDIRI,Tidak diundang tidak masuk daftar pendek,,0,
4822198,Pengawasan Rehab Berat/Sedang Blok A Kantor Bupati Kutai Kartanegara (Interior Dan Eksterior) Seleksi Ulang,LPSE KABUPATEN KUTAI KARTANEGARA,PT.Angelia Oerip Mandiri,Tidak Menghadiri Pembuktian,,0,
4822198,Pengawasan Rehab Berat/Sedang Blok A Kantor Bupati Kutai Kartanegara (Interior Dan Eksterior) Seleksi Ulang,LPSE KABUPATEN KUTAI KARTANEGARA,CV. HERDA RIPTA LOKA,Tidak Menghadiri Pembuktian,,0,
4822198,Pengawasan Rehab Berat/Sedang Blok A Kantor Bupati Kutai Kartanegara (Interior Dan Eksterior) Seleksi Ulang,LPSE KABUPATEN KUTAI KARTANEGARA,CV. DARMA CITRA UTAMA,Tidak Menghadiri Pembuktian,,0,
4822198,Pengawasan Rehab Berat/Sedang Blok A Kantor Bupati Kutai Kartanegara (Interior Dan Eksterior) Seleksi Ulang,LPSE KABUPATEN KUTAI KARTANEGARA,PT. TEKNIKAL GLOBAL KONSULTAN,Tidak Menghadiri Pembuktian,,0,
4822198,Pengawasan Rehab Berat/Sedang Blok A Kantor Bupati Kutai Kartanegara (Interior Dan Eksterior) Seleksi Ulang,LPSE KABUPATEN KUTAI KARTANEGARA,DAFINAH,Tidak Menghadiri Pembuktian,,0,
4822198,Pengawasan Rehab Berat/Sedang Blok A Kantor Bupati Kutai Kartanegara (Interior Dan Eksterior) Seleksi Ulang,LPSE KABUPATEN KUTAI KARTANEGARA,CV.Trikarya Utama,Tidak Menghadiri Pembuktian,,0,
4822198,Pengawasan Rehab Berat/Sedang Blok A Kantor Bupati Kutai Kartanegara (Interior Dan Eksterior) Seleksi Ulang,LPSE KABUPATEN KUTAI KARTANEGARA,CV. AUREL PRATAMA KARYA KONSULTAN,Tidak Menghadiri Pembuktian,,0,
4822198,Pengawasan Rehab Berat/Sedang Blok A Kantor Bupati Kutai Kartanegara (Interior Dan Eksterior) Seleksi Ulang,LPSE KABUPATEN KUTAI KARTANEGARA,CV. ARCHI TEKNIK,Tidak Menghadiri Pembuktian,,0,
4822198,Pengawasan Rehab Berat/Sedang Blok A Kantor Bupati Kutai Kartanegara (Interior Dan Eksterior) Seleksi Ulang,LPSE KABUPATEN KUTAI KARTANEGARA,CV. MUTIARA KARYA CONSULTANT,Tidak Menghadiri Pembuktian,,0,
4822198,Pengawasan Rehab Berat/Sedang Blok A Kantor Bupati Kutai Kartanegara (Interior Dan Eksterior) Seleksi Ulang,LPSE KABUPATEN KUTAI KARTANEGARA,PT. MARANNU MARAYA MAINDAN,Tidak Menghadiri Pembuktian,,0,
4828198,Kajian Status Kerusakan Tanah/Lahan Untuk Produksi Biomassa,LPSE KABUPATEN KUTAI KARTANEGARA,PT. Multicipta Rancana Selaras,Pemenang,"87,84",488812000,"87,84"
4828198,Kajian Status Kerusakan Tanah/Lahan Untuk Produksi Biomassa,LPSE KABUPATEN KUTAI KARTANEGARA,CV. FASADE UTAMA,Bukan Pemenang,"80,94",499950000,"80,94"
4828198,Kajian Status Kerusakan Tanah/Lahan Untuk Produksi Biomassa,LPSE KABUPATEN KUTAI KARTANEGARA,PT. Arenco Binatama,Bukan Pemenang,"79,05",512407500,"79,05"
4828198,Kajian Status Kerusakan Tanah/Lahan Untuk Produksi Biomassa,LPSE KABUPATEN KUTAI KARTANEGARA,PT. INTIMULYA MULTIKENCANA,tidak melampirkan surat pernyataan tidak masuk daftar hitam dan pernyataan tidak pailit,,0,
4828198,Kajian Status Kerusakan Tanah/Lahan Untuk Produksi Biomassa,LPSE KABUPATEN KUTAI KARTANEGARA,CV. RASYA ALBAR CONSULTANT,SBU telah habis masa berlakunya dan tidak melampirkan surat pernyataan tidak masuk daftar hitam dan pernyataan tidak pailit,,0,
4828198,Kajian Status Kerusakan Tanah/Lahan Untuk Produksi Biomassa,LPSE KABUPATEN KUTAI KARTANEGARA,CV. KALIMANTAN INFOTAMA,tidak melampirkan surat pernyataan tidak masuk daftar hitam dan pernyataan tidak pailit,,0,
4828198,Kajian Status Kerusakan Tanah/Lahan Untuk Produksi Biomassa,LPSE KABUPATEN KUTAI KARTANEGARA,PT.NUANSA HASTA,SBU telah habis masa berlakunya,,0,
4828198,Kajian Status Kerusakan Tanah/Lahan Untuk Produksi Biomassa,LPSE KABUPATEN KUTAI KARTANEGARA,PT. Matriks Centrisindo,Bukan Pemenang,,0,
4828198,Kajian Status Kerusakan Tanah/Lahan Untuk Produksi Biomassa,LPSE KABUPATEN KUTAI KARTANEGARA,PT. HEGAR DAYA,Tidak Upload Dokumen Penawaran Administrasi dan Teknis,,0,
4828198,Kajian Status Kerusakan Tanah/Lahan Untuk Produksi Biomassa,LPSE KABUPATEN KUTAI KARTANEGARA,PT. BINA INDEX CONSULT,daftar pendek dalam seleksi umum berjumlah 5 sampai 7 penyedia jasa konsultansi (sesuai Perpres 70 tahun 2012 pasal 42 ayat 3),,0,
4828198,Kajian Status Kerusakan Tanah/Lahan Untuk Produksi Biomassa,LPSE KABUPATEN KUTAI KARTANEGARA,PT. GIRI AWAS,daftar pendek dalam seleksi umum berjumlah 5 sampai 7 penyedia jasa konsultansi (sesuai Perpres 70 tahun 2012 pasal 42 ayat 3),,0,
4828198,Kajian Status Kerusakan Tanah/Lahan Untuk Produksi Biomassa,LPSE KABUPATEN KUTAI KARTANEGARA,PT. SIGMA EKSPRESI,Bukan Pemenang,,0,
4828198,Kajian Status Kerusakan Tanah/Lahan Untuk Produksi Biomassa,LPSE KABUPATEN KUTAI KARTANEGARA,PT. Dalla Billa Sejati,tidak melampirkan surat pernyataan tidak masuk daftar hitam dan pernyataan tidak pailit,,0,
4828198,Kajian Status Kerusakan Tanah/Lahan Untuk Produksi Biomassa,LPSE KABUPATEN KUTAI KARTANEGARA,PT. Grhayasa Nusacitra Estima,daftar pendek dalam seleksi umum berjumlah 5 sampai 7 penyedia jasa konsultansi (sesuai Perpres 70 tahun 2012 pasal 42 ayat 3),,0,
4828198,Kajian Status Kerusakan Tanah/Lahan Untuk Produksi Biomassa,LPSE KABUPATEN KUTAI KARTANEGARA,PT. NUANSA CITRAMANDIRI,Bukan Pemenang,,0,
4828198,Kajian Status Kerusakan Tanah/Lahan Untuk Produksi Biomassa,LPSE KABUPATEN KUTAI KARTANEGARA,PT. ECOPLAN REKABUMI INTERCONSULT,daftar pendek dalam seleksi umum berjumlah 5 sampai 7 penyedia jasa konsultansi (sesuai Perpres 70 tahun 2012 pasal 42 ayat 3),,0,
4828198,Kajian Status Kerusakan Tanah/Lahan Untuk Produksi Biomassa,LPSE KABUPATEN KUTAI KARTANEGARA,PT. PUSER BUMI MEKON,SBU tidak memenuhi syarat kualifikasi sesuai dokumen prakualifikasi,,0,
4828198,Kajian Status Kerusakan Tanah/Lahan Untuk Produksi Biomassa,LPSE KABUPATEN KUTAI KARTANEGARA,PT. BINA KREASI NUSANTARA,daftar pendek dalam seleksi umum berjumlah 5 sampai 7 penyedia jasa konsultansi (sesuai Perpres 70 tahun 2012 pasal 42 ayat 3),,0,
4828198,Kajian Status Kerusakan Tanah/Lahan Untuk Produksi Biomassa,LPSE KABUPATEN KUTAI KARTANEGARA,PT. Raka Enginering Consultants,daftar pendek dalam seleksi umum berjumlah 5 sampai 7 penyedia jasa konsultansi (sesuai Perpres 70 tahun 2012 pasal 42 ayat 3),,0,
4828198,Kajian Status Kerusakan Tanah/Lahan Untuk Produksi Biomassa,LPSE KABUPATEN KUTAI KARTANEGARA,PT. Maza Pradita Sarana,daftar pendek dalam seleksi umum berjumlah 5 sampai 7 penyedia jasa konsultansi (sesuai Perpres 70 tahun 2012 pasal 42 ayat 3),,0,
4828198,Kajian Status Kerusakan Tanah/Lahan Untuk Produksi Biomassa,LPSE KABUPATEN KUTAI KARTANEGARA,PT. Revanplan Adiraka Konsultan,daftar pendek dalam seleksi umum berjumlah 5 sampai 7 penyedia jasa konsultansi (sesuai Perpres 70 tahun 2012 pasal 42 ayat 3),,0,
4828198,Kajian Status Kerusakan Tanah/Lahan Untuk Produksi Biomassa,LPSE KABUPATEN KUTAI KARTANEGARA,PT. DAYA CIPTA DIANRANCANA,tidak melampirkan surat pernyataan tidak masuk daftar hitam dan pernyataan tidak pailit,,0,
4828198,Kajian Status Kerusakan Tanah/Lahan Untuk Produksi Biomassa,LPSE KABUPATEN KUTAI KARTANEGARA,PT. MITRA MADANI MULTICONSULT,tidak melampirkan surat pernyataan tidak masuk daftar hitam dan pernyataan tidak pailit,,0,
4828198,Kajian Status Kerusakan Tanah/Lahan Untuk Produksi Biomassa,LPSE KABUPATEN KUTAI KARTANEGARA,PT. TARAM,daftar pendek dalam seleksi umum berjumlah 5 sampai 7 penyedia jasa konsultansi (sesuai Perpres 70 tahun 2012 pasal 42 ayat 3),,0,
4828198,Kajian Status Kerusakan Tanah/Lahan Untuk Produksi Biomassa,LPSE KABUPATEN KUTAI KARTANEGARA,PT. BIRAPLANO ASRI,daftar pendek dalam seleksi umum berjumlah 5 sampai 7 penyedia jasa konsultansi (sesuai Perpres 70 tahun 2012 pasal 42 ayat 3),,0,
4828198,Kajian Status Kerusakan Tanah/Lahan Untuk Produksi Biomassa,LPSE KABUPATEN KUTAI KARTANEGARA,PT. MITRA AGUNG MANUNGGAL,daftar pendek dalam seleksi umum berjumlah 5 sampai 7 penyedia jasa konsultansi (sesuai Perpres 70 tahun 2012 pasal 42 ayat 3),,0,
4828198,Kajian Status Kerusakan Tanah/Lahan Untuk Produksi Biomassa,LPSE KABUPATEN KUTAI KARTANEGARA,CV. REXCONS INDONESIA,daftar pendek dalam seleksi umum berjumlah 5 sampai 7 penyedia jasa konsultansi (sesuai Perpres 70 tahun 2012 pasal 42 ayat 3),,0,
4828198,Kajian Status Kerusakan Tanah/Lahan Untuk Produksi Biomassa,LPSE KABUPATEN KUTAI KARTANEGARA,PT. NUSA TIARA,daftar pendek dalam seleksi umum berjumlah 5 sampai 7 penyedia jasa konsultansi (sesuai Perpres 70 tahun 2012 pasal 42 ayat 3),,0,
4828198,Kajian Status Kerusakan Tanah/Lahan Untuk Produksi Biomassa,LPSE KABUPATEN KUTAI KARTANEGARA,PT.BIOSFERA WIDHY ENGINEERING,Tidak Menghadiri Pembuktian,,0,
4828198,Kajian Status Kerusakan Tanah/Lahan Untuk Produksi Biomassa,LPSE KABUPATEN KUTAI KARTANEGARA,PT. ASA DESAIN,Tidak Menghadiri Pembuktian,,0,
4828198,Kajian Status Kerusakan Tanah/Lahan Untuk Produksi Biomassa,LPSE KABUPATEN KUTAI KARTANEGARA,PT. Kreasi Imaji Konsultan,Tidak Menghadiri Pembuktian,,0,
4828198,Kajian Status Kerusakan Tanah/Lahan Untuk Produksi Biomassa,LPSE KABUPATEN KUTAI KARTANEGARA,PT. GEOMATIK CONSULTANT,Tidak Menghadiri Pembuktian,,0,
4828198,Kajian Status Kerusakan Tanah/Lahan Untuk Produksi Biomassa,LPSE KABUPATEN KUTAI KARTANEGARA,PT. ARCI PRATAMA KONSULTAN,Tidak Menghadiri Pembuktian,,0,
4828198,Kajian Status Kerusakan Tanah/Lahan Untuk Produksi Biomassa,LPSE KABUPATEN KUTAI KARTANEGARA,PT. Celebes Sarana Jasa,Tidak Menghadiri Pembuktian,,0,
4828198,Kajian Status Kerusakan Tanah/Lahan Untuk Produksi Biomassa,LPSE KABUPATEN KUTAI KARTANEGARA,PT. BINTANG TIRTA PRATAMA,Tidak Menghadiri Pembuktian,,0,
4828198,Kajian Status Kerusakan Tanah/Lahan Untuk Produksi Biomassa,LPSE KABUPATEN KUTAI KARTANEGARA,PT. DELIMA LAKSANA TATA,Tidak Menghadiri Pembuktian,,0,
4828198,Kajian Status Kerusakan Tanah/Lahan Untuk Produksi Biomassa,LPSE KABUPATEN KUTAI KARTANEGARA,PT. BENNATIN SURYA CIPTA,Tidak Menghadiri Pembuktian,,0,
4828198,Kajian Status Kerusakan Tanah/Lahan Untuk Produksi Biomassa,LPSE KABUPATEN KUTAI KARTANEGARA,PT. BENNANTA JASINDO,Tidak Menghadiri Pembuktian,,0,
4828198,Kajian Status Kerusakan Tanah/Lahan Untuk Produksi Biomassa,LPSE KABUPATEN KUTAI KARTANEGARA,PT.Angelia Oerip Mandiri,Tidak Menghadiri Pembuktian,,0,
4828198,Kajian Status Kerusakan Tanah/Lahan Untuk Produksi Biomassa,LPSE KABUPATEN KUTAI KARTANEGARA,PT. Indocitra Intiperkasa,Tidak Menghadiri Pembuktian,,0,
4828198,Kajian Status Kerusakan Tanah/Lahan Untuk Produksi Biomassa,LPSE KABUPATEN KUTAI KARTANEGARA,PT. LA'MALLY,Tidak Menghadiri Pembuktian,,0,
4828198,Kajian Status Kerusakan Tanah/Lahan Untuk Produksi Biomassa,LPSE KABUPATEN KUTAI KARTANEGARA,PT.CINERE AGUNG MANDIRI,Tidak Menghadiri Pembuktian,,0,
4828198,Kajian Status Kerusakan Tanah/Lahan Untuk Produksi Biomassa,LPSE KABUPATEN KUTAI KARTANEGARA,CV. MUTIARA KARYA CONSULTANT,Tidak Menghadiri Pembuktian,,0,
4828198,Kajian Status Kerusakan Tanah/Lahan Untuk Produksi Biomassa,LPSE KABUPATEN KUTAI KARTANEGARA,CV. HERDA RIPTA LOKA,Tidak Menghadiri Pembuktian,,0,
4828198,Kajian Status Kerusakan Tanah/Lahan Untuk Produksi Biomassa,LPSE KABUPATEN KUTAI KARTANEGARA,cv.ar-rozaq,Tidak Menghadiri Pembuktian,,0,
4828198,Kajian Status Kerusakan Tanah/Lahan Untuk Produksi Biomassa,LPSE KABUPATEN KUTAI KARTANEGARA,PT. Ahassa Ciptanika,Tidak Menghadiri Pembuktian,,0,
4828198,Kajian Status Kerusakan Tanah/Lahan Untuk Produksi Biomassa,LPSE KABUPATEN KUTAI KARTANEGARA,PT. Karya Utama Citramandiri,Tidak Menghadiri Pembuktian,,0,
4819198,Pengawasan Teknis Pembuatan Jalan Lingkar Rumah Sakit Kecamatan Samboja ,LPSE KABUPATEN KUTAI KARTANEGARA,PT. MARANNU MARAYA MAINDAN,Pemenang,"85,04",188045000,"85,04"
4819198,Pengawasan Teknis Pembuatan Jalan Lingkar Rumah Sakit Kecamatan Samboja ,LPSE KABUPATEN KUTAI KARTANEGARA,PT.BIOSFERA WIDHY ENGINEERING,Tidak hadir pembuktian kualifikasi,,0,
4819198,Pengawasan Teknis Pembuatan Jalan Lingkar Rumah Sakit Kecamatan Samboja ,LPSE KABUPATEN KUTAI KARTANEGARA,TEKNIKA KARYA KONSULTAN,Bukan Pemenang,,0,
4819198,Pengawasan Teknis Pembuatan Jalan Lingkar Rumah Sakit Kecamatan Samboja ,LPSE KABUPATEN KUTAI KARTANEGARA,CV. Sakti Jaya Consultant,Tidak Upload Dokumen Pemilihan,,0,
4819198,Pengawasan Teknis Pembuatan Jalan Lingkar Rumah Sakit Kecamatan Samboja ,LPSE KABUPATEN KUTAI KARTANEGARA,CV.Trikarya Utama,Tidak hadir pembuktian kualifikasi,,0,
4819198,Pengawasan Teknis Pembuatan Jalan Lingkar Rumah Sakit Kecamatan Samboja ,LPSE KABUPATEN KUTAI KARTANEGARA,PT. ASRI SEMESTA BANGUN,Tidak Upload Dokumen Pemilihan,,0,
4819198,Pengawasan Teknis Pembuatan Jalan Lingkar Rumah Sakit Kecamatan Samboja ,LPSE KABUPATEN KUTAI KARTANEGARA,PT. ABDI SATRIA BHUMI,Pajak 3 Bulan Terakhir Tidak lengkap,,0,
4819198,Pengawasan Teknis Pembuatan Jalan Lingkar Rumah Sakit Kecamatan Samboja ,LPSE KABUPATEN KUTAI KARTANEGARA,cv. aplikasi utama,"Jangka Waktu Penawaran, Nama Paket kegiatan tidak sesuai dengan yang disyaratkan dalam LDP",,0,
4819198,Pengawasan Teknis Pembuatan Jalan Lingkar Rumah Sakit Kecamatan Samboja ,LPSE KABUPATEN KUTAI KARTANEGARA,CV. JEVA UTAMA KONSULINDO,Nama Paket Kegiatan Tidak sesuai dengan yang disyaratkan dalam LDP,,0,
4819198,Pengawasan Teknis Pembuatan Jalan Lingkar Rumah Sakit Kecamatan Samboja ,LPSE KABUPATEN KUTAI KARTANEGARA,CV.Rama Karya,Pajak 3 Bulan Terakhir Tidak lengkap,,0,
4819198,Pengawasan Teknis Pembuatan Jalan Lingkar Rumah Sakit Kecamatan Samboja ,LPSE KABUPATEN KUTAI KARTANEGARA,CITRA KONSTRUKSI,Tidak hadir pembuktian kualifikasi,,0,
4819198,Pengawasan Teknis Pembuatan Jalan Lingkar Rumah Sakit Kecamatan Samboja ,LPSE KABUPATEN KUTAI KARTANEGARA,CV. MUTIARA KARYA CONSULTANT,Tidak hadir pembuktian kualifikasi,,0,
4819198,Pengawasan Teknis Pembuatan Jalan Lingkar Rumah Sakit Kecamatan Samboja ,LPSE KABUPATEN KUTAI KARTANEGARA,PT. JASINDO KONSULT NEC,Nama Paket Kegiatan Tidak sesuai dengan yang disyaratkan dalam LDP,,0,
4819198,Pengawasan Teknis Pembuatan Jalan Lingkar Rumah Sakit Kecamatan Samboja ,LPSE KABUPATEN KUTAI KARTANEGARA,CV. KINALEOSAN,Tidak Menghadiri Pembuktian,,0,
4819198,Pengawasan Teknis Pembuatan Jalan Lingkar Rumah Sakit Kecamatan Samboja ,LPSE KABUPATEN KUTAI KARTANEGARA,PT. TEKNIKAL GLOBAL KONSULTAN,Tidak Menghadiri Pembuktian,,0,
4819198,Pengawasan Teknis Pembuatan Jalan Lingkar Rumah Sakit Kecamatan Samboja ,LPSE KABUPATEN KUTAI KARTANEGARA,CV. WAHANA CAHAYA KONSULTAN,Tidak Menghadiri Pembuktian,,0,
4819198,Pengawasan Teknis Pembuatan Jalan Lingkar Rumah Sakit Kecamatan Samboja ,LPSE KABUPATEN KUTAI KARTANEGARA,CV AWAL ANUGERAH PRIMA,Tidak Menghadiri Pembuktian,,0,
4819198,Pengawasan Teknis Pembuatan Jalan Lingkar Rumah Sakit Kecamatan Samboja ,LPSE KABUPATEN KUTAI KARTANEGARA,cv lintas medika,Tidak Menghadiri Pembuktian,,0,
4819198,Pengawasan Teknis Pembuatan Jalan Lingkar Rumah Sakit Kecamatan Samboja ,LPSE KABUPATEN KUTAI KARTANEGARA,CV. ARISTA MANDIRI UTAMA KONSULTAN,Tidak Menghadiri Pembuktian,,0,
4819198,Pengawasan Teknis Pembuatan Jalan Lingkar Rumah Sakit Kecamatan Samboja ,LPSE KABUPATEN KUTAI KARTANEGARA,CV. HERDA RIPTA LOKA,Tidak Menghadiri Pembuktian,,0,
4819198,Pengawasan Teknis Pembuatan Jalan Lingkar Rumah Sakit Kecamatan Samboja ,LPSE KABUPATEN KUTAI KARTANEGARA,CV. HAZAN AL MADANI,Tidak Menghadiri Pembuktian,,0,
4819198,Pengawasan Teknis Pembuatan Jalan Lingkar Rumah Sakit Kecamatan Samboja ,LPSE KABUPATEN KUTAI KARTANEGARA,CV. Citra Kalimantan,Tidak Menghadiri Pembuktian,,0,
4819198,Pengawasan Teknis Pembuatan Jalan Lingkar Rumah Sakit Kecamatan Samboja ,LPSE KABUPATEN KUTAI KARTANEGARA,PT. BRAMUDA SINERGY,Tidak Menghadiri Pembuktian,,0,
4819198,Pengawasan Teknis Pembuatan Jalan Lingkar Rumah Sakit Kecamatan Samboja ,LPSE KABUPATEN KUTAI KARTANEGARA,PT. ASA DESAIN,Tidak Menghadiri Pembuktian,,0,
4691198,Pengawasan teknis Peningkatan jalan DR. Soetomo Km 28 Tani Bakti-Ambarawang Darat Kec. Samboja (DAK 2014),LPSE KABUPATEN KUTAI KARTANEGARA,PT. BRAMUDA SINERGY,Pemenang,"82,32",256025000,"82,32"
4691198,Pengawasan teknis Peningkatan jalan DR. Soetomo Km 28 Tani Bakti-Ambarawang Darat Kec. Samboja (DAK 2014),LPSE KABUPATEN KUTAI KARTANEGARA,CV. BUANA ENGINEERING CONSULTANT,Bukan Pemenang,"76,78",259215000,"76,78"
4691198,Pengawasan teknis Peningkatan jalan DR. Soetomo Km 28 Tani Bakti-Ambarawang Darat Kec. Samboja (DAK 2014),LPSE KABUPATEN KUTAI KARTANEGARA,CV. MUTIARA KARYA CONSULTANT,Bukan Pemenang,"80,08",265705000,"80,08"
4691198,Pengawasan teknis Peningkatan jalan DR. Soetomo Km 28 Tani Bakti-Ambarawang Darat Kec. Samboja (DAK 2014),LPSE KABUPATEN KUTAI KARTANEGARA,CV. VISION ENGINEERING,Bukan Pemenang,"78,28",266398000,"78,28"
4691198,Pengawasan teknis Peningkatan jalan DR. Soetomo Km 28 Tani Bakti-Ambarawang Darat Kec. Samboja (DAK 2014),LPSE KABUPATEN KUTAI KARTANEGARA,CV. Sakti Jaya Consultant,Tidak Upload Dokumen Penawaran Administrasi dan Teknis,,0,
4691198,Pengawasan teknis Peningkatan jalan DR. Soetomo Km 28 Tani Bakti-Ambarawang Darat Kec. Samboja (DAK 2014),LPSE KABUPATEN KUTAI KARTANEGARA,PT. JASINDO KONSULT NEC,Personil Tidak Memenuhi,,0,
4691198,Pengawasan teknis Peningkatan jalan DR. Soetomo Km 28 Tani Bakti-Ambarawang Darat Kec. Samboja (DAK 2014),LPSE KABUPATEN KUTAI KARTANEGARA,PT. TEKNIKAL GLOBAL KONSULTAN,Tidak menghadiri pembuktian,,0,
4691198,Pengawasan teknis Peningkatan jalan DR. Soetomo Km 28 Tani Bakti-Ambarawang Darat Kec. Samboja (DAK 2014),LPSE KABUPATEN KUTAI KARTANEGARA,CV. WAHANA CAHAYA KONSULTAN,Tidak menghadiri pembuktian,,0,
4691198,Pengawasan teknis Peningkatan jalan DR. Soetomo Km 28 Tani Bakti-Ambarawang Darat Kec. Samboja (DAK 2014),LPSE KABUPATEN KUTAI KARTANEGARA,CV. Cremona Teknik Consultant,Tidak menghadiri pembuktian,,0,
4691198,Pengawasan teknis Peningkatan jalan DR. Soetomo Km 28 Tani Bakti-Ambarawang Darat Kec. Samboja (DAK 2014),LPSE KABUPATEN KUTAI KARTANEGARA,TEKNIKA KARYA KONSULTAN,Personil Tidak Memenuhi,,0,
4691198,Pengawasan teknis Peningkatan jalan DR. Soetomo Km 28 Tani Bakti-Ambarawang Darat Kec. Samboja (DAK 2014),LPSE KABUPATEN KUTAI KARTANEGARA,CITRA KONSTRUKSI,Tidak menghadiri pembuktian,,0,
4691198,Pengawasan teknis Peningkatan jalan DR. Soetomo Km 28 Tani Bakti-Ambarawang Darat Kec. Samboja (DAK 2014),LPSE KABUPATEN KUTAI KARTANEGARA,CV.PUSAKA DIGJAYA,Tidak Upload Dokumen Penawaran Administrasi dan Teknis,,0,
4691198,Pengawasan teknis Peningkatan jalan DR. Soetomo Km 28 Tani Bakti-Ambarawang Darat Kec. Samboja (DAK 2014),LPSE KABUPATEN KUTAI KARTANEGARA,PT. MARANNU MARAYA MAINDAN,Tidak Upload Dokumen Penawaran Administrasi dan Teknis,,0,
4691198,Pengawasan teknis Peningkatan jalan DR. Soetomo Km 28 Tani Bakti-Ambarawang Darat Kec. Samboja (DAK 2014),LPSE KABUPATEN KUTAI KARTANEGARA,CV. HAZAN AL MADANI,Tidak Menghadiri Pembuktian,,0,
4691198,Pengawasan teknis Peningkatan jalan DR. Soetomo Km 28 Tani Bakti-Ambarawang Darat Kec. Samboja (DAK 2014),LPSE KABUPATEN KUTAI KARTANEGARA,CV.Trikarya Utama,Tidak Menghadiri Pembuktian,,0,
4691198,Pengawasan teknis Peningkatan jalan DR. Soetomo Km 28 Tani Bakti-Ambarawang Darat Kec. Samboja (DAK 2014),LPSE KABUPATEN KUTAI KARTANEGARA,CV. Sawi Mahakam Consultant,Tidak Menghadiri Pembuktian,,0,
4691198,Pengawasan teknis Peningkatan jalan DR. Soetomo Km 28 Tani Bakti-Ambarawang Darat Kec. Samboja (DAK 2014),LPSE KABUPATEN KUTAI KARTANEGARA,PT. ARISTA GEMILANG KONSULINDO,Tidak Menghadiri Pembuktian,,0,
4691198,Pengawasan teknis Peningkatan jalan DR. Soetomo Km 28 Tani Bakti-Ambarawang Darat Kec. Samboja (DAK 2014),LPSE KABUPATEN KUTAI KARTANEGARA,PT.BIOSFERA WIDHY ENGINEERING,Tidak Menghadiri Pembuktian,,0,
4691198,Pengawasan teknis Peningkatan jalan DR. Soetomo Km 28 Tani Bakti-Ambarawang Darat Kec. Samboja (DAK 2014),LPSE KABUPATEN KUTAI KARTANEGARA,PT. ASA DESAIN,Tidak Menghadiri Pembuktian,,0,
4691198,Pengawasan teknis Peningkatan jalan DR. Soetomo Km 28 Tani Bakti-Ambarawang Darat Kec. Samboja (DAK 2014),LPSE KABUPATEN KUTAI KARTANEGARA,PT ALAYDRUS JAYA ABADI,Tidak Menghadiri Pembuktian,,0,
4691198,Pengawasan teknis Peningkatan jalan DR. Soetomo Km 28 Tani Bakti-Ambarawang Darat Kec. Samboja (DAK 2014),LPSE KABUPATEN KUTAI KARTANEGARA,CV. HERDA RIPTA LOKA,Tidak Menghadiri Pembuktian,,0,
4691198,Pengawasan teknis Peningkatan jalan DR. Soetomo Km 28 Tani Bakti-Ambarawang Darat Kec. Samboja (DAK 2014),LPSE KABUPATEN KUTAI KARTANEGARA,cv.ar-rozaq,Tidak Menghadiri Pembuktian,,0,
4691198,Pengawasan teknis Peningkatan jalan DR. Soetomo Km 28 Tani Bakti-Ambarawang Darat Kec. Samboja (DAK 2014),LPSE KABUPATEN KUTAI KARTANEGARA,CV. PRIMA JAYA KONSULTAN,Tidak Menghadiri Pembuktian,,0,
4799198,FS Pembangunan Konstruksi Beton Jembatan Penghubung Desa Bilatalang Dengan Desa Sidomulyo,LPSE KABUPATEN KUTAI KARTANEGARA,PT. Teraga Olahrakayasa,Bukan Pemenang,"82,27",383487000,"82,27"
4799198,FS Pembangunan Konstruksi Beton Jembatan Penghubung Desa Bilatalang Dengan Desa Sidomulyo,LPSE KABUPATEN KUTAI KARTANEGARA,CV. REXCONS INDONESIA,Bukan Pemenang,"87,66",381425000,"87,66"
4799198,FS Pembangunan Konstruksi Beton Jembatan Penghubung Desa Bilatalang Dengan Desa Sidomulyo,LPSE KABUPATEN KUTAI KARTANEGARA,PT. NUSA TIARA,Bukan Pemenang,"84,56",382525000,"84,56"
4799198,FS Pembangunan Konstruksi Beton Jembatan Penghubung Desa Bilatalang Dengan Desa Sidomulyo,LPSE KABUPATEN KUTAI KARTANEGARA,PT. BINA INDEX CONSULT,Pemenang,"90,89",396660000,"90,89"
4799198,FS Pembangunan Konstruksi Beton Jembatan Penghubung Desa Bilatalang Dengan Desa Sidomulyo,LPSE KABUPATEN KUTAI KARTANEGARA,PT. HEGAR DAYA,Bukan Pemenang,"84,73",401637000,"84,73"
4799198,FS Pembangunan Konstruksi Beton Jembatan Penghubung Desa Bilatalang Dengan Desa Sidomulyo,LPSE KABUPATEN KUTAI KARTANEGARA,CV. FASADE UTAMA,Bukan Pemenang,"88,1",402490000,"88,1"
4799198,FS Pembangunan Konstruksi Beton Jembatan Penghubung Desa Bilatalang Dengan Desa Sidomulyo,LPSE KABUPATEN KUTAI KARTANEGARA,PT. MITRA AGUNG MANUNGGAL,Bukan Pemenang,"83,68",406175000,"83,68"
4799198,FS Pembangunan Konstruksi Beton Jembatan Penghubung Desa Bilatalang Dengan Desa Sidomulyo,LPSE KABUPATEN KUTAI KARTANEGARA,CV. RASYA ALBAR CONSULTANT,Tidak hadir pembuktian kualifikasi,,0,
4799198,FS Pembangunan Konstruksi Beton Jembatan Penghubung Desa Bilatalang Dengan Desa Sidomulyo,LPSE KABUPATEN KUTAI KARTANEGARA,PT. INTIMULYA MULTIKENCANA,Tidak hadir pembuktian kualifikasi,,0,
4799198,FS Pembangunan Konstruksi Beton Jembatan Penghubung Desa Bilatalang Dengan Desa Sidomulyo,LPSE KABUPATEN KUTAI KARTANEGARA,PT. INDOKONSUL CITRAMANDIRI,Lulus tidak diundang,,0,
4799198,FS Pembangunan Konstruksi Beton Jembatan Penghubung Desa Bilatalang Dengan Desa Sidomulyo,LPSE KABUPATEN KUTAI KARTANEGARA,PT. Bhawana Prasasta,Lulus tidak diundang,,0,
4799198,FS Pembangunan Konstruksi Beton Jembatan Penghubung Desa Bilatalang Dengan Desa Sidomulyo,LPSE KABUPATEN KUTAI KARTANEGARA,PT. SRI AGUNG JAYA,Tidak lulus,,0,
4799198,FS Pembangunan Konstruksi Beton Jembatan Penghubung Desa Bilatalang Dengan Desa Sidomulyo,LPSE KABUPATEN KUTAI KARTANEGARA,PT. Suwanda Karya Mandiri,Tidak lulus,,0,
4799198,FS Pembangunan Konstruksi Beton Jembatan Penghubung Desa Bilatalang Dengan Desa Sidomulyo,LPSE KABUPATEN KUTAI KARTANEGARA,PT. Arenco Binatama,Tidak lulus,,0,
4799198,FS Pembangunan Konstruksi Beton Jembatan Penghubung Desa Bilatalang Dengan Desa Sidomulyo,LPSE KABUPATEN KUTAI KARTANEGARA,PT. SIGMA EKSPRESI,Tidak lulus,,0,
4799198,FS Pembangunan Konstruksi Beton Jembatan Penghubung Desa Bilatalang Dengan Desa Sidomulyo,LPSE KABUPATEN KUTAI KARTANEGARA,PT. TARAM,Tidak lulus,,0,
4799198,FS Pembangunan Konstruksi Beton Jembatan Penghubung Desa Bilatalang Dengan Desa Sidomulyo,LPSE KABUPATEN KUTAI KARTANEGARA,RIMA CIPTA CONSULTANT ( RCC ),Tidak Menghadiri Pembuktian,,0,
4799198,FS Pembangunan Konstruksi Beton Jembatan Penghubung Desa Bilatalang Dengan Desa Sidomulyo,LPSE KABUPATEN KUTAI KARTANEGARA,PT. ASA DESAIN,Tidak Menghadiri Pembuktian,,0,
4799198,FS Pembangunan Konstruksi Beton Jembatan Penghubung Desa Bilatalang Dengan Desa Sidomulyo,LPSE KABUPATEN KUTAI KARTANEGARA,CV. Cremona Teknik Consultant,Tidak Menghadiri Pembuktian,,0,
4799198,FS Pembangunan Konstruksi Beton Jembatan Penghubung Desa Bilatalang Dengan Desa Sidomulyo,LPSE KABUPATEN KUTAI KARTANEGARA,PT. TEKNIKAL GLOBAL KONSULTAN,Tidak Menghadiri Pembuktian,,0,
4799198,FS Pembangunan Konstruksi Beton Jembatan Penghubung Desa Bilatalang Dengan Desa Sidomulyo,LPSE KABUPATEN KUTAI KARTANEGARA,PT.MARATAMA CIPTA MANDIRI,Tidak Menghadiri Pembuktian,,0,
4799198,FS Pembangunan Konstruksi Beton Jembatan Penghubung Desa Bilatalang Dengan Desa Sidomulyo,LPSE KABUPATEN KUTAI KARTANEGARA,PT. GIRI AWAS,Tidak Menghadiri Pembuktian,,0,
4799198,FS Pembangunan Konstruksi Beton Jembatan Penghubung Desa Bilatalang Dengan Desa Sidomulyo,LPSE KABUPATEN KUTAI KARTANEGARA,CV. HERDA RIPTA LOKA,Tidak Menghadiri Pembuktian,,0,
4799198,FS Pembangunan Konstruksi Beton Jembatan Penghubung Desa Bilatalang Dengan Desa Sidomulyo,LPSE KABUPATEN KUTAI KARTANEGARA,PT. DWI ELTIS KONSULTAN,Tidak Menghadiri Pembuktian,,0,
4791198,FS Pembangunan Jembatan Penghubung Desa Muara Ritan Dengan Desa Ritan Baru,LPSE KABUPATEN KUTAI KARTANEGARA,PT. Teraga Olahrakayasa,Bukan Pemenang,"79,95",383487000,"79,95"
4791198,FS Pembangunan Jembatan Penghubung Desa Muara Ritan Dengan Desa Ritan Baru,LPSE KABUPATEN KUTAI KARTANEGARA,PT. NUSA TIARA,Bukan Pemenang,"84,62",383075000,"84,62"
4791198,FS Pembangunan Jembatan Penghubung Desa Muara Ritan Dengan Desa Ritan Baru,LPSE KABUPATEN KUTAI KARTANEGARA,CV. REXCONS INDONESIA,Bukan Pemenang,"86,35",383625000,"86,35"
4791198,FS Pembangunan Jembatan Penghubung Desa Muara Ritan Dengan Desa Ritan Baru,LPSE KABUPATEN KUTAI KARTANEGARA,PT. HEGAR DAYA,Bukan Pemenang,"82,89",401637000,"82,89"
4791198,FS Pembangunan Jembatan Penghubung Desa Muara Ritan Dengan Desa Ritan Baru,LPSE KABUPATEN KUTAI KARTANEGARA,CV. FASADE UTAMA,Bukan Pemenang,"85,78",402490000,"85,78"
4791198,FS Pembangunan Jembatan Penghubung Desa Muara Ritan Dengan Desa Ritan Baru,LPSE KABUPATEN KUTAI KARTANEGARA,PT. INDOKONSUL CITRAMANDIRI,Bukan Pemenang,"81,08",405405000,"81,08"
4791198,FS Pembangunan Jembatan Penghubung Desa Muara Ritan Dengan Desa Ritan Baru,LPSE KABUPATEN KUTAI KARTANEGARA,PT. MITRA AGUNG MANUNGGAL,Pemenang,"88,96",406175000,"88,96"
4791198,FS Pembangunan Jembatan Penghubung Desa Muara Ritan Dengan Desa Ritan Baru,LPSE KABUPATEN KUTAI KARTANEGARA,CV. RASYA ALBAR CONSULTANT,Tidak Hadir Pembuktian,,0,
4791198,FS Pembangunan Jembatan Penghubung Desa Muara Ritan Dengan Desa Ritan Baru,LPSE KABUPATEN KUTAI KARTANEGARA,PT. INTIMULYA MULTIKENCANA,Tidak Hadir Pembuktian,,0,
4791198,FS Pembangunan Jembatan Penghubung Desa Muara Ritan Dengan Desa Ritan Baru,LPSE KABUPATEN KUTAI KARTANEGARA,PT. Bhawana Prasasta,Lulus Tidak Diundang,,0,
4791198,FS Pembangunan Jembatan Penghubung Desa Muara Ritan Dengan Desa Ritan Baru,LPSE KABUPATEN KUTAI KARTANEGARA,PT. SRI AGUNG JAYA,Tidak Ada Referensi Kontrak dan Tidak Ada Data Personil,,0,
4791198,FS Pembangunan Jembatan Penghubung Desa Muara Ritan Dengan Desa Ritan Baru,LPSE KABUPATEN KUTAI KARTANEGARA,PT. Suwanda Karya Mandiri,Tidak Ada Referensi Kontrak dan Tidak Ada Data Personil,,0,
4791198,FS Pembangunan Jembatan Penghubung Desa Muara Ritan Dengan Desa Ritan Baru,LPSE KABUPATEN KUTAI KARTANEGARA,PT. Arenco Binatama,Tidak Ada Referensi Kontrak,,0,
4791198,FS Pembangunan Jembatan Penghubung Desa Muara Ritan Dengan Desa Ritan Baru,LPSE KABUPATEN KUTAI KARTANEGARA,PT. SIGMA EKSPRESI,Tidak Ada Referensi Kontrak,,0,
4791198,FS Pembangunan Jembatan Penghubung Desa Muara Ritan Dengan Desa Ritan Baru,LPSE KABUPATEN KUTAI KARTANEGARA,PT. TARAM,Tidak Ada Referensi Kontrak,,0,
4791198,FS Pembangunan Jembatan Penghubung Desa Muara Ritan Dengan Desa Ritan Baru,LPSE KABUPATEN KUTAI KARTANEGARA,PT. DWI ELTIS KONSULTAN,Tidak Menghadiri Pembuktian,,0,
4791198,FS Pembangunan Jembatan Penghubung Desa Muara Ritan Dengan Desa Ritan Baru,LPSE KABUPATEN KUTAI KARTANEGARA,PT. ASA DESAIN,Tidak Menghadiri Pembuktian,,0,
4791198,FS Pembangunan Jembatan Penghubung Desa Muara Ritan Dengan Desa Ritan Baru,LPSE KABUPATEN KUTAI KARTANEGARA,RIMA CIPTA CONSULTANT ( RCC ),Tidak Menghadiri Pembuktian,,0,
4791198,FS Pembangunan Jembatan Penghubung Desa Muara Ritan Dengan Desa Ritan Baru,LPSE KABUPATEN KUTAI KARTANEGARA,CV. Cremona Teknik Consultant,Tidak Menghadiri Pembuktian,,0,
4791198,FS Pembangunan Jembatan Penghubung Desa Muara Ritan Dengan Desa Ritan Baru,LPSE KABUPATEN KUTAI KARTANEGARA,PT. TEKNIKAL GLOBAL KONSULTAN,Tidak Menghadiri Pembuktian,,0,
4791198,FS Pembangunan Jembatan Penghubung Desa Muara Ritan Dengan Desa Ritan Baru,LPSE KABUPATEN KUTAI KARTANEGARA,PT.MARATAMA CIPTA MANDIRI,Tidak Menghadiri Pembuktian,,0,
4791198,FS Pembangunan Jembatan Penghubung Desa Muara Ritan Dengan Desa Ritan Baru,LPSE KABUPATEN KUTAI KARTANEGARA,PT. GIRI AWAS,Tidak Menghadiri Pembuktian,,0,
4791198,FS Pembangunan Jembatan Penghubung Desa Muara Ritan Dengan Desa Ritan Baru,LPSE KABUPATEN KUTAI KARTANEGARA,PT. BINA INDEX CONSULT,Tidak Menghadiri Pembuktian,,0,
4791198,FS Pembangunan Jembatan Penghubung Desa Muara Ritan Dengan Desa Ritan Baru,LPSE KABUPATEN KUTAI KARTANEGARA,CV. HERDA RIPTA LOKA,Tidak Menghadiri Pembuktian,,0,
5678198,UKL/UPL Pembangunan Infrastruktur Jalan Kawasan Central Bisnis Distrik Tenggarong,LPSE KABUPATEN KUTAI KARTANEGARA,PT. Maza Pradita Sarana,Pemenang,,196036500,
5678198,UKL/UPL Pembangunan Infrastruktur Jalan Kawasan Central Bisnis Distrik Tenggarong,LPSE KABUPATEN KUTAI KARTANEGARA,PT. Ahassa Ciptanika,Bukan Pemenang,,197307000,
5678198,UKL/UPL Pembangunan Infrastruktur Jalan Kawasan Central Bisnis Distrik Tenggarong,LPSE KABUPATEN KUTAI KARTANEGARA,PT. Revanplan Adiraka Konsultan,Tidak menyertakan lampiran pajak sesuai dengan yang dipersyaratkan,,0,
5678198,UKL/UPL Pembangunan Infrastruktur Jalan Kawasan Central Bisnis Distrik Tenggarong,LPSE KABUPATEN KUTAI KARTANEGARA,PT. Raka Enginering Consultants,Tidak menyertakan lampiran pajak sesuai dengan yang dipersyaratkan,,0,
5678198,UKL/UPL Pembangunan Infrastruktur Jalan Kawasan Central Bisnis Distrik Tenggarong,LPSE KABUPATEN KUTAI KARTANEGARA,PT. ASA DESAIN,Tidak menyertakan personil sesuai dengan yang dipersyaratkan,,0,
5678198,UKL/UPL Pembangunan Infrastruktur Jalan Kawasan Central Bisnis Distrik Tenggarong,LPSE KABUPATEN KUTAI KARTANEGARA,PT. BINA KREASI NUSANTARA,Tidak kirim PQ atau tidak lolos PQ,,0,
5678198,UKL/UPL Pembangunan Infrastruktur Jalan Kawasan Central Bisnis Distrik Tenggarong,LPSE KABUPATEN KUTAI KARTANEGARA,PT. Multicipta Rancana Selaras,Tidak menyertakan personil sesuai dengan yang dipersyaratkan,,0,
5678198,UKL/UPL Pembangunan Infrastruktur Jalan Kawasan Central Bisnis Distrik Tenggarong,LPSE KABUPATEN KUTAI KARTANEGARA,PT. BIRAPLANO ASRI,Waktu pelaksanaan tidak sesuai dengan dokumen pengadaan,,0,
5678198,UKL/UPL Pembangunan Infrastruktur Jalan Kawasan Central Bisnis Distrik Tenggarong,LPSE KABUPATEN KUTAI KARTANEGARA,PT. ECOPLAN REKABUMI INTERCONSULT,Tidak kirim PQ atau tidak lolos PQ,,0,
5678198,UKL/UPL Pembangunan Infrastruktur Jalan Kawasan Central Bisnis Distrik Tenggarong,LPSE KABUPATEN KUTAI KARTANEGARA,CV. Sawi Mahakam Consultant,Tidak Menghadiri Pembuktian,,0,
5678198,UKL/UPL Pembangunan Infrastruktur Jalan Kawasan Central Bisnis Distrik Tenggarong,LPSE KABUPATEN KUTAI KARTANEGARA,Maju Bersama Bangsa,Tidak Menghadiri Pembuktian,,0,
5678198,UKL/UPL Pembangunan Infrastruktur Jalan Kawasan Central Bisnis Distrik Tenggarong,LPSE KABUPATEN KUTAI KARTANEGARA,PT. MAHAKAM PERSADA,Tidak Menghadiri Pembuktian,,0,
5255198,FS Jembatan Timbang,LPSE KABUPATEN KUTAI KARTANEGARA,PT. Erka Dua Cipta,Pemenang,,188925000,
5255198,FS Jembatan Timbang,LPSE KABUPATEN KUTAI KARTANEGARA,PT. Raka Enginering Consultants,'Masa berlaku SBU habis,,0,
5255198,FS Jembatan Timbang,LPSE KABUPATEN KUTAI KARTANEGARA,PT. BINA KREASI NUSANTARA,Metode penyampaian penawaran tidak sesuai dengan metode pelelangan yang dipakai (seharusnya satu file bukan dua file),,0,
5255198,FS Jembatan Timbang,LPSE KABUPATEN KUTAI KARTANEGARA,PT. Revanplan Adiraka Konsultan,'Masa berlaku SBU habis,,0,
5255198,FS Jembatan Timbang,LPSE KABUPATEN KUTAI KARTANEGARA,PT. Maza Pradita Sarana,'Masa berlaku SBU habis,,0,
5255198,FS Jembatan Timbang,LPSE KABUPATEN KUTAI KARTANEGARA,PT. MARANNU MARAYA MAINDAN,Gugur Karena Tidak Pembuktian Kualifikasi,,0,
5255198,FS Jembatan Timbang,LPSE KABUPATEN KUTAI KARTANEGARA,PT. Ahassa Ciptanika,'Masa berlaku SBU habis,,0,
5255198,FS Jembatan Timbang,LPSE KABUPATEN KUTAI KARTANEGARA,PT. ECOPLAN REKABUMI INTERCONSULT,Gugur pada saat pembuktian kualifikasi karena tidak bisa menunjukan bukti pengalaman sejenis,,0,
5255198,FS Jembatan Timbang,LPSE KABUPATEN KUTAI KARTANEGARA,PT. BIRAPLANO ASRI,'Masa berlaku SBU habis,,0,
5255198,FS Jembatan Timbang,LPSE KABUPATEN KUTAI KARTANEGARA,PT. Multicipta Rancana Selaras,Metode penyampaian penawaran tidak sesuai dengan metode pelelangan yang dipakai (seharusnya satu file bukan dua file),,0,
5255198,FS Jembatan Timbang,LPSE KABUPATEN KUTAI KARTANEGARA,PT. TEKNIKAL GLOBAL KONSULTAN,'Tidak ada data SBU perencana rekayasa (RE104),,0,
5255198,FS Jembatan Timbang,LPSE KABUPATEN KUTAI KARTANEGARA,CV. WAHANA CAHAYA KONSULTAN,'Tidak ada data SBU perencana rekayasa (RE104),,0,
5255198,FS Jembatan Timbang,LPSE KABUPATEN KUTAI KARTANEGARA,CV. Raniatama Consultant,Lulus (tidak masuk short list),,0,
5255198,FS Jembatan Timbang,LPSE KABUPATEN KUTAI KARTANEGARA,CV. CANDRA DIMUKA,"Tdk ada pajak Ppn bln April,Mei dan juni 2014",,0,
5255198,FS Jembatan Timbang,LPSE KABUPATEN KUTAI KARTANEGARA,CV. MENARA,'Tidak ada data SBU perencana rekayasa (RE104),,0,
5255198,FS Jembatan Timbang,LPSE KABUPATEN KUTAI KARTANEGARA,PT. MITRA AGUNG MANUNGGAL,'Tidak ada data SBU perencana rekayasa (RE104),,0,
5255198,FS Jembatan Timbang,LPSE KABUPATEN KUTAI KARTANEGARA,PT. WIDYA AIKA BERKARYA,'Tidak ada data SBU perencana rekayasa (RE104),,0,
5255198,FS Jembatan Timbang,LPSE KABUPATEN KUTAI KARTANEGARA,PT. GIRI AWAS,Tidak Menghadiri Pembuktian,,0,
5255198,FS Jembatan Timbang,LPSE KABUPATEN KUTAI KARTANEGARA,PT. Kreasi Imaji Konsultan,Tidak Menghadiri Pembuktian,,0,
5255198,FS Jembatan Timbang,LPSE KABUPATEN KUTAI KARTANEGARA,CV. MITRA CENDEKIA UTAMA,Tidak Menghadiri Pembuktian,,0,
5255198,FS Jembatan Timbang,LPSE KABUPATEN KUTAI KARTANEGARA,CV. GEANARA PRATAMA KONSULTAN,Tidak Menghadiri Pembuktian,,0,
5255198,FS Jembatan Timbang,LPSE KABUPATEN KUTAI KARTANEGARA,PT. ASA DESAIN,Tidak Menghadiri Pembuktian,,0,
5255198,FS Jembatan Timbang,LPSE KABUPATEN KUTAI KARTANEGARA,PT. MEGAPLAN Indoraya Esa,Tidak Menghadiri Pembuktian,,0,
5255198,FS Jembatan Timbang,LPSE KABUPATEN KUTAI KARTANEGARA,CV. INTRANUSA EM,Tidak Menghadiri Pembuktian,,0,
5255198,FS Jembatan Timbang,LPSE KABUPATEN KUTAI KARTANEGARA,Maju Bersama Bangsa,Tidak Menghadiri Pembuktian,,0,
5255198,FS Jembatan Timbang,LPSE KABUPATEN KUTAI KARTANEGARA,PT. Smart Teknik Consultant,Tidak Menghadiri Pembuktian,,0,
5255198,FS Jembatan Timbang,LPSE KABUPATEN KUTAI KARTANEGARA,PT. GEOSPASIA WAHANA JAYA,Tidak Menghadiri Pembuktian,,0,
5255198,FS Jembatan Timbang,LPSE KABUPATEN KUTAI KARTANEGARA,PT Karya Kompas Konsultan,Tidak Menghadiri Pembuktian,,0,
5255198,FS Jembatan Timbang,LPSE KABUPATEN KUTAI KARTANEGARA,CV.DINDA,Tidak Menghadiri Pembuktian,,0,
5255198,FS Jembatan Timbang,LPSE KABUPATEN KUTAI KARTANEGARA,CV. JEVA UTAMA KONSULINDO,Tidak Menghadiri Pembuktian,,0,
5255198,FS Jembatan Timbang,LPSE KABUPATEN KUTAI KARTANEGARA,CV. Sakti Jaya Consultant,Tidak Menghadiri Pembuktian,,0,
5255198,FS Jembatan Timbang,LPSE KABUPATEN KUTAI KARTANEGARA,GALLANT,Tidak Menghadiri Pembuktian,,0,
5255198,FS Jembatan Timbang,LPSE KABUPATEN KUTAI KARTANEGARA,CV. Intishar Karya,Tidak Menghadiri Pembuktian,,0,
5255198,FS Jembatan Timbang,LPSE KABUPATEN KUTAI KARTANEGARA,CV. HERDA RIPTA LOKA,Tidak Menghadiri Pembuktian,,0,
5255198,FS Jembatan Timbang,LPSE KABUPATEN KUTAI KARTANEGARA,CV. GRIYA TEKNIKA,Tidak Menghadiri Pembuktian,,0,
5193198,Pengawasan Pembangunan Dermaga Kota Bangun Seberang Seleksi Ulang,LPSE KABUPATEN KUTAI KARTANEGARA,CV. EXECUTIVE 04 CONSULTANT,Pemenang,,148211000,
5193198,Pengawasan Pembangunan Dermaga Kota Bangun Seberang Seleksi Ulang,LPSE KABUPATEN KUTAI KARTANEGARA,PT. TEKNIKAL GLOBAL KONSULTAN,Bukan Pemenang,,148830000,
5193198,Pengawasan Pembangunan Dermaga Kota Bangun Seberang Seleksi Ulang,LPSE KABUPATEN KUTAI KARTANEGARA,TEKNIKA KARYA KONSULTAN,Tidak Lulus (metode pemasukan surat penawaran menggunakan sistem dua file),,0,
5193198,Pengawasan Pembangunan Dermaga Kota Bangun Seberang Seleksi Ulang,LPSE KABUPATEN KUTAI KARTANEGARA,PT. WIDYA AIKA BERKARYA,tidak memiliki pengalaman pekerjaan sejenis sesuai yang disyaratkan dalam dokumen pengadaan,,0,
5193198,Pengawasan Pembangunan Dermaga Kota Bangun Seberang Seleksi Ulang,LPSE KABUPATEN KUTAI KARTANEGARA,cv. mutiara annazil,tidak hadir pembuktian kualifikasi,,0,
5193198,Pengawasan Pembangunan Dermaga Kota Bangun Seberang Seleksi Ulang,LPSE KABUPATEN KUTAI KARTANEGARA,CV. SHACIO JAYA CONSULT,tidak memiliki pengalaman pekerjaan sejenis sesuai yang disyaratkan dalam dokumen pengadaan,,0,
5193198,Pengawasan Pembangunan Dermaga Kota Bangun Seberang Seleksi Ulang,LPSE KABUPATEN KUTAI KARTANEGARA,CV.Trikarya Utama,Tidak Menghadiri Pembuktian,,0,
5193198,Pengawasan Pembangunan Dermaga Kota Bangun Seberang Seleksi Ulang,LPSE KABUPATEN KUTAI KARTANEGARA,PT. Celebes Sarana Jasa,Tidak Menghadiri Pembuktian,,0,
5193198,Pengawasan Pembangunan Dermaga Kota Bangun Seberang Seleksi Ulang,LPSE KABUPATEN KUTAI KARTANEGARA,PT. BLANTIKA MULTI ENGINEER,Tidak Menghadiri Pembuktian,,0,
5193198,Pengawasan Pembangunan Dermaga Kota Bangun Seberang Seleksi Ulang,LPSE KABUPATEN KUTAI KARTANEGARA,cv. bola mandiri,Tidak Menghadiri Pembuktian,,0,
5193198,Pengawasan Pembangunan Dermaga Kota Bangun Seberang Seleksi Ulang,LPSE KABUPATEN KUTAI KARTANEGARA,cv. anggana anugerah,Tidak Menghadiri Pembuktian,,0,
5193198,Pengawasan Pembangunan Dermaga Kota Bangun Seberang Seleksi Ulang,LPSE KABUPATEN KUTAI KARTANEGARA,Maju Bersama Bangsa,Tidak Menghadiri Pembuktian,,0,
5193198,Pengawasan Pembangunan Dermaga Kota Bangun Seberang Seleksi Ulang,LPSE KABUPATEN KUTAI KARTANEGARA,CV. Sakti Jaya Consultant,Tidak Menghadiri Pembuktian,,0,
5172198,Pengawasan Teknis Peningkatan Jalan Belida Kecamatan Tenggarong,LPSE KABUPATEN KUTAI KARTANEGARA,CV. EXECUTIVE 04 CONSULTANT,Pemenang,,105000000,
5172198,Pengawasan Teknis Peningkatan Jalan Belida Kecamatan Tenggarong,LPSE KABUPATEN KUTAI KARTANEGARA,PT. Gerbangraja Mandiri,Bukan Pemenang,,135000000,
5172198,Pengawasan Teknis Peningkatan Jalan Belida Kecamatan Tenggarong,LPSE KABUPATEN KUTAI KARTANEGARA,PT. JASINDO KONSULT NEC,SBU Jasa Pengawasan habis masa berlakunya,,0,
5172198,Pengawasan Teknis Peningkatan Jalan Belida Kecamatan Tenggarong,LPSE KABUPATEN KUTAI KARTANEGARA,PT. MARANNU MARAYA MAINDAN,Bukan Pemenang,,112750000,
5172198,Pengawasan Teknis Peningkatan Jalan Belida Kecamatan Tenggarong,LPSE KABUPATEN KUTAI KARTANEGARA,CV. VISTAPLAN'79 CONSULTANT,Tidak termasuk dalam calon daftar pendek,,0,
5172198,Pengawasan Teknis Peningkatan Jalan Belida Kecamatan Tenggarong,LPSE KABUPATEN KUTAI KARTANEGARA,CV. MATRIX CONSULTANT,MELANGGAR KETENTUAN PADA PASAL 3 IKP DOKUMEN KUALIFIKASI,,0,
5172198,Pengawasan Teknis Peningkatan Jalan Belida Kecamatan Tenggarong,LPSE KABUPATEN KUTAI KARTANEGARA,PT.CIDIACH KARYA NUSANTARA,MELANGGAR KETENTUAN PADA PASAL 3 IKP DOKUMEN KUALIFIKASI,,0,
5172198,Pengawasan Teknis Peningkatan Jalan Belida Kecamatan Tenggarong,LPSE KABUPATEN KUTAI KARTANEGARA,TEKNIKA KARYA KONSULTAN,Tidak termasuk dalam calon daftar pendek,,0,
5172198,Pengawasan Teknis Peningkatan Jalan Belida Kecamatan Tenggarong,LPSE KABUPATEN KUTAI KARTANEGARA,CV. JEVA UTAMA KONSULINDO,Tidak termasuk dalam calon daftar pendek,,0,
5172198,Pengawasan Teknis Peningkatan Jalan Belida Kecamatan Tenggarong,LPSE KABUPATEN KUTAI KARTANEGARA,CV. UNITED 07 CONSULTANT,Tidak termasuk dalam calon daftar pendek,,0,
5172198,Pengawasan Teknis Peningkatan Jalan Belida Kecamatan Tenggarong,LPSE KABUPATEN KUTAI KARTANEGARA,JASA PRIBHUNI,Tidak menghadiri pembuktian kualifikasi,,0,
5172198,Pengawasan Teknis Peningkatan Jalan Belida Kecamatan Tenggarong,LPSE KABUPATEN KUTAI KARTANEGARA,PT. LAMIN CIPTA,MELANGGAR KETENTUAN PADA PASAL 3 IKP DOKUMEN KUALIFIKASI,,0,
5172198,Pengawasan Teknis Peningkatan Jalan Belida Kecamatan Tenggarong,LPSE KABUPATEN KUTAI KARTANEGARA,PT. ARCHEAS,MELANGGAR KETENTUAN PADA PASAL 3 IKP DOKUMEN KUALIFIKASI,,0,
5172198,Pengawasan Teknis Peningkatan Jalan Belida Kecamatan Tenggarong,LPSE KABUPATEN KUTAI KARTANEGARA,PT. TEKNIKAL GLOBAL KONSULTAN,Tidak menghadiri pembuktian kualifikasi,,0,
5172198,Pengawasan Teknis Peningkatan Jalan Belida Kecamatan Tenggarong,LPSE KABUPATEN KUTAI KARTANEGARA,CV.Trikarya Utama,Tidak termasuk dalam calon daftar pendek,,0,
5172198,Pengawasan Teknis Peningkatan Jalan Belida Kecamatan Tenggarong,LPSE KABUPATEN KUTAI KARTANEGARA,cv. aplikasi utama,Tidak termasuk dalam calon daftar pendek,,0,
5172198,Pengawasan Teknis Peningkatan Jalan Belida Kecamatan Tenggarong,LPSE KABUPATEN KUTAI KARTANEGARA,CV. AUREL PRATAMA KARYA KONSULTAN,Tidak Menghadiri Pembuktian,,0,
5172198,Pengawasan Teknis Peningkatan Jalan Belida Kecamatan Tenggarong,LPSE KABUPATEN KUTAI KARTANEGARA,CV. Sakti Jaya Consultant,Tidak Menghadiri Pembuktian,,0,
5172198,Pengawasan Teknis Peningkatan Jalan Belida Kecamatan Tenggarong,LPSE KABUPATEN KUTAI KARTANEGARA,CV. JALA SAKTI,Tidak Menghadiri Pembuktian,,0,
5172198,Pengawasan Teknis Peningkatan Jalan Belida Kecamatan Tenggarong,LPSE KABUPATEN KUTAI KARTANEGARA,Maju Bersama Bangsa,Tidak Menghadiri Pembuktian,,0,
5172198,Pengawasan Teknis Peningkatan Jalan Belida Kecamatan Tenggarong,LPSE KABUPATEN KUTAI KARTANEGARA,CV. WAHANA CAHAYA KONSULTAN,Tidak Menghadiri Pembuktian,,0,
5172198,Pengawasan Teknis Peningkatan Jalan Belida Kecamatan Tenggarong,LPSE KABUPATEN KUTAI KARTANEGARA,CV. MUTIARA KARYA CONSULTANT,Tidak Menghadiri Pembuktian,,0,
5172198,Pengawasan Teknis Peningkatan Jalan Belida Kecamatan Tenggarong,LPSE KABUPATEN KUTAI KARTANEGARA,CV. Sawi Mahakam Consultant,Tidak Menghadiri Pembuktian,,0,
4897198,UKL-UPL Pembangunan Sarana Dan Prasarana Pemerintah (Pembangunan Pasar Kecamatan Di Dondang),LPSE KABUPATEN KUTAI KARTANEGARA,PT Pemeta Engineering System,Pemenang,,196500000,
4897198,UKL-UPL Pembangunan Sarana Dan Prasarana Pemerintah (Pembangunan Pasar Kecamatan Di Dondang),LPSE KABUPATEN KUTAI KARTANEGARA,PT. Wahanacipta Bangunwisma,Bukan Pemenang,,198800000,
4897198,UKL-UPL Pembangunan Sarana Dan Prasarana Pemerintah (Pembangunan Pasar Kecamatan Di Dondang),LPSE KABUPATEN KUTAI KARTANEGARA,PT. DAYA CIPTA DIANRANCANA,Bukan Pemenang,,197500000,
4897198,UKL-UPL Pembangunan Sarana Dan Prasarana Pemerintah (Pembangunan Pasar Kecamatan Di Dondang),LPSE KABUPATEN KUTAI KARTANEGARA,PT. MASSUKA PRATAMA,Tidak Diundang Tidak Masuk Daftar Pendek,,0,
4897198,UKL-UPL Pembangunan Sarana Dan Prasarana Pemerintah (Pembangunan Pasar Kecamatan Di Dondang),LPSE KABUPATEN KUTAI KARTANEGARA,PT. AXIS MUNDI,Tidak Menghadiri Pembuktian,,0,
4897198,UKL-UPL Pembangunan Sarana Dan Prasarana Pemerintah (Pembangunan Pasar Kecamatan Di Dondang),LPSE KABUPATEN KUTAI KARTANEGARA,CV.BUKIT PELANGI,Tidak Menghadiri Pembuktian,,0,
4897198,UKL-UPL Pembangunan Sarana Dan Prasarana Pemerintah (Pembangunan Pasar Kecamatan Di Dondang),LPSE KABUPATEN KUTAI KARTANEGARA,CV. PORTAL CONSULTANT,Tidak Menghadiri Pembuktian,,0,
4897198,UKL-UPL Pembangunan Sarana Dan Prasarana Pemerintah (Pembangunan Pasar Kecamatan Di Dondang),LPSE KABUPATEN KUTAI KARTANEGARA,PT. PUSKOTLING INDONESIA,Tidak Menghadiri Pembuktian,,0,
4897198,UKL-UPL Pembangunan Sarana Dan Prasarana Pemerintah (Pembangunan Pasar Kecamatan Di Dondang),LPSE KABUPATEN KUTAI KARTANEGARA,Maju Bersama Bangsa,Tidak Menghadiri Pembuktian,,0,
4796198,Review RDTR Loa Janan Seleksi Ulang,LPSE KABUPATEN KUTAI KARTANEGARA,PT. INTIMULYA MULTIKENCANA,Bukan Pemenang,,451990000,
4796198,Review RDTR Loa Janan Seleksi Ulang,LPSE KABUPATEN KUTAI KARTANEGARA,PT. CITRA GAMA SAKTI,Pemenang,,500500000,
4796198,Review RDTR Loa Janan Seleksi Ulang,LPSE KABUPATEN KUTAI KARTANEGARA,CV. RASYA ALBAR CONSULTANT,Tidak termasuk dalam daftar shot list (daftar pendek),,0,
4796198,Review RDTR Loa Janan Seleksi Ulang,LPSE KABUPATEN KUTAI KARTANEGARA,PT. NUSANTARA CITRA KONSULTAN,Surat Penawaran Tidak Sesuai Dengan Dokumen Lelang,,0,
4796198,Review RDTR Loa Janan Seleksi Ulang,LPSE KABUPATEN KUTAI KARTANEGARA,PT. DWI ELTIS KONSULTAN,Tidak Menghadiri Pembuktian,,0,
4657198,Review RDTR Kecamatan Tabang,LPSE KABUPATEN KUTAI KARTANEGARA,PT. ARSS BARU,Bukan Pemenang,,457875000,
4657198,Review RDTR Kecamatan Tabang,LPSE KABUPATEN KUTAI KARTANEGARA,PT. ADHIYASA DESICON,Pemenang,,461428000,
4657198,Review RDTR Kecamatan Tabang,LPSE KABUPATEN KUTAI KARTANEGARA,PT. Komperji Nusaraya,Bukan Pemenang,,469810000,
4657198,Review RDTR Kecamatan Tabang,LPSE KABUPATEN KUTAI KARTANEGARA,PT. Ganes Engineering Consultant,Bukan Pemenang,,471180000,
4657198,Review RDTR Kecamatan Tabang,LPSE KABUPATEN KUTAI KARTANEGARA,PT. NUSANTARA CITRA KONSULTAN,Bukan Pemenang,,481720800,
4657198,Review RDTR Kecamatan Tabang,LPSE KABUPATEN KUTAI KARTANEGARA,PT. Ahassa Ciptanika,Tidak Hadir Pembuktian Kualifikasi,,0,
4657198,Review RDTR Kecamatan Tabang,LPSE KABUPATEN KUTAI KARTANEGARA,PT. TARAM,Lulus/Tidak Diundang Daftar Pendek,,0,
4657198,Review RDTR Kecamatan Tabang,LPSE KABUPATEN KUTAI KARTANEGARA,PT. NUSA TIARA,Lulus/Tidak Diundang Daftar Pendek,,0,
4657198,Review RDTR Kecamatan Tabang,LPSE KABUPATEN KUTAI KARTANEGARA,CV. REXCONS INDONESIA,Lulus/Tidak Diundang Daftar Pendek,,0,
4657198,Review RDTR Kecamatan Tabang,LPSE KABUPATEN KUTAI KARTANEGARA,PT. BINTANG INTI REKATAMA,Tidak Hadir Pembuktian Kualifikasi,,0,
4657198,Review RDTR Kecamatan Tabang,LPSE KABUPATEN KUTAI KARTANEGARA,PT. KORIDOR ADICITA,Lulus/Tidak Diundang Daftar Pendek,,0,
4657198,Review RDTR Kecamatan Tabang,LPSE KABUPATEN KUTAI KARTANEGARA,PT. Visitama Daya Solusi,Tidak Hadir Pembuktian Kualifikasi,,0,
4657198,Review RDTR Kecamatan Tabang,LPSE KABUPATEN KUTAI KARTANEGARA,PT. BINA SARANA EKATAMA,Tidak Hadir Pembuktian Kualifikasi,,0,
4657198,Review RDTR Kecamatan Tabang,LPSE KABUPATEN KUTAI KARTANEGARA,PT. SURYA PRAGA,Lulus/Tidak Diundang Daftar Pendek,,0,
4657198,Review RDTR Kecamatan Tabang,LPSE KABUPATEN KUTAI KARTANEGARA,PT. Belaputera Interplan,Tidak Hadir Pembuktian Kualifikasi,,0,
4657198,Review RDTR Kecamatan Tabang,LPSE KABUPATEN KUTAI KARTANEGARA,PT. Matriks Centrisindo,Tidak Hadir Pembuktian Kualifikasi,,0,
4657198,Review RDTR Kecamatan Tabang,LPSE KABUPATEN KUTAI KARTANEGARA,PT. Guyub Sarana Makmur,Tidak Hadir Pembuktian Kualifikasi,,0,
4657198,Review RDTR Kecamatan Tabang,LPSE KABUPATEN KUTAI KARTANEGARA,PT. SATRIA CREASINDO PRIMA,Tidak Hadir Pembuktian Kualifikasi,,0,
4657198,Review RDTR Kecamatan Tabang,LPSE KABUPATEN KUTAI KARTANEGARA,PT. ARCI PRATAMA KONSULTAN,"tidak memasukan dokumen panawaran administrasi, teknis dan hargaLulus/Diundang Daftar Pendek",,0,
4657198,Review RDTR Kecamatan Tabang,LPSE KABUPATEN KUTAI KARTANEGARA,PT. KONSALTA KUATORIAL,Tidak Hadir Pembuktian Kualifikasi,,0,
4657198,Review RDTR Kecamatan Tabang,LPSE KABUPATEN KUTAI KARTANEGARA,PT. INTIMULYA MULTIKENCANA,"tidak memasukan dokumen panawaran administrasi, teknis dan hargaLulus/Diundang Daftar Pendek",,0,
4657198,Review RDTR Kecamatan Tabang,LPSE KABUPATEN KUTAI KARTANEGARA,PT. AXIS MUNDI,Tidak Hadir Pembuktian Kualifikasi,,0,
4657198,Review RDTR Kecamatan Tabang,LPSE KABUPATEN KUTAI KARTANEGARA,PT. NUANSA CITRAMANDIRI,Lulus/Tidak Diundang Daftar Pendek,,0,
4657198,Review RDTR Kecamatan Tabang,LPSE KABUPATEN KUTAI KARTANEGARA,PT. KARUNIA SEJAHTERA KONSULTAN,Lulus/Tidak Diundang Daftar Pendek,,0,
4657198,Review RDTR Kecamatan Tabang,LPSE KABUPATEN KUTAI KARTANEGARA,PT. Tranadi Tatautami,Tidak Hadir Pembuktian Kualifikasi,,0,
4657198,Review RDTR Kecamatan Tabang,LPSE KABUPATEN KUTAI KARTANEGARA,PT. Maza Pradita Sarana,Tidak Hadir Pembuktian Kualifikasi,,0,
4657198,Review RDTR Kecamatan Tabang,LPSE KABUPATEN KUTAI KARTANEGARA,CV. KALIMANTAN INFOTAMA,Tidak Hadir Pembuktian Kualifikasi,,0,
4657198,Review RDTR Kecamatan Tabang,LPSE KABUPATEN KUTAI KARTANEGARA,PT. MITRA AGUNG MANUNGGAL,Lulus/Tidak Diundang Daftar Pendek,,0,
4657198,Review RDTR Kecamatan Tabang,LPSE KABUPATEN KUTAI KARTANEGARA,PT. SECON DWITUNGGAL PUTRA,Tidak Menghadiri Pembuktian,,0,
4657198,Review RDTR Kecamatan Tabang,LPSE KABUPATEN KUTAI KARTANEGARA,PT. CIPTA MULTI KREASI,Tidak Menghadiri Pembuktian,,0,
4657198,Review RDTR Kecamatan Tabang,LPSE KABUPATEN KUTAI KARTANEGARA,CV. MARUDDANI CONSULTANT,Tidak Menghadiri Pembuktian,,0,
4657198,Review RDTR Kecamatan Tabang,LPSE KABUPATEN KUTAI KARTANEGARA,PT. GEO PLANO KONSULTAN,Tidak Menghadiri Pembuktian,,0,
4657198,Review RDTR Kecamatan Tabang,LPSE KABUPATEN KUTAI KARTANEGARA,PT. ZONASI KONSULTAN,Tidak Menghadiri Pembuktian,,0,
4657198,Review RDTR Kecamatan Tabang,LPSE KABUPATEN KUTAI KARTANEGARA,PT. GIRI AWAS,Tidak Menghadiri Pembuktian,,0,
4657198,Review RDTR Kecamatan Tabang,LPSE KABUPATEN KUTAI KARTANEGARA,PT. Gumilang Sajati,Tidak Menghadiri Pembuktian,,0,
4657198,Review RDTR Kecamatan Tabang,LPSE KABUPATEN KUTAI KARTANEGARA,PT. SABILA TRANCANA CIPTA,Tidak Menghadiri Pembuktian,,0,
4657198,Review RDTR Kecamatan Tabang,LPSE KABUPATEN KUTAI KARTANEGARA,PT. ECOPLAN REKABUMI INTERCONSULT,Tidak Menghadiri Pembuktian,,0,
4657198,Review RDTR Kecamatan Tabang,LPSE KABUPATEN KUTAI KARTANEGARA,PT. ESA PRATAMA CIPTA SELEBES,Tidak Menghadiri Pembuktian,,0,
4657198,Review RDTR Kecamatan Tabang,LPSE KABUPATEN KUTAI KARTANEGARA,PT. ASA DESAIN,Tidak Menghadiri Pembuktian,,0,
4657198,Review RDTR Kecamatan Tabang,LPSE KABUPATEN KUTAI KARTANEGARA,CV. MEUTHIA MULTI KONSULTAN,Tidak Menghadiri Pembuktian,,0,
4657198,Review RDTR Kecamatan Tabang,LPSE KABUPATEN KUTAI KARTANEGARA,PT. MANDALA PRIMA KONSULTAN,Tidak Menghadiri Pembuktian,,0,
4657198,Review RDTR Kecamatan Tabang,LPSE KABUPATEN KUTAI KARTANEGARA,"ARMEDIA CONSULTANT, CV",Tidak Menghadiri Pembuktian,,0,
4657198,Review RDTR Kecamatan Tabang,LPSE KABUPATEN KUTAI KARTANEGARA,PT. ARIA GRAHA,Tidak Menghadiri Pembuktian,,0,
4657198,Review RDTR Kecamatan Tabang,LPSE KABUPATEN KUTAI KARTANEGARA,CV. MULTICIPTA ADHIRANCANA,Tidak Menghadiri Pembuktian,,0,
4657198,Review RDTR Kecamatan Tabang,LPSE KABUPATEN KUTAI KARTANEGARA,PT.BALLA PANRITA KONSULTAN,Tidak Menghadiri Pembuktian,,0,
4657198,Review RDTR Kecamatan Tabang,LPSE KABUPATEN KUTAI KARTANEGARA,CV. GLOTUS KONSULTAN,Tidak Menghadiri Pembuktian,,0,
4657198,Review RDTR Kecamatan Tabang,LPSE KABUPATEN KUTAI KARTANEGARA,PT. REKAYASA BANGUNTAMA,Tidak Menghadiri Pembuktian,,0,
4657198,Review RDTR Kecamatan Tabang,LPSE KABUPATEN KUTAI KARTANEGARA,CV. LATUSIWA ENGINEERING,Tidak Menghadiri Pembuktian,,0,
4657198,Review RDTR Kecamatan Tabang,LPSE KABUPATEN KUTAI KARTANEGARA,PT. Celebes Sarana Jasa,Tidak Menghadiri Pembuktian,,0,
4657198,Review RDTR Kecamatan Tabang,LPSE KABUPATEN KUTAI KARTANEGARA,PT. ALOCITA MANDIRI,Tidak Menghadiri Pembuktian,,0,
4657198,Review RDTR Kecamatan Tabang,LPSE KABUPATEN KUTAI KARTANEGARA,CV. CIPTA BUANA SEJATI,Tidak Menghadiri Pembuktian,,0,
4657198,Review RDTR Kecamatan Tabang,LPSE KABUPATEN KUTAI KARTANEGARA,CV. REKA KUSUMA BUANA,Tidak Menghadiri Pembuktian,,0,
4657198,Review RDTR Kecamatan Tabang,LPSE KABUPATEN KUTAI KARTANEGARA,CV KARYA SEJATI,Tidak Menghadiri Pembuktian,,0,
4657198,Review RDTR Kecamatan Tabang,LPSE KABUPATEN KUTAI KARTANEGARA,PT. DWI ELTIS KONSULTAN,Tidak Menghadiri Pembuktian,,0,
4657198,Review RDTR Kecamatan Tabang,LPSE KABUPATEN KUTAI KARTANEGARA,PT. JASAKONS PUTRA UTAMA,Tidak Menghadiri Pembuktian,,0,
4660198,"Penentuan Lokasi RTH Publik Perkotaan Loa Janan, Loa Kulu",LPSE KABUPATEN KUTAI KARTANEGARA,PT. Rama Konsultan Pratama Engineering,Bukan Pemenang,,575518000,
4660198,"Penentuan Lokasi RTH Publik Perkotaan Loa Janan, Loa Kulu",LPSE KABUPATEN KUTAI KARTANEGARA,PT. ARIA RIPTA SARANA,Bukan Pemenang,,579480000,
4660198,"Penentuan Lokasi RTH Publik Perkotaan Loa Janan, Loa Kulu",LPSE KABUPATEN KUTAI KARTANEGARA,PT. TIMUR KONSULTAN,Bukan Pemenang,,581443000,
4660198,"Penentuan Lokasi RTH Publik Perkotaan Loa Janan, Loa Kulu",LPSE KABUPATEN KUTAI KARTANEGARA,PT. ADHIYASA DESICON,Pemenang,,589380000,
4660198,"Penentuan Lokasi RTH Publik Perkotaan Loa Janan, Loa Kulu",LPSE KABUPATEN KUTAI KARTANEGARA,PT. Ganes Engineering Consultant,Bukan Pemenang,,602915000,
4660198,"Penentuan Lokasi RTH Publik Perkotaan Loa Janan, Loa Kulu",LPSE KABUPATEN KUTAI KARTANEGARA,PT. ARSS BARU,Bukan Pemenang,,604285000,
4660198,"Penentuan Lokasi RTH Publik Perkotaan Loa Janan, Loa Kulu",LPSE KABUPATEN KUTAI KARTANEGARA,PT. NUSANTARA CITRA KONSULTAN,Bukan Pemenang,,611336000,
4660198,"Penentuan Lokasi RTH Publik Perkotaan Loa Janan, Loa Kulu",LPSE KABUPATEN KUTAI KARTANEGARA,PT. Ahassa Ciptanika,Tidak Hadir Pembuktian Kualifikasi,,0,
4660198,"Penentuan Lokasi RTH Publik Perkotaan Loa Janan, Loa Kulu",LPSE KABUPATEN KUTAI KARTANEGARA,PT. ARCHEAS,Lulus/Tidak Diundang Daftar Pendek,,0,
4660198,"Penentuan Lokasi RTH Publik Perkotaan Loa Janan, Loa Kulu",LPSE KABUPATEN KUTAI KARTANEGARA,PT. HEGAR DAYA,Lulus/Tidak Diundang Daftar Pendek,,0,
4660198,"Penentuan Lokasi RTH Publik Perkotaan Loa Janan, Loa Kulu",LPSE KABUPATEN KUTAI KARTANEGARA,PT. TARAM,Lulus/Tidak Diundang Daftar Pendek,,0,
4660198,"Penentuan Lokasi RTH Publik Perkotaan Loa Janan, Loa Kulu",LPSE KABUPATEN KUTAI KARTANEGARA,PT. Komperji Nusaraya,Tidak Hadir Pembuktian Kualifikasi,,0,
4660198,"Penentuan Lokasi RTH Publik Perkotaan Loa Janan, Loa Kulu",LPSE KABUPATEN KUTAI KARTANEGARA,PT. NUSA TIARA,Lulus/Tidak Diundang Daftar Pendek,,0,
4660198,"Penentuan Lokasi RTH Publik Perkotaan Loa Janan, Loa Kulu",LPSE KABUPATEN KUTAI KARTANEGARA,CV. REXCONS INDONESIA,Lulus/Tidak Diundang Daftar Pendek,,0,
4660198,"Penentuan Lokasi RTH Publik Perkotaan Loa Janan, Loa Kulu",LPSE KABUPATEN KUTAI KARTANEGARA,PT. BATARA CIPTA PERDANA,Lulus/Tidak Diundang Daftar Pendek,,0,
4660198,"Penentuan Lokasi RTH Publik Perkotaan Loa Janan, Loa Kulu",LPSE KABUPATEN KUTAI KARTANEGARA,PT. KORIDOR ADICITA,Lulus/Tidak Diundang Daftar Pendek,,0,
4660198,"Penentuan Lokasi RTH Publik Perkotaan Loa Janan, Loa Kulu",LPSE KABUPATEN KUTAI KARTANEGARA,PT. Visitama Daya Solusi,Tidak Hadir Pembuktian Kualifikasi,,0,
4660198,"Penentuan Lokasi RTH Publik Perkotaan Loa Janan, Loa Kulu",LPSE KABUPATEN KUTAI KARTANEGARA,PT. SURYA PRAGA,Lulus/Tidak Diundang Daftar Pendek,,0,
4660198,"Penentuan Lokasi RTH Publik Perkotaan Loa Janan, Loa Kulu",LPSE KABUPATEN KUTAI KARTANEGARA,CV. KALIMANTAN INFOTAMA,Tidak Hadir Pembuktian Kualifikasi,,0,
4660198,"Penentuan Lokasi RTH Publik Perkotaan Loa Janan, Loa Kulu",LPSE KABUPATEN KUTAI KARTANEGARA,PT. DAYA CIPTA DIANRANCANA,Lulus/Tidak Diundang Daftar Pendek,,0,
4660198,"Penentuan Lokasi RTH Publik Perkotaan Loa Janan, Loa Kulu",LPSE KABUPATEN KUTAI KARTANEGARA,PT. INTIMULYA MULTIKENCANA,Lulus/Tidak Diundang Daftar Pendek,,0,
4660198,"Penentuan Lokasi RTH Publik Perkotaan Loa Janan, Loa Kulu",LPSE KABUPATEN KUTAI KARTANEGARA,PT. AXIS MUNDI,Tidak Hadir Pembuktian Kualifikasi,,0,
4660198,"Penentuan Lokasi RTH Publik Perkotaan Loa Janan, Loa Kulu",LPSE KABUPATEN KUTAI KARTANEGARA,PT. KARUNIA SEJAHTERA KONSULTAN,Lulus/Tidak Diundang Daftar Pendek,,0,
4660198,"Penentuan Lokasi RTH Publik Perkotaan Loa Janan, Loa Kulu",LPSE KABUPATEN KUTAI KARTANEGARA,PT. Tranadi Tatautami,Tidak Hadir Pembuktian Kualifikasi,,0,
4660198,"Penentuan Lokasi RTH Publik Perkotaan Loa Janan, Loa Kulu",LPSE KABUPATEN KUTAI KARTANEGARA,PT. Maza Pradita Sarana,Tidak Hadir Pembuktian Kualifikasi,,0,
4660198,"Penentuan Lokasi RTH Publik Perkotaan Loa Janan, Loa Kulu",LPSE KABUPATEN KUTAI KARTANEGARA,PT. MITRA AGUNG MANUNGGAL,Lulus/Tidak Diundang Daftar Pendek,,0,
4660198,"Penentuan Lokasi RTH Publik Perkotaan Loa Janan, Loa Kulu",LPSE KABUPATEN KUTAI KARTANEGARA,PT. Munasa Kreasi Nusantara,Tidak Menghadiri Pembuktian,,0,
4660198,"Penentuan Lokasi RTH Publik Perkotaan Loa Janan, Loa Kulu",LPSE KABUPATEN KUTAI KARTANEGARA,CV. MARUDDANI CONSULTANT,Tidak Menghadiri Pembuktian,,0,
4660198,"Penentuan Lokasi RTH Publik Perkotaan Loa Janan, Loa Kulu",LPSE KABUPATEN KUTAI KARTANEGARA,PT. JASAKONS PUTRA UTAMA,Tidak Menghadiri Pembuktian,,0,
4660198,"Penentuan Lokasi RTH Publik Perkotaan Loa Janan, Loa Kulu",LPSE KABUPATEN KUTAI KARTANEGARA,PT. SECON DWITUNGGAL PUTRA,Tidak Menghadiri Pembuktian,,0,
4660198,"Penentuan Lokasi RTH Publik Perkotaan Loa Janan, Loa Kulu",LPSE KABUPATEN KUTAI KARTANEGARA,PT. METAFORMA CONSULTANS,Tidak Menghadiri Pembuktian,,0,
4660198,"Penentuan Lokasi RTH Publik Perkotaan Loa Janan, Loa Kulu",LPSE KABUPATEN KUTAI KARTANEGARA,PT. CITRA GAMA SAKTI,Tidak Menghadiri Pembuktian,,0,
4660198,"Penentuan Lokasi RTH Publik Perkotaan Loa Janan, Loa Kulu",LPSE KABUPATEN KUTAI KARTANEGARA,PT. ZONASI KONSULTAN,Tidak Menghadiri Pembuktian,,0,
4660198,"Penentuan Lokasi RTH Publik Perkotaan Loa Janan, Loa Kulu",LPSE KABUPATEN KUTAI KARTANEGARA,PT. GIRI AWAS,Tidak Menghadiri Pembuktian,,0,
4660198,"Penentuan Lokasi RTH Publik Perkotaan Loa Janan, Loa Kulu",LPSE KABUPATEN KUTAI KARTANEGARA,PT. ESA PRATAMA CIPTA SELEBES,Tidak Menghadiri Pembuktian,,0,
4660198,"Penentuan Lokasi RTH Publik Perkotaan Loa Janan, Loa Kulu",LPSE KABUPATEN KUTAI KARTANEGARA,PT. ASA DESAIN,Tidak Menghadiri Pembuktian,,0,
4660198,"Penentuan Lokasi RTH Publik Perkotaan Loa Janan, Loa Kulu",LPSE KABUPATEN KUTAI KARTANEGARA,CV. MEUTHIA MULTI KONSULTAN,Tidak Menghadiri Pembuktian,,0,
4660198,"Penentuan Lokasi RTH Publik Perkotaan Loa Janan, Loa Kulu",LPSE KABUPATEN KUTAI KARTANEGARA,PT. DWI ELTIS KONSULTAN,Tidak Menghadiri Pembuktian,,0,
4660198,"Penentuan Lokasi RTH Publik Perkotaan Loa Janan, Loa Kulu",LPSE KABUPATEN KUTAI KARTANEGARA,"ARMEDIA CONSULTANT, CV",Tidak Menghadiri Pembuktian,,0,
4660198,"Penentuan Lokasi RTH Publik Perkotaan Loa Janan, Loa Kulu",LPSE KABUPATEN KUTAI KARTANEGARA,PT. SABILA TRANCANA CIPTA,Tidak Menghadiri Pembuktian,,0,
4660198,"Penentuan Lokasi RTH Publik Perkotaan Loa Janan, Loa Kulu",LPSE KABUPATEN KUTAI KARTANEGARA,PT. REKAYASA BANGUNTAMA,Tidak Menghadiri Pembuktian,,0,
4660198,"Penentuan Lokasi RTH Publik Perkotaan Loa Janan, Loa Kulu",LPSE KABUPATEN KUTAI KARTANEGARA,PT. ARIA GRAHA,Tidak Menghadiri Pembuktian,,0,
4660198,"Penentuan Lokasi RTH Publik Perkotaan Loa Janan, Loa Kulu",LPSE KABUPATEN KUTAI KARTANEGARA,PT. ALOCITA MANDIRI,Tidak Menghadiri Pembuktian,,0,
4660198,"Penentuan Lokasi RTH Publik Perkotaan Loa Janan, Loa Kulu",LPSE KABUPATEN KUTAI KARTANEGARA,CV. CIPTA BUANA SEJATI,Tidak Menghadiri Pembuktian,,0,
4660198,"Penentuan Lokasi RTH Publik Perkotaan Loa Janan, Loa Kulu",LPSE KABUPATEN KUTAI KARTANEGARA,CV. REKA KUSUMA BUANA,Tidak Menghadiri Pembuktian,,0,
4660198,"Penentuan Lokasi RTH Publik Perkotaan Loa Janan, Loa Kulu",LPSE KABUPATEN KUTAI KARTANEGARA,CV KARYA SEJATI,Tidak Menghadiri Pembuktian,,0,
4660198,"Penentuan Lokasi RTH Publik Perkotaan Loa Janan, Loa Kulu",LPSE KABUPATEN KUTAI KARTANEGARA,PT. WINAGUNA SARANA TEKNIK,Tidak Menghadiri Pembuktian,,0,
4656198,RDTR Sanga-Sanga,LPSE KABUPATEN KUTAI KARTANEGARA,PT. TIMUR KONSULTAN,Bukan Pemenang,,749442000,
4656198,RDTR Sanga-Sanga,LPSE KABUPATEN KUTAI KARTANEGARA,PT. Rama Konsultan Pratama Engineering,Bukan Pemenang,,749442000,
4656198,RDTR Sanga-Sanga,LPSE KABUPATEN KUTAI KARTANEGARA,PT. NUSANTARA CITRA KONSULTAN,Bukan Pemenang,,798237000,
4656198,RDTR Sanga-Sanga,LPSE KABUPATEN KUTAI KARTANEGARA,PT. STUDIO CILAKI EMPAT LIMA,Pemenang,,800987000,
4656198,RDTR Sanga-Sanga,LPSE KABUPATEN KUTAI KARTANEGARA,PT. Celebes Sarana Jasa,Bukan Pemenang,,801650000,
4656198,RDTR Sanga-Sanga,LPSE KABUPATEN KUTAI KARTANEGARA,PT. Ahassa Ciptanika,"tidak memasukan dokumen panawaran administrasi, teknis dan hargaLulus, Diundang Daftar Pendek",,0,
4656198,RDTR Sanga-Sanga,LPSE KABUPATEN KUTAI KARTANEGARA,PT. Arcas Inti Sarana,"Lulus, Tidak Diundang Daftar Pendek",,0,
4656198,RDTR Sanga-Sanga,LPSE KABUPATEN KUTAI KARTANEGARA,PT. HEGAR DAYA,"Lulus, Tidak Diundang Daftar Pendek",,0,
4656198,RDTR Sanga-Sanga,LPSE KABUPATEN KUTAI KARTANEGARA,PT. ARIA RIPTA SARANA,"Lulus, Tidak Diundang Daftar Pendek",,0,
4656198,RDTR Sanga-Sanga,LPSE KABUPATEN KUTAI KARTANEGARA,PT. TARAM,"Lulus, Tidak Diundang Daftar Pendek",,0,
4656198,RDTR Sanga-Sanga,LPSE KABUPATEN KUTAI KARTANEGARA,PT. Komperji Nusaraya,"Lulus, Tidak Diundang Daftar Pendek",,0,
4656198,RDTR Sanga-Sanga,LPSE KABUPATEN KUTAI KARTANEGARA,PT. SANTIKA KUSUMAAGUNG,Tidak Lulus Pembuktian Kualifikasi,,0,
4656198,RDTR Sanga-Sanga,LPSE KABUPATEN KUTAI KARTANEGARA,PT. NUSA TIARA,"Lulus, Tidak Diundang Daftar Pendek",,0,
4656198,RDTR Sanga-Sanga,LPSE KABUPATEN KUTAI KARTANEGARA,CV. REXCONS INDONESIA,"Lulus, Tidak Diundang Daftar Pendek",,0,
4656198,RDTR Sanga-Sanga,LPSE KABUPATEN KUTAI KARTANEGARA,PT. BATARA CIPTA PERDANA,"Lulus, Tidak Diundang Daftar Pendek",,0,
4656198,RDTR Sanga-Sanga,LPSE KABUPATEN KUTAI KARTANEGARA,PT. REKAYASA BANGUNTAMA,Tidak Hadir Pembuktian Kualifikasi,,0,
4656198,RDTR Sanga-Sanga,LPSE KABUPATEN KUTAI KARTANEGARA,PT. BINTANG INTI REKATAMA,Tidak Hadir Pembuktian Kualifikasi,,0,
4656198,RDTR Sanga-Sanga,LPSE KABUPATEN KUTAI KARTANEGARA,PT. KORIDOR ADICITA,"Lulus, Tidak Diundang Daftar Pendek",,0,
4656198,RDTR Sanga-Sanga,LPSE KABUPATEN KUTAI KARTANEGARA,PT. Visitama Daya Solusi,Tidak Hadir Pembuktian Kualifikasi,,0,
4656198,RDTR Sanga-Sanga,LPSE KABUPATEN KUTAI KARTANEGARA,PT. SAE CITRA ENDAH,"Lulus, Tidak Diundang Daftar Pendek",,0,
4656198,RDTR Sanga-Sanga,LPSE KABUPATEN KUTAI KARTANEGARA,PT. BINA SARANA EKATAMA,Tidak Hadir Pembuktian Kualifikasi,,0,
4656198,RDTR Sanga-Sanga,LPSE KABUPATEN KUTAI KARTANEGARA,PT. ADHICIPTA ENGINEERING CONSULTANT,Tidak Lulus Pembuktian Kualifikasi,,0,
4656198,RDTR Sanga-Sanga,LPSE KABUPATEN KUTAI KARTANEGARA,PT. Belaputera Interplan,Tidak Hadir Pembuktian Kualifikasi,,0,
4656198,RDTR Sanga-Sanga,LPSE KABUPATEN KUTAI KARTANEGARA,PT. Matriks Centrisindo,Tidak Hadir Pembuktian Kualifikasi,,0,
4656198,RDTR Sanga-Sanga,LPSE KABUPATEN KUTAI KARTANEGARA,PT. Guyub Sarana Makmur,Tidak Hadir Pembuktian Kualifikasi,,0,
4656198,RDTR Sanga-Sanga,LPSE KABUPATEN KUTAI KARTANEGARA,PT. DAYA CIPTA DIANRANCANA,"Lulus, Tidak Diundang Daftar Pendek",,0,
4656198,RDTR Sanga-Sanga,LPSE KABUPATEN KUTAI KARTANEGARA,PT. SATRIA CREASINDO PRIMA,Tidak Hadir Pembuktian Kualifikasi,,0,
4656198,RDTR Sanga-Sanga,LPSE KABUPATEN KUTAI KARTANEGARA,PT. ARCI PRATAMA KONSULTAN,"Lulus, Tidak Diundang Daftar Pendek",,0,
4656198,RDTR Sanga-Sanga,LPSE KABUPATEN KUTAI KARTANEGARA,PT. KONSALTA KUATORIAL,"Lulus, Tidak Diundang Daftar Pendek",,0,
4656198,RDTR Sanga-Sanga,LPSE KABUPATEN KUTAI KARTANEGARA,PT. INTIMULYA MULTIKENCANA,"tidak memasukan dokumen panawaran administrasi, teknis dan hargaLulus, Diundang Daftar Pendek",,0,
4656198,RDTR Sanga-Sanga,LPSE KABUPATEN KUTAI KARTANEGARA,PT. NUANSA CITRAMANDIRI,"Lulus, Tidak Diundang Daftar Pendek",,0,
4656198,RDTR Sanga-Sanga,LPSE KABUPATEN KUTAI KARTANEGARA,CV. KALIMANTAN INFOTAMA,Tidak Hadir Pembuktian Kualifikasi,,0,
4656198,RDTR Sanga-Sanga,LPSE KABUPATEN KUTAI KARTANEGARA,PT. MITRA AGUNG MANUNGGAL,"Lulus, Tidak Diundang Daftar Pendek",,0,
4656198,RDTR Sanga-Sanga,LPSE KABUPATEN KUTAI KARTANEGARA,CV. LATUSIWA ENGINEERING,Tidak Menghadiri Pembuktian,,0,
4656198,RDTR Sanga-Sanga,LPSE KABUPATEN KUTAI KARTANEGARA,PT. ARIA GRAHA,Tidak Menghadiri Pembuktian,,0,
4656198,RDTR Sanga-Sanga,LPSE KABUPATEN KUTAI KARTANEGARA,"ARMEDIA CONSULTANT, CV",Tidak Menghadiri Pembuktian,,0,
4656198,RDTR Sanga-Sanga,LPSE KABUPATEN KUTAI KARTANEGARA,PT. MANDALA PRIMA KONSULTAN,Tidak Menghadiri Pembuktian,,0,
4656198,RDTR Sanga-Sanga,LPSE KABUPATEN KUTAI KARTANEGARA,CV. MARUDDANI CONSULTANT,Tidak Menghadiri Pembuktian,,0,
4656198,RDTR Sanga-Sanga,LPSE KABUPATEN KUTAI KARTANEGARA,PT. ZONASI KONSULTAN,Tidak Menghadiri Pembuktian,,0,
4656198,RDTR Sanga-Sanga,LPSE KABUPATEN KUTAI KARTANEGARA,PT. ALOCITA MANDIRI,Tidak Menghadiri Pembuktian,,0,
4656198,RDTR Sanga-Sanga,LPSE KABUPATEN KUTAI KARTANEGARA,PT. WINAGUNA SARANA TEKNIK,Tidak Menghadiri Pembuktian,,0,
4656198,RDTR Sanga-Sanga,LPSE KABUPATEN KUTAI KARTANEGARA,PT. DWI ELTIS KONSULTAN,Tidak Menghadiri Pembuktian,,0,
4656198,RDTR Sanga-Sanga,LPSE KABUPATEN KUTAI KARTANEGARA,PT. JASAKONS PUTRA UTAMA,Tidak Menghadiri Pembuktian,,0,
4656198,RDTR Sanga-Sanga,LPSE KABUPATEN KUTAI KARTANEGARA,PT. SECON DWITUNGGAL PUTRA,Tidak Menghadiri Pembuktian,,0,
4656198,RDTR Sanga-Sanga,LPSE KABUPATEN KUTAI KARTANEGARA,PT. CIPTA MULTI KREASI,Tidak Menghadiri Pembuktian,,0,
4656198,RDTR Sanga-Sanga,LPSE KABUPATEN KUTAI KARTANEGARA,PT. Teraga Olahrakayasa,Tidak Menghadiri Pembuktian,,0,
4656198,RDTR Sanga-Sanga,LPSE KABUPATEN KUTAI KARTANEGARA,PT. Bina Buana Raya,Tidak Menghadiri Pembuktian,,0,
4656198,RDTR Sanga-Sanga,LPSE KABUPATEN KUTAI KARTANEGARA,PT. METAFORMA CONSULTANS,Tidak Menghadiri Pembuktian,,0,
4656198,RDTR Sanga-Sanga,LPSE KABUPATEN KUTAI KARTANEGARA,PT. GEO PLANO KONSULTAN,Tidak Menghadiri Pembuktian,,0,
4656198,RDTR Sanga-Sanga,LPSE KABUPATEN KUTAI KARTANEGARA,PT. GIRI AWAS,Tidak Menghadiri Pembuktian,,0,
4656198,RDTR Sanga-Sanga,LPSE KABUPATEN KUTAI KARTANEGARA,PT. Gumilang Sajati,Tidak Menghadiri Pembuktian,,0,
4656198,RDTR Sanga-Sanga,LPSE KABUPATEN KUTAI KARTANEGARA,PT. ECOPLAN REKABUMI INTERCONSULT,Tidak Menghadiri Pembuktian,,0,
4656198,RDTR Sanga-Sanga,LPSE KABUPATEN KUTAI KARTANEGARA,PT. ESA PRATAMA CIPTA SELEBES,Tidak Menghadiri Pembuktian,,0,
4656198,RDTR Sanga-Sanga,LPSE KABUPATEN KUTAI KARTANEGARA,PT. ASA DESAIN,Tidak Menghadiri Pembuktian,,0,
4656198,RDTR Sanga-Sanga,LPSE KABUPATEN KUTAI KARTANEGARA,AYUN JAYA MOTOR,Tidak Menghadiri Pembuktian,,0,
4656198,RDTR Sanga-Sanga,LPSE KABUPATEN KUTAI KARTANEGARA,CV. MULTICIPTA ADHIRANCANA,Tidak Menghadiri Pembuktian,,0,
4656198,RDTR Sanga-Sanga,LPSE KABUPATEN KUTAI KARTANEGARA,PT.BALLA PANRITA KONSULTAN,Tidak Menghadiri Pembuktian,,0,
4656198,RDTR Sanga-Sanga,LPSE KABUPATEN KUTAI KARTANEGARA,CV. GLOTUS KONSULTAN,Tidak Menghadiri Pembuktian,,0,
4656198,RDTR Sanga-Sanga,LPSE KABUPATEN KUTAI KARTANEGARA,PT. SABILA TRANCANA CIPTA,Tidak Menghadiri Pembuktian,,0,
4639198,Rencana Detail Tata Ruang Kecamatan Samboja,LPSE KABUPATEN KUTAI KARTANEGARA,PT. NUSANTARA CITRA KONSULTAN,Bukan Pemenang,,580250000,
4639198,Rencana Detail Tata Ruang Kecamatan Samboja,LPSE KABUPATEN KUTAI KARTANEGARA,PT. ARSS BARU,Pemenang,,753225000,
4639198,Rencana Detail Tata Ruang Kecamatan Samboja,LPSE KABUPATEN KUTAI KARTANEGARA,PT. ADHIYASA DESICON,Bukan Pemenang,,758175000,
4639198,Rencana Detail Tata Ruang Kecamatan Samboja,LPSE KABUPATEN KUTAI KARTANEGARA,PT. Ganes Engineering Consultant,Bukan Pemenang,,760023000,
4639198,Rencana Detail Tata Ruang Kecamatan Samboja,LPSE KABUPATEN KUTAI KARTANEGARA,PT. Celebes Sarana Jasa,Bukan Pemenang,,771760000,
4639198,Rencana Detail Tata Ruang Kecamatan Samboja,LPSE KABUPATEN KUTAI KARTANEGARA,PT. STUDIO CILAKI EMPAT LIMA,Bukan Pemenang,,781627000,
4639198,Rencana Detail Tata Ruang Kecamatan Samboja,LPSE KABUPATEN KUTAI KARTANEGARA,PT. ARIA RIPTA SARANA,"Lulus, Tidak Diundang Daftar Pendek",,0,
4639198,Rencana Detail Tata Ruang Kecamatan Samboja,LPSE KABUPATEN KUTAI KARTANEGARA,PT. Ahassa Ciptanika,Tidak Hadir Pembuktian Kualifikasi,,0,
4639198,Rencana Detail Tata Ruang Kecamatan Samboja,LPSE KABUPATEN KUTAI KARTANEGARA,PT. Arcas Inti Sarana,"Lulus, Tidak Diundang Daftar Pendek",,0,
4639198,Rencana Detail Tata Ruang Kecamatan Samboja,LPSE KABUPATEN KUTAI KARTANEGARA,PT. NUANSA CITRAMANDIRI,"Lulus, Tidak Diundang Daftar Pendek",,0,
4639198,Rencana Detail Tata Ruang Kecamatan Samboja,LPSE KABUPATEN KUTAI KARTANEGARA,PT. Komperji Nusaraya,Tidak Hadir Pembuktian Kualifikasi,,0,
4639198,Rencana Detail Tata Ruang Kecamatan Samboja,LPSE KABUPATEN KUTAI KARTANEGARA,PT. SANTIKA KUSUMAAGUNG,Tidak Lulus Pembuktian Kualifikasi,,0,
4639198,Rencana Detail Tata Ruang Kecamatan Samboja,LPSE KABUPATEN KUTAI KARTANEGARA,PT. TARAM,Tidak Hadir Pembuktian Kualifikasi,,0,
4639198,Rencana Detail Tata Ruang Kecamatan Samboja,LPSE KABUPATEN KUTAI KARTANEGARA,PT. Matriks Centrisindo,Tidak Hadir Pembuktian Kualifikasi,,0,
4639198,Rencana Detail Tata Ruang Kecamatan Samboja,LPSE KABUPATEN KUTAI KARTANEGARA,PT. NUSA TIARA,"Lulus, Tidak Diundang Daftar Pendek",,0,
4639198,Rencana Detail Tata Ruang Kecamatan Samboja,LPSE KABUPATEN KUTAI KARTANEGARA,PT. Rama Konsultan Pratama Engineering,Tidak Hadir Pembuktian Kualifikasi,,0,
4639198,Rencana Detail Tata Ruang Kecamatan Samboja,LPSE KABUPATEN KUTAI KARTANEGARA,CV. REXCONS INDONESIA,"Lulus, Tidak Diundang Daftar Pendek",,0,
4639198,Rencana Detail Tata Ruang Kecamatan Samboja,LPSE KABUPATEN KUTAI KARTANEGARA,PT. BATARA CIPTA PERDANA,Tidak Hadir Pembuktian Kualifikasi,,0,
4639198,Rencana Detail Tata Ruang Kecamatan Samboja,LPSE KABUPATEN KUTAI KARTANEGARA,PT. TIMUR KONSULTAN,Tidak Hadir Pembuktian Kualifikasi,,0,
4639198,Rencana Detail Tata Ruang Kecamatan Samboja,LPSE KABUPATEN KUTAI KARTANEGARA,PT. REKAYASA BANGUNTAMA,Tidak Hadir Pembuktian Kualifikasi,,0,
4639198,Rencana Detail Tata Ruang Kecamatan Samboja,LPSE KABUPATEN KUTAI KARTANEGARA,PT. KORIDOR ADICITA,"Lulus, Tidak Diundang Daftar Pendek",,0,
4639198,Rencana Detail Tata Ruang Kecamatan Samboja,LPSE KABUPATEN KUTAI KARTANEGARA,PT. BINTANG INTI REKATAMA,Tidak Lulus Pembuktian Kualifikasi,,0,
4639198,Rencana Detail Tata Ruang Kecamatan Samboja,LPSE KABUPATEN KUTAI KARTANEGARA,PT. Reka Desindo Mandiri,Tidak Hadir Pembuktian Kualifikasi,,0,
4639198,Rencana Detail Tata Ruang Kecamatan Samboja,LPSE KABUPATEN KUTAI KARTANEGARA,PT. Visitama Daya Solusi,Tidak Hadir Pembuktian Kualifikasi,,0,
4639198,Rencana Detail Tata Ruang Kecamatan Samboja,LPSE KABUPATEN KUTAI KARTANEGARA,PT. INTIMULYA MULTIKENCANA,Tidak Hadir Pembuktian Kualifikasi,,0,
4639198,Rencana Detail Tata Ruang Kecamatan Samboja,LPSE KABUPATEN KUTAI KARTANEGARA,PT. SAE CITRA ENDAH,"Lulus, Tidak Diundang Daftar Pendek",,0,
4639198,Rencana Detail Tata Ruang Kecamatan Samboja,LPSE KABUPATEN KUTAI KARTANEGARA,PT. BINA SARANA EKATAMA,Tidak Hadir Pembuktian Kualifikasi,,0,
4639198,Rencana Detail Tata Ruang Kecamatan Samboja,LPSE KABUPATEN KUTAI KARTANEGARA,PT. SURYA PRAGA,"Lulus, Tidak Diundang Daftar Pendek",,0,
4639198,Rencana Detail Tata Ruang Kecamatan Samboja,LPSE KABUPATEN KUTAI KARTANEGARA,CV. KALIMANTAN INFOTAMA,Tidak Lulus Pembuktian Kualifikasi,,0,
4639198,Rencana Detail Tata Ruang Kecamatan Samboja,LPSE KABUPATEN KUTAI KARTANEGARA,PT. ADHICIPTA ENGINEERING CONSULTANT,Tidak Lulus Pembuktian Kualifikasi,,0,
4639198,Rencana Detail Tata Ruang Kecamatan Samboja,LPSE KABUPATEN KUTAI KARTANEGARA,PT. Belaputera Interplan,Tidak Hadir Pembuktian Kualifikasi,,0,
4639198,Rencana Detail Tata Ruang Kecamatan Samboja,LPSE KABUPATEN KUTAI KARTANEGARA,PT. Guyub Sarana Makmur,Tidak Hadir Pembuktian Kualifikasi,,0,
4639198,Rencana Detail Tata Ruang Kecamatan Samboja,LPSE KABUPATEN KUTAI KARTANEGARA,PT. DAYA CIPTA DIANRANCANA,"Tidak memasukan penawaran teknis dan biayaLulus, Diundang Daftar Pendek",,0,
4639198,Rencana Detail Tata Ruang Kecamatan Samboja,LPSE KABUPATEN KUTAI KARTANEGARA,PT.SHIDDIQ SARANA MULYA,Tidak Hadir Pembuktian Kualifikasi,,0,
4639198,Rencana Detail Tata Ruang Kecamatan Samboja,LPSE KABUPATEN KUTAI KARTANEGARA,PT. KARUNIA SEJAHTERA KONSULTAN,Tidak Lulus Pembuktian Kualifikasi,,0,
4639198,Rencana Detail Tata Ruang Kecamatan Samboja,LPSE KABUPATEN KUTAI KARTANEGARA,PT. SATRIA CREASINDO PRIMA,Tidak Hadir Pembuktian Kualifikasi,,0,
4639198,Rencana Detail Tata Ruang Kecamatan Samboja,LPSE KABUPATEN KUTAI KARTANEGARA,PT. ARCI PRATAMA KONSULTAN,"Lulus, Tidak Diundang Daftar Pendek",,0,
4639198,Rencana Detail Tata Ruang Kecamatan Samboja,LPSE KABUPATEN KUTAI KARTANEGARA,PT. KONSALTA KUATORIAL,Tidak Lulus Pembuktian Kualifikasi,,0,
4639198,Rencana Detail Tata Ruang Kecamatan Samboja,LPSE KABUPATEN KUTAI KARTANEGARA,PT. MIRANTHI KONSULTAN PERMAI,Tidak Menghadiri Pembuktian,,0,
4639198,Rencana Detail Tata Ruang Kecamatan Samboja,LPSE KABUPATEN KUTAI KARTANEGARA,PT. ZONASI KONSULTAN,Tidak Menghadiri Pembuktian,,0,
4639198,Rencana Detail Tata Ruang Kecamatan Samboja,LPSE KABUPATEN KUTAI KARTANEGARA,PT. Indocitra Intiperkasa,Tidak Menghadiri Pembuktian,,0,
4639198,Rencana Detail Tata Ruang Kecamatan Samboja,LPSE KABUPATEN KUTAI KARTANEGARA,PT. BENNATIN SURYA CIPTA,Tidak Menghadiri Pembuktian,,0,
4639198,Rencana Detail Tata Ruang Kecamatan Samboja,LPSE KABUPATEN KUTAI KARTANEGARA,PT.Angelia Oerip Mandiri,Tidak Menghadiri Pembuktian,,0,
4639198,Rencana Detail Tata Ruang Kecamatan Samboja,LPSE KABUPATEN KUTAI KARTANEGARA,PT. BENNANTA JASINDO,Tidak Menghadiri Pembuktian,,0,
4639198,Rencana Detail Tata Ruang Kecamatan Samboja,LPSE KABUPATEN KUTAI KARTANEGARA,SWARGA MANDIRI.CV,Tidak Menghadiri Pembuktian,,0,
4639198,Rencana Detail Tata Ruang Kecamatan Samboja,LPSE KABUPATEN KUTAI KARTANEGARA,PT. ALOCITA MANDIRI,Tidak Menghadiri Pembuktian,,0,
4639198,Rencana Detail Tata Ruang Kecamatan Samboja,LPSE KABUPATEN KUTAI KARTANEGARA,CV. CIPTA BUANA SEJATI,Tidak Menghadiri Pembuktian,,0,
4639198,Rencana Detail Tata Ruang Kecamatan Samboja,LPSE KABUPATEN KUTAI KARTANEGARA,CV. REKA KUSUMA BUANA,Tidak Menghadiri Pembuktian,,0,
4639198,Rencana Detail Tata Ruang Kecamatan Samboja,LPSE KABUPATEN KUTAI KARTANEGARA,CV KARYA SEJATI,Tidak Menghadiri Pembuktian,,0,
4639198,Rencana Detail Tata Ruang Kecamatan Samboja,LPSE KABUPATEN KUTAI KARTANEGARA,PT. DWI ELTIS KONSULTAN,Tidak Menghadiri Pembuktian,,0,
4639198,Rencana Detail Tata Ruang Kecamatan Samboja,LPSE KABUPATEN KUTAI KARTANEGARA,PT. JASAKONS PUTRA UTAMA,Tidak Menghadiri Pembuktian,,0,
4639198,Rencana Detail Tata Ruang Kecamatan Samboja,LPSE KABUPATEN KUTAI KARTANEGARA,PT. SECON DWITUNGGAL PUTRA,Tidak Menghadiri Pembuktian,,0,
4639198,Rencana Detail Tata Ruang Kecamatan Samboja,LPSE KABUPATEN KUTAI KARTANEGARA,PT. BLANTIKA MULTI ENGINEER,Tidak Menghadiri Pembuktian,,0,
4639198,Rencana Detail Tata Ruang Kecamatan Samboja,LPSE KABUPATEN KUTAI KARTANEGARA,PT. METAFORMA CONSULTANS,Tidak Menghadiri Pembuktian,,0,
4639198,Rencana Detail Tata Ruang Kecamatan Samboja,LPSE KABUPATEN KUTAI KARTANEGARA,PT. GEO PLANO KONSULTAN,Tidak Menghadiri Pembuktian,,0,
4639198,Rencana Detail Tata Ruang Kecamatan Samboja,LPSE KABUPATEN KUTAI KARTANEGARA,PT. Narayana Adicipta,Tidak Menghadiri Pembuktian,,0,
4639198,Rencana Detail Tata Ruang Kecamatan Samboja,LPSE KABUPATEN KUTAI KARTANEGARA,PT. ECOPLAN REKABUMI INTERCONSULT,Tidak Menghadiri Pembuktian,,0,
4639198,Rencana Detail Tata Ruang Kecamatan Samboja,LPSE KABUPATEN KUTAI KARTANEGARA,PT. ESA PRATAMA CIPTA SELEBES,Tidak Menghadiri Pembuktian,,0,
4639198,Rencana Detail Tata Ruang Kecamatan Samboja,LPSE KABUPATEN KUTAI KARTANEGARA,PT. ASA DESAIN,Tidak Menghadiri Pembuktian,,0,
4639198,Rencana Detail Tata Ruang Kecamatan Samboja,LPSE KABUPATEN KUTAI KARTANEGARA,PT. Gumilang Sajati,Tidak Menghadiri Pembuktian,,0,
4639198,Rencana Detail Tata Ruang Kecamatan Samboja,LPSE KABUPATEN KUTAI KARTANEGARA,CV. Cipta Persada Nusantara,Tidak Menghadiri Pembuktian,,0,
4639198,Rencana Detail Tata Ruang Kecamatan Samboja,LPSE KABUPATEN KUTAI KARTANEGARA,PT. SABILA TRANCANA CIPTA,Tidak Menghadiri Pembuktian,,0,
4639198,Rencana Detail Tata Ruang Kecamatan Samboja,LPSE KABUPATEN KUTAI KARTANEGARA,PT. Grhayasa Nusacitra Estima,Tidak Menghadiri Pembuktian,,0,
4639198,Rencana Detail Tata Ruang Kecamatan Samboja,LPSE KABUPATEN KUTAI KARTANEGARA,CV. AIKA,Tidak Menghadiri Pembuktian,,0,
4639198,Rencana Detail Tata Ruang Kecamatan Samboja,LPSE KABUPATEN KUTAI KARTANEGARA,PT. DELIMA LAKSANA TATA,Tidak Menghadiri Pembuktian,,0,
4639198,Rencana Detail Tata Ruang Kecamatan Samboja,LPSE KABUPATEN KUTAI KARTANEGARA,PT. CITRA GAMA SAKTI,Tidak Menghadiri Pembuktian,,0,
4639198,Rencana Detail Tata Ruang Kecamatan Samboja,LPSE KABUPATEN KUTAI KARTANEGARA,PT. MANDALA PRIMA KONSULTAN,Tidak Menghadiri Pembuktian,,0,
4639198,Rencana Detail Tata Ruang Kecamatan Samboja,LPSE KABUPATEN KUTAI KARTANEGARA,CV. MARUDDANI CONSULTANT,Tidak Menghadiri Pembuktian,,0,
4639198,Rencana Detail Tata Ruang Kecamatan Samboja,LPSE KABUPATEN KUTAI KARTANEGARA,PT. MASSUKA PRATAMA,Tidak Menghadiri Pembuktian,,0,
4638198,Rencana Detail Tata Ruang Kecamatan Muara Jawa,LPSE KABUPATEN KUTAI KARTANEGARA,PT. NUSANTARA CITRA KONSULTAN,Bukan Pemenang,,595760000,
4638198,Rencana Detail Tata Ruang Kecamatan Muara Jawa,LPSE KABUPATEN KUTAI KARTANEGARA,PT. NUANSA CITRAMANDIRI,Bukan Pemenang,,729350000,
4638198,Rencana Detail Tata Ruang Kecamatan Muara Jawa,LPSE KABUPATEN KUTAI KARTANEGARA,PT. KINARYA ALAM RAYA,Bukan Pemenang,,771430000,
4638198,Rencana Detail Tata Ruang Kecamatan Muara Jawa,LPSE KABUPATEN KUTAI KARTANEGARA,PT. Celebes Sarana Jasa,Pemenang,,800030000,
4638198,Rencana Detail Tata Ruang Kecamatan Muara Jawa,LPSE KABUPATEN KUTAI KARTANEGARA,PT. STUDIO CILAKI EMPAT LIMA,Bukan Pemenang,,800140000,
4638198,Rencana Detail Tata Ruang Kecamatan Muara Jawa,LPSE KABUPATEN KUTAI KARTANEGARA,PT. ARCI PRATAMA KONSULTAN,Bukan Pemenang,,802340000,
4638198,Rencana Detail Tata Ruang Kecamatan Muara Jawa,LPSE KABUPATEN KUTAI KARTANEGARA,PT. ARIA RIPTA SARANA,Lulus/Tidak Diundang Daftar Pendek,,0,
4638198,Rencana Detail Tata Ruang Kecamatan Muara Jawa,LPSE KABUPATEN KUTAI KARTANEGARA,PT. Ahassa Ciptanika,Tidak memasukan penawaran teknis dan biayaLulus/Diundang Daftar Pendek,,0,
4638198,Rencana Detail Tata Ruang Kecamatan Muara Jawa,LPSE KABUPATEN KUTAI KARTANEGARA,PT. Arcas Inti Sarana,Lulus/Tidak Diundang Daftar Pendek,,0,
4638198,Rencana Detail Tata Ruang Kecamatan Muara Jawa,LPSE KABUPATEN KUTAI KARTANEGARA,PT. ARCHEAS,Lulus/Tidak Diundang Daftar Pendek,,0,
4638198,Rencana Detail Tata Ruang Kecamatan Muara Jawa,LPSE KABUPATEN KUTAI KARTANEGARA,PT. Komperji Nusaraya,Tidak Hadir Pembuktian Kualifikasi,,0,
4638198,Rencana Detail Tata Ruang Kecamatan Muara Jawa,LPSE KABUPATEN KUTAI KARTANEGARA,PT. SANTIKA KUSUMAAGUNG,Tidak Lulus Pembuktian Kualifikasi,,0,
4638198,Rencana Detail Tata Ruang Kecamatan Muara Jawa,LPSE KABUPATEN KUTAI KARTANEGARA,PT. TARAM,Tidak Hadir Pembuktian Kualifikasi,,0,
4638198,Rencana Detail Tata Ruang Kecamatan Muara Jawa,LPSE KABUPATEN KUTAI KARTANEGARA,PT. Matriks Centrisindo,Tidak Hadir Pembuktian Kualifikasi,,0,
4638198,Rencana Detail Tata Ruang Kecamatan Muara Jawa,LPSE KABUPATEN KUTAI KARTANEGARA,PT. NUSA TIARA,Lulus/Tidak Diundang Daftar Pendek,,0,
4638198,Rencana Detail Tata Ruang Kecamatan Muara Jawa,LPSE KABUPATEN KUTAI KARTANEGARA,PT. Rama Konsultan Pratama Engineering,Tidak Hadir Pembuktian Kualifikasi,,0,
4638198,Rencana Detail Tata Ruang Kecamatan Muara Jawa,LPSE KABUPATEN KUTAI KARTANEGARA,CV. REXCONS INDONESIA,Lulus/Tidak Diundang Daftar Pendek,,0,
4638198,Rencana Detail Tata Ruang Kecamatan Muara Jawa,LPSE KABUPATEN KUTAI KARTANEGARA,PT. BATARA CIPTA PERDANA,Tidak Hadir Pembuktian Kualifikasi,,0,
4638198,Rencana Detail Tata Ruang Kecamatan Muara Jawa,LPSE KABUPATEN KUTAI KARTANEGARA,PT. TIMUR KONSULTAN,Tidak Hadir Pembuktian Kualifikasi,,0,
4638198,Rencana Detail Tata Ruang Kecamatan Muara Jawa,LPSE KABUPATEN KUTAI KARTANEGARA,PT. REKAYASA BANGUNTAMA,Tidak Hadir Pembuktian Kualifikasi,,0,
4638198,Rencana Detail Tata Ruang Kecamatan Muara Jawa,LPSE KABUPATEN KUTAI KARTANEGARA,PT. KORIDOR ADICITA,Lulus/Tidak Diundang Daftar Pendek,,0,
4638198,Rencana Detail Tata Ruang Kecamatan Muara Jawa,LPSE KABUPATEN KUTAI KARTANEGARA,PT. BINTANG INTI REKATAMA,Tidak Lulus Pembuktian Kualifikasi,,0,
4638198,Rencana Detail Tata Ruang Kecamatan Muara Jawa,LPSE KABUPATEN KUTAI KARTANEGARA,PT. Reka Desindo Mandiri,Tidak Hadir Pembuktian Kualifikasi,,0,
4638198,Rencana Detail Tata Ruang Kecamatan Muara Jawa,LPSE KABUPATEN KUTAI KARTANEGARA,PT. Visitama Daya Solusi,Tidak Hadir Pembuktian Kualifikasi,,0,
4638198,Rencana Detail Tata Ruang Kecamatan Muara Jawa,LPSE KABUPATEN KUTAI KARTANEGARA,PT. INTIMULYA MULTIKENCANA,Tidak Lulus Pembuktian Kualifikasi,,0,
4638198,Rencana Detail Tata Ruang Kecamatan Muara Jawa,LPSE KABUPATEN KUTAI KARTANEGARA,PT. SAE CITRA ENDAH,Lulus/Tidak Diundang Daftar Pendek,,0,
4638198,Rencana Detail Tata Ruang Kecamatan Muara Jawa,LPSE KABUPATEN KUTAI KARTANEGARA,PT. BINA SARANA EKATAMA,Tidak Hadir Pembuktian Kualifikasi,,0,
4638198,Rencana Detail Tata Ruang Kecamatan Muara Jawa,LPSE KABUPATEN KUTAI KARTANEGARA,PT. PROSPERA CONSULTING ENGINEERS,Tidak Hadir Pembuktian Kualifikasi,,0,
4638198,Rencana Detail Tata Ruang Kecamatan Muara Jawa,LPSE KABUPATEN KUTAI KARTANEGARA,CV. KALIMANTAN INFOTAMA,Tidak Lulus Pembuktian Kualifikasi,,0,
4638198,Rencana Detail Tata Ruang Kecamatan Muara Jawa,LPSE KABUPATEN KUTAI KARTANEGARA,PT. ADHICIPTA ENGINEERING CONSULTANT,Tidak Lulus Pembuktian Kualifikasi,,0,
4638198,Rencana Detail Tata Ruang Kecamatan Muara Jawa,LPSE KABUPATEN KUTAI KARTANEGARA,PT. Belaputera Interplan,Tidak Hadir Pembuktian Kualifikasi,,0,
4638198,Rencana Detail Tata Ruang Kecamatan Muara Jawa,LPSE KABUPATEN KUTAI KARTANEGARA,PT. Guyub Sarana Makmur,Tidak Hadir Pembuktian Kualifikasi,,0,
4638198,Rencana Detail Tata Ruang Kecamatan Muara Jawa,LPSE KABUPATEN KUTAI KARTANEGARA,PT.SHIDDIQ SARANA MULYA,Tidak Hadir Pembuktian Kualifikasi,,0,
4638198,Rencana Detail Tata Ruang Kecamatan Muara Jawa,LPSE KABUPATEN KUTAI KARTANEGARA,CV. POLA ARSITEK KONSULTAN,Lulus/Tidak Diundang Daftar Pendek,,0,
4638198,Rencana Detail Tata Ruang Kecamatan Muara Jawa,LPSE KABUPATEN KUTAI KARTANEGARA,PT. Maza Pradita Sarana,Tidak Hadir Pembuktian Kualifikasi,,0,
4638198,Rencana Detail Tata Ruang Kecamatan Muara Jawa,LPSE KABUPATEN KUTAI KARTANEGARA,PT. SATRIA CREASINDO PRIMA,Tidak Hadir Pembuktian Kualifikasi,,0,
4638198,Rencana Detail Tata Ruang Kecamatan Muara Jawa,LPSE KABUPATEN KUTAI KARTANEGARA,PT. Tranadi Tatautami,Tidak Hadir Pembuktian Kualifikasi,,0,
4638198,Rencana Detail Tata Ruang Kecamatan Muara Jawa,LPSE KABUPATEN KUTAI KARTANEGARA,PT. KONSALTA KUATORIAL,Tidak Lulus Pembuktian Kualifikasi,,0,
4638198,Rencana Detail Tata Ruang Kecamatan Muara Jawa,LPSE KABUPATEN KUTAI KARTANEGARA,PT. Indocitra Intiperkasa,Tidak Menghadiri Pembuktian,,0,
4638198,Rencana Detail Tata Ruang Kecamatan Muara Jawa,LPSE KABUPATEN KUTAI KARTANEGARA,PT. BENNATIN SURYA CIPTA,Tidak Menghadiri Pembuktian,,0,
4638198,Rencana Detail Tata Ruang Kecamatan Muara Jawa,LPSE KABUPATEN KUTAI KARTANEGARA,PT.Angelia Oerip Mandiri,Tidak Menghadiri Pembuktian,,0,
4638198,Rencana Detail Tata Ruang Kecamatan Muara Jawa,LPSE KABUPATEN KUTAI KARTANEGARA,PT. BENNANTA JASINDO,Tidak Menghadiri Pembuktian,,0,
4638198,Rencana Detail Tata Ruang Kecamatan Muara Jawa,LPSE KABUPATEN KUTAI KARTANEGARA,PT. ALOCITA MANDIRI,Tidak Menghadiri Pembuktian,,0,
4638198,Rencana Detail Tata Ruang Kecamatan Muara Jawa,LPSE KABUPATEN KUTAI KARTANEGARA,PT. WINAGUNA SARANA TEKNIK,Tidak Menghadiri Pembuktian,,0,
4638198,Rencana Detail Tata Ruang Kecamatan Muara Jawa,LPSE KABUPATEN KUTAI KARTANEGARA,PT. DWI ELTIS KONSULTAN,Tidak Menghadiri Pembuktian,,0,
4638198,Rencana Detail Tata Ruang Kecamatan Muara Jawa,LPSE KABUPATEN KUTAI KARTANEGARA,PT. JASAKONS PUTRA UTAMA,Tidak Menghadiri Pembuktian,,0,
4638198,Rencana Detail Tata Ruang Kecamatan Muara Jawa,LPSE KABUPATEN KUTAI KARTANEGARA,PT. SECON DWITUNGGAL PUTRA,Tidak Menghadiri Pembuktian,,0,
4638198,Rencana Detail Tata Ruang Kecamatan Muara Jawa,LPSE KABUPATEN KUTAI KARTANEGARA,PT. Teraga Olahrakayasa,Tidak Menghadiri Pembuktian,,0,
4638198,Rencana Detail Tata Ruang Kecamatan Muara Jawa,LPSE KABUPATEN KUTAI KARTANEGARA,PT. METAFORMA CONSULTANS,Tidak Menghadiri Pembuktian,,0,
4638198,Rencana Detail Tata Ruang Kecamatan Muara Jawa,LPSE KABUPATEN KUTAI KARTANEGARA,PT. GEO PLANO KONSULTAN,Tidak Menghadiri Pembuktian,,0,
4638198,Rencana Detail Tata Ruang Kecamatan Muara Jawa,LPSE KABUPATEN KUTAI KARTANEGARA,PT. AXIS MUNDI,Tidak Menghadiri Pembuktian,,0,
4638198,Rencana Detail Tata Ruang Kecamatan Muara Jawa,LPSE KABUPATEN KUTAI KARTANEGARA,PT. Gumilang Sajati,Tidak Menghadiri Pembuktian,,0,
4638198,Rencana Detail Tata Ruang Kecamatan Muara Jawa,LPSE KABUPATEN KUTAI KARTANEGARA,PT. ECOPLAN REKABUMI INTERCONSULT,Tidak Menghadiri Pembuktian,,0,
4638198,Rencana Detail Tata Ruang Kecamatan Muara Jawa,LPSE KABUPATEN KUTAI KARTANEGARA,PT. ESA PRATAMA CIPTA SELEBES,Tidak Menghadiri Pembuktian,,0,
4638198,Rencana Detail Tata Ruang Kecamatan Muara Jawa,LPSE KABUPATEN KUTAI KARTANEGARA,CV. Cipta Persada Nusantara,Tidak Menghadiri Pembuktian,,0,
4638198,Rencana Detail Tata Ruang Kecamatan Muara Jawa,LPSE KABUPATEN KUTAI KARTANEGARA,PT. ASA DESAIN,Tidak Menghadiri Pembuktian,,0,
4638198,Rencana Detail Tata Ruang Kecamatan Muara Jawa,LPSE KABUPATEN KUTAI KARTANEGARA,PT. Narayana Adicipta,Tidak Menghadiri Pembuktian,,0,
4638198,Rencana Detail Tata Ruang Kecamatan Muara Jawa,LPSE KABUPATEN KUTAI KARTANEGARA,CV. AIKA,Tidak Menghadiri Pembuktian,,0,
4638198,Rencana Detail Tata Ruang Kecamatan Muara Jawa,LPSE KABUPATEN KUTAI KARTANEGARA,PT. DELIMA LAKSANA TATA,Tidak Menghadiri Pembuktian,,0,
4638198,Rencana Detail Tata Ruang Kecamatan Muara Jawa,LPSE KABUPATEN KUTAI KARTANEGARA,PT. HEGAR DAYA,Tidak Menghadiri Pembuktian,,0,
4638198,Rencana Detail Tata Ruang Kecamatan Muara Jawa,LPSE KABUPATEN KUTAI KARTANEGARA,PT. CITRA GAMA SAKTI,Tidak Menghadiri Pembuktian,,0,
4638198,Rencana Detail Tata Ruang Kecamatan Muara Jawa,LPSE KABUPATEN KUTAI KARTANEGARA,PT. SABILA TRANCANA CIPTA,Tidak Menghadiri Pembuktian,,0,
4638198,Rencana Detail Tata Ruang Kecamatan Muara Jawa,LPSE KABUPATEN KUTAI KARTANEGARA,PT. Grhayasa Nusacitra Estima,Tidak Menghadiri Pembuktian,,0,
4638198,Rencana Detail Tata Ruang Kecamatan Muara Jawa,LPSE KABUPATEN KUTAI KARTANEGARA,PT. MANDALA PRIMA KONSULTAN,Tidak Menghadiri Pembuktian,,0,
4638198,Rencana Detail Tata Ruang Kecamatan Muara Jawa,LPSE KABUPATEN KUTAI KARTANEGARA,CV. MARUDDANI CONSULTANT,Tidak Menghadiri Pembuktian,,0,
4638198,Rencana Detail Tata Ruang Kecamatan Muara Jawa,LPSE KABUPATEN KUTAI KARTANEGARA,PT. MASSUKA PRATAMA,Tidak Menghadiri Pembuktian,,0,
4638198,Rencana Detail Tata Ruang Kecamatan Muara Jawa,LPSE KABUPATEN KUTAI KARTANEGARA,PT. MIRANTHI KONSULTAN PERMAI,Tidak Menghadiri Pembuktian,,0,
4638198,Rencana Detail Tata Ruang Kecamatan Muara Jawa,LPSE KABUPATEN KUTAI KARTANEGARA,PT. ZONASI KONSULTAN,Tidak Menghadiri Pembuktian,,0,
4638198,Rencana Detail Tata Ruang Kecamatan Muara Jawa,LPSE KABUPATEN KUTAI KARTANEGARA,PT. BLANTIKA MULTI ENGINEER,Tidak Menghadiri Pembuktian,,0,
4640198,Rencana Detail Tata Ruang Kecamatan Muara Badak,LPSE KABUPATEN KUTAI KARTANEGARA,PT. NUSANTARA CITRA KONSULTAN,Bukan Pemenang,,590150000,
4640198,Rencana Detail Tata Ruang Kecamatan Muara Badak,LPSE KABUPATEN KUTAI KARTANEGARA,PT. NUANSA CITRAMANDIRI,Bukan Pemenang,,707350000,
4640198,Rencana Detail Tata Ruang Kecamatan Muara Badak,LPSE KABUPATEN KUTAI KARTANEGARA,PT. ARIA RIPTA SARANA,Bukan Pemenang,,732600000,
4640198,Rencana Detail Tata Ruang Kecamatan Muara Badak,LPSE KABUPATEN KUTAI KARTANEGARA,PT. Celebes Sarana Jasa,Pemenang,,772060000,
4640198,Rencana Detail Tata Ruang Kecamatan Muara Badak,LPSE KABUPATEN KUTAI KARTANEGARA,PT. ARCI PRATAMA KONSULTAN,Bukan Pemenang,,774570000,
4640198,Rencana Detail Tata Ruang Kecamatan Muara Badak,LPSE KABUPATEN KUTAI KARTANEGARA,PT. Ahassa Ciptanika,Tidak memasukan penawaran teknis dan biayaLulus/Diundang Daftar Pendek,,0,
4640198,Rencana Detail Tata Ruang Kecamatan Muara Badak,LPSE KABUPATEN KUTAI KARTANEGARA,PT. Arcas Inti Sarana,Lulus/Tidak Diundang Daftar Pendek,,0,
4640198,Rencana Detail Tata Ruang Kecamatan Muara Badak,LPSE KABUPATEN KUTAI KARTANEGARA,PT. Komperji Nusaraya,Tidak Hadir Pembuktian Kualifikasi,,0,
4640198,Rencana Detail Tata Ruang Kecamatan Muara Badak,LPSE KABUPATEN KUTAI KARTANEGARA,PT. TARAM,Tidak Hadir Pembuktian Kualifikasi,,0,
4640198,Rencana Detail Tata Ruang Kecamatan Muara Badak,LPSE KABUPATEN KUTAI KARTANEGARA,PT. Matriks Centrisindo,Tidak Hadir Pembuktian Kualifikasi,,0,
4640198,Rencana Detail Tata Ruang Kecamatan Muara Badak,LPSE KABUPATEN KUTAI KARTANEGARA,PT. NUSA TIARA,Lulus/Tidak Diundang Daftar Pendek,,0,
4640198,Rencana Detail Tata Ruang Kecamatan Muara Badak,LPSE KABUPATEN KUTAI KARTANEGARA,PT. Rama Konsultan Pratama Engineering,Tidak Hadir Pembuktian Kualifikasi,,0,
4640198,Rencana Detail Tata Ruang Kecamatan Muara Badak,LPSE KABUPATEN KUTAI KARTANEGARA,CV. REXCONS INDONESIA,Lulus/Tidak Diundang Daftar Pendek,,0,
4640198,Rencana Detail Tata Ruang Kecamatan Muara Badak,LPSE KABUPATEN KUTAI KARTANEGARA,PT. BATARA CIPTA PERDANA,Tidak Hadir Pembuktian Kualifikasi,,0,
4640198,Rencana Detail Tata Ruang Kecamatan Muara Badak,LPSE KABUPATEN KUTAI KARTANEGARA,PT. TIMUR KONSULTAN,Tidak Hadir Pembuktian Kualifikasi,,0,
4640198,Rencana Detail Tata Ruang Kecamatan Muara Badak,LPSE KABUPATEN KUTAI KARTANEGARA,PT. REKAYASA BANGUNTAMA,Tidak Hadir Pembuktian Kualifikasi,,0,
4640198,Rencana Detail Tata Ruang Kecamatan Muara Badak,LPSE KABUPATEN KUTAI KARTANEGARA,PT. KORIDOR ADICITA,Lulus/Tidak Diundang Daftar Pendek,,0,
4640198,Rencana Detail Tata Ruang Kecamatan Muara Badak,LPSE KABUPATEN KUTAI KARTANEGARA,PT. BINTANG INTI REKATAMA,Tidak Lulus Pembuktian Kualifikasi,,0,
4640198,Rencana Detail Tata Ruang Kecamatan Muara Badak,LPSE KABUPATEN KUTAI KARTANEGARA,PT. Reka Desindo Mandiri,Tidak Hadir Pembuktian Kualifikasi,,0,
4640198,Rencana Detail Tata Ruang Kecamatan Muara Badak,LPSE KABUPATEN KUTAI KARTANEGARA,PT. Visitama Daya Solusi,Tidak Hadir Pembuktian Kualifikasi,,0,
4640198,Rencana Detail Tata Ruang Kecamatan Muara Badak,LPSE KABUPATEN KUTAI KARTANEGARA,PT. INTIMULYA MULTIKENCANA,Tidak Lulus Pembuktian Kualifikasi,,0,
4640198,Rencana Detail Tata Ruang Kecamatan Muara Badak,LPSE KABUPATEN KUTAI KARTANEGARA,PT. SAE CITRA ENDAH,Lulus/Tidak Diundang Daftar Pendek,,0,
4640198,Rencana Detail Tata Ruang Kecamatan Muara Badak,LPSE KABUPATEN KUTAI KARTANEGARA,PT. BINA SARANA EKATAMA,Tidak Hadir Pembuktian Kualifikasi,,0,
4640198,Rencana Detail Tata Ruang Kecamatan Muara Badak,LPSE KABUPATEN KUTAI KARTANEGARA,CV. KALIMANTAN INFOTAMA,Tidak Lulus Pembuktian Kualifikasi,,0,
4640198,Rencana Detail Tata Ruang Kecamatan Muara Badak,LPSE KABUPATEN KUTAI KARTANEGARA,PT. ADHICIPTA ENGINEERING CONSULTANT,Tidak Lulus Pembuktian Kualifikasi,,0,
4640198,Rencana Detail Tata Ruang Kecamatan Muara Badak,LPSE KABUPATEN KUTAI KARTANEGARA,PT. Belaputera Interplan,Tidak Hadir Pembuktian Kualifikasi,,0,
4640198,Rencana Detail Tata Ruang Kecamatan Muara Badak,LPSE KABUPATEN KUTAI KARTANEGARA,PT. Guyub Sarana Makmur,Tidak Hadir Pembuktian Kualifikasi,,0,
4640198,Rencana Detail Tata Ruang Kecamatan Muara Badak,LPSE KABUPATEN KUTAI KARTANEGARA,PT. DAYA CIPTA DIANRANCANA,Tidak memasukan penawaran teknis dan biayaLulus/Diundang Daftar Pendek,,0,
4640198,Rencana Detail Tata Ruang Kecamatan Muara Badak,LPSE KABUPATEN KUTAI KARTANEGARA,PT.SHIDDIQ SARANA MULYA,Tidak Hadir Pembuktian Kualifikasi,,0,
4640198,Rencana Detail Tata Ruang Kecamatan Muara Badak,LPSE KABUPATEN KUTAI KARTANEGARA,PT. SATRIA CREASINDO PRIMA,Tidak Hadir Pembuktian Kualifikasi,,0,
4640198,Rencana Detail Tata Ruang Kecamatan Muara Badak,LPSE KABUPATEN KUTAI KARTANEGARA,PT. KONSALTA KUATORIAL,Tidak Hadir Pembuktian Kualifikasi,,0,
4640198,Rencana Detail Tata Ruang Kecamatan Muara Badak,LPSE KABUPATEN KUTAI KARTANEGARA,PT. MANDALA PRIMA KONSULTAN,Tidak Menghadiri Pembuktian,,0,
4640198,Rencana Detail Tata Ruang Kecamatan Muara Badak,LPSE KABUPATEN KUTAI KARTANEGARA,CV. MARUDDANI CONSULTANT,Tidak Menghadiri Pembuktian,,0,
4640198,Rencana Detail Tata Ruang Kecamatan Muara Badak,LPSE KABUPATEN KUTAI KARTANEGARA,PT. Grhayasa Nusacitra Estima,Tidak Menghadiri Pembuktian,,0,
4640198,Rencana Detail Tata Ruang Kecamatan Muara Badak,LPSE KABUPATEN KUTAI KARTANEGARA,PT. SABILA TRANCANA CIPTA,Tidak Menghadiri Pembuktian,,0,
4640198,Rencana Detail Tata Ruang Kecamatan Muara Badak,LPSE KABUPATEN KUTAI KARTANEGARA,PT. Narayana Adicipta,Tidak Menghadiri Pembuktian,,0,
4640198,Rencana Detail Tata Ruang Kecamatan Muara Badak,LPSE KABUPATEN KUTAI KARTANEGARA,PT. ZONASI KONSULTAN,Tidak Menghadiri Pembuktian,,0,
4640198,Rencana Detail Tata Ruang Kecamatan Muara Badak,LPSE KABUPATEN KUTAI KARTANEGARA,CV. Cipta Persada Nusantara,Tidak Menghadiri Pembuktian,,0,
4640198,Rencana Detail Tata Ruang Kecamatan Muara Badak,LPSE KABUPATEN KUTAI KARTANEGARA,CV. AIKA,Tidak Menghadiri Pembuktian,,0,
4640198,Rencana Detail Tata Ruang Kecamatan Muara Badak,LPSE KABUPATEN KUTAI KARTANEGARA,PT. Indocitra Intiperkasa,Tidak Menghadiri Pembuktian,,0,
4640198,Rencana Detail Tata Ruang Kecamatan Muara Badak,LPSE KABUPATEN KUTAI KARTANEGARA,PT. BENNATIN SURYA CIPTA,Tidak Menghadiri Pembuktian,,0,
4640198,Rencana Detail Tata Ruang Kecamatan Muara Badak,LPSE KABUPATEN KUTAI KARTANEGARA,PT.Angelia Oerip Mandiri,Tidak Menghadiri Pembuktian,,0,
4640198,Rencana Detail Tata Ruang Kecamatan Muara Badak,LPSE KABUPATEN KUTAI KARTANEGARA,PT. BENNANTA JASINDO,Tidak Menghadiri Pembuktian,,0,
4640198,Rencana Detail Tata Ruang Kecamatan Muara Badak,LPSE KABUPATEN KUTAI KARTANEGARA,PT. DELIMA LAKSANA TATA,Tidak Menghadiri Pembuktian,,0,
4640198,Rencana Detail Tata Ruang Kecamatan Muara Badak,LPSE KABUPATEN KUTAI KARTANEGARA,PT. MASSUKA PRATAMA,Tidak Menghadiri Pembuktian,,0,
4640198,Rencana Detail Tata Ruang Kecamatan Muara Badak,LPSE KABUPATEN KUTAI KARTANEGARA,PT. ALOCITA MANDIRI,Tidak Menghadiri Pembuktian,,0,
4640198,Rencana Detail Tata Ruang Kecamatan Muara Badak,LPSE KABUPATEN KUTAI KARTANEGARA,PT. DWI ELTIS KONSULTAN,Tidak Menghadiri Pembuktian,,0,
4640198,Rencana Detail Tata Ruang Kecamatan Muara Badak,LPSE KABUPATEN KUTAI KARTANEGARA,PT. JASAKONS PUTRA UTAMA,Tidak Menghadiri Pembuktian,,0,
4640198,Rencana Detail Tata Ruang Kecamatan Muara Badak,LPSE KABUPATEN KUTAI KARTANEGARA,PT. SECON DWITUNGGAL PUTRA,Tidak Menghadiri Pembuktian,,0,
4640198,Rencana Detail Tata Ruang Kecamatan Muara Badak,LPSE KABUPATEN KUTAI KARTANEGARA,PT. Teraga Olahrakayasa,Tidak Menghadiri Pembuktian,,0,
4640198,Rencana Detail Tata Ruang Kecamatan Muara Badak,LPSE KABUPATEN KUTAI KARTANEGARA,PT. METAFORMA CONSULTANS,Tidak Menghadiri Pembuktian,,0,
4640198,Rencana Detail Tata Ruang Kecamatan Muara Badak,LPSE KABUPATEN KUTAI KARTANEGARA,PT. GEO PLANO KONSULTAN,Tidak Menghadiri Pembuktian,,0,
4640198,Rencana Detail Tata Ruang Kecamatan Muara Badak,LPSE KABUPATEN KUTAI KARTANEGARA,CV. ARTHAKINDO,Tidak Menghadiri Pembuktian,,0,
4640198,Rencana Detail Tata Ruang Kecamatan Muara Badak,LPSE KABUPATEN KUTAI KARTANEGARA,PT. Gumilang Sajati,Tidak Menghadiri Pembuktian,,0,
4640198,Rencana Detail Tata Ruang Kecamatan Muara Badak,LPSE KABUPATEN KUTAI KARTANEGARA,PT. MIRANTHI KONSULTAN PERMAI,Tidak Menghadiri Pembuktian,,0,
4640198,Rencana Detail Tata Ruang Kecamatan Muara Badak,LPSE KABUPATEN KUTAI KARTANEGARA,PT. ECOPLAN REKABUMI INTERCONSULT,Tidak Menghadiri Pembuktian,,0,
4640198,Rencana Detail Tata Ruang Kecamatan Muara Badak,LPSE KABUPATEN KUTAI KARTANEGARA,PT. Bina Buana Raya,Tidak Menghadiri Pembuktian,,0,
4640198,Rencana Detail Tata Ruang Kecamatan Muara Badak,LPSE KABUPATEN KUTAI KARTANEGARA,PT. ESA PRATAMA CIPTA SELEBES,Tidak Menghadiri Pembuktian,,0,
4640198,Rencana Detail Tata Ruang Kecamatan Muara Badak,LPSE KABUPATEN KUTAI KARTANEGARA,PT. BLANTIKA MULTI ENGINEER,Tidak Menghadiri Pembuktian,,0,
4640198,Rencana Detail Tata Ruang Kecamatan Muara Badak,LPSE KABUPATEN KUTAI KARTANEGARA,PT. ASA DESAIN,Tidak Menghadiri Pembuktian,,0,
4641198,Rencana Detail Tata Ruang Kecamatan Marang Kayu,LPSE KABUPATEN KUTAI KARTANEGARA,PT. NUSANTARA CITRA KONSULTAN,Bukan Pemenang,,582010000,
4641198,Rencana Detail Tata Ruang Kecamatan Marang Kayu,LPSE KABUPATEN KUTAI KARTANEGARA,PT. NUANSA CITRAMANDIRI,Bukan Pemenang,,697450000,
4641198,Rencana Detail Tata Ruang Kecamatan Marang Kayu,LPSE KABUPATEN KUTAI KARTANEGARA,PT. HEGAR DAYA,Bukan Pemenang,,700205000,
4641198,Rencana Detail Tata Ruang Kecamatan Marang Kayu,LPSE KABUPATEN KUTAI KARTANEGARA,PT. Ahassa Ciptanika,Pemenang,,725285000,
4641198,Rencana Detail Tata Ruang Kecamatan Marang Kayu,LPSE KABUPATEN KUTAI KARTANEGARA,PT. KINARYA ALAM RAYA,Bukan Pemenang,,759605000,
4641198,Rencana Detail Tata Ruang Kecamatan Marang Kayu,LPSE KABUPATEN KUTAI KARTANEGARA,PT. Celebes Sarana Jasa,Bukan Pemenang,,765860000,
4641198,Rencana Detail Tata Ruang Kecamatan Marang Kayu,LPSE KABUPATEN KUTAI KARTANEGARA,PT. ARCI PRATAMA KONSULTAN,Bukan Pemenang,,766390000,
4641198,Rencana Detail Tata Ruang Kecamatan Marang Kayu,LPSE KABUPATEN KUTAI KARTANEGARA,PT. ARIA RIPTA SARANA,Lulus/Tidak Diundang Daftar Pendek,,0,
4641198,Rencana Detail Tata Ruang Kecamatan Marang Kayu,LPSE KABUPATEN KUTAI KARTANEGARA,PT. Arcas Inti Sarana,Lulus/Tidak Diundang Daftar Pendek,,0,
4641198,Rencana Detail Tata Ruang Kecamatan Marang Kayu,LPSE KABUPATEN KUTAI KARTANEGARA,PT. SUCOFINDO ADVISORY UTAMA,Tidak Hadir Pembuktian Kualifikasi,,0,
4641198,Rencana Detail Tata Ruang Kecamatan Marang Kayu,LPSE KABUPATEN KUTAI KARTANEGARA,PT. Komperji Nusaraya,Tidak Hadir Pembuktian Kualifikasi,,0,
4641198,Rencana Detail Tata Ruang Kecamatan Marang Kayu,LPSE KABUPATEN KUTAI KARTANEGARA,PT. Matriks Centrisindo,Tidak Hadir Pembuktian Kualifikasi,,0,
4641198,Rencana Detail Tata Ruang Kecamatan Marang Kayu,LPSE KABUPATEN KUTAI KARTANEGARA,PT. TARAM,Tidak Hadir Pembuktian Kualifikasi,,0,
4641198,Rencana Detail Tata Ruang Kecamatan Marang Kayu,LPSE KABUPATEN KUTAI KARTANEGARA,PT. NUSA TIARA,Lulus/Tidak Diundang Daftar Pendek,,0,
4641198,Rencana Detail Tata Ruang Kecamatan Marang Kayu,LPSE KABUPATEN KUTAI KARTANEGARA,PT. Rama Konsultan Pratama Engineering,Tidak Hadir Pembuktian Kualifikasi,,0,
4641198,Rencana Detail Tata Ruang Kecamatan Marang Kayu,LPSE KABUPATEN KUTAI KARTANEGARA,CV. REXCONS INDONESIA,Lulus/Tidak Diundang Daftar Pendek,,0,
4641198,Rencana Detail Tata Ruang Kecamatan Marang Kayu,LPSE KABUPATEN KUTAI KARTANEGARA,PT. BATARA CIPTA PERDANA,Tidak Hadir Pembuktian Kualifikasi,,0,
4641198,Rencana Detail Tata Ruang Kecamatan Marang Kayu,LPSE KABUPATEN KUTAI KARTANEGARA,PT. TIMUR KONSULTAN,Tidak Hadir Pembuktian Kualifikasi,,0,
4641198,Rencana Detail Tata Ruang Kecamatan Marang Kayu,LPSE KABUPATEN KUTAI KARTANEGARA,PT. REKAYASA BANGUNTAMA,Tidak Hadir Pembuktian Kualifikasi,,0,
4641198,Rencana Detail Tata Ruang Kecamatan Marang Kayu,LPSE KABUPATEN KUTAI KARTANEGARA,PT. BINTANG INTI REKATAMA,Tidak Lulus Pembuktian Kualifikasi,,0,
4641198,Rencana Detail Tata Ruang Kecamatan Marang Kayu,LPSE KABUPATEN KUTAI KARTANEGARA,PT. KORIDOR ADICITA,Tidak Hadir Pembuktian Kualifikasi,,0,
4641198,Rencana Detail Tata Ruang Kecamatan Marang Kayu,LPSE KABUPATEN KUTAI KARTANEGARA,PT GAMA MULTI USAHA MANDIRI,Lulus/Tidak Diundang Daftar Pendek,,0,
4641198,Rencana Detail Tata Ruang Kecamatan Marang Kayu,LPSE KABUPATEN KUTAI KARTANEGARA,PT. Reka Desindo Mandiri,Tidak Hadir Pembuktian Kualifikasi,,0,
4641198,Rencana Detail Tata Ruang Kecamatan Marang Kayu,LPSE KABUPATEN KUTAI KARTANEGARA,PT. Visitama Daya Solusi,Tidak Hadir Pembuktian Kualifikasi,,0,
4641198,Rencana Detail Tata Ruang Kecamatan Marang Kayu,LPSE KABUPATEN KUTAI KARTANEGARA,PT. INTIMULYA MULTIKENCANA,Tidak Lulus Pembuktian Kualifikasi,,0,
4641198,Rencana Detail Tata Ruang Kecamatan Marang Kayu,LPSE KABUPATEN KUTAI KARTANEGARA,PT. SAE CITRA ENDAH,Lulus/Tidak Diundang Daftar Pendek,,0,
4641198,Rencana Detail Tata Ruang Kecamatan Marang Kayu,LPSE KABUPATEN KUTAI KARTANEGARA,PT. BINA SARANA EKATAMA,Tidak Hadir Pembuktian Kualifikasi,,0,
4641198,Rencana Detail Tata Ruang Kecamatan Marang Kayu,LPSE KABUPATEN KUTAI KARTANEGARA,PT.SHIDDIQ SARANA MULYA,Tidak Hadir Pembuktian Kualifikasi,,0,
4641198,Rencana Detail Tata Ruang Kecamatan Marang Kayu,LPSE KABUPATEN KUTAI KARTANEGARA,PT. PROSPERA CONSULTING ENGINEERS,Tidak Hadir Pembuktian Kualifikasi,,0,
4641198,Rencana Detail Tata Ruang Kecamatan Marang Kayu,LPSE KABUPATEN KUTAI KARTANEGARA,CV. KALIMANTAN INFOTAMA,Tidak Lulus Pembuktian Kualifikasi,,0,
4641198,Rencana Detail Tata Ruang Kecamatan Marang Kayu,LPSE KABUPATEN KUTAI KARTANEGARA,PT. ADHICIPTA ENGINEERING CONSULTANT,Tidak Lulus Pembuktian Kualifikasi,,0,
4641198,Rencana Detail Tata Ruang Kecamatan Marang Kayu,LPSE KABUPATEN KUTAI KARTANEGARA,PT. Belaputera Interplan,Tidak Hadir Pembuktian Kualifikasi,,0,
4641198,Rencana Detail Tata Ruang Kecamatan Marang Kayu,LPSE KABUPATEN KUTAI KARTANEGARA,PT. Guyub Sarana Makmur,Tidak Hadir Pembuktian Kualifikasi,,0,
4641198,Rencana Detail Tata Ruang Kecamatan Marang Kayu,LPSE KABUPATEN KUTAI KARTANEGARA,PT. CITRA GAMA SAKTI,Lulus/Tidak Diundang Daftar Pendek,,0,
4641198,Rencana Detail Tata Ruang Kecamatan Marang Kayu,LPSE KABUPATEN KUTAI KARTANEGARA,CV. POLA ARSITEK KONSULTAN,Lulus/Tidak Diundang Daftar Pendek,,0,
4641198,Rencana Detail Tata Ruang Kecamatan Marang Kayu,LPSE KABUPATEN KUTAI KARTANEGARA,PT. SATRIA CREASINDO PRIMA,Tidak Hadir Pembuktian Kualifikasi,,0,
4641198,Rencana Detail Tata Ruang Kecamatan Marang Kayu,LPSE KABUPATEN KUTAI KARTANEGARA,PT. KONSALTA KUATORIAL,Tidak Hadir Pembuktian Kualifikasi,,0,
4641198,Rencana Detail Tata Ruang Kecamatan Marang Kayu,LPSE KABUPATEN KUTAI KARTANEGARA,PT. ZONASI KONSULTAN,Tidak Menghadiri Pembuktian,,0,
4641198,Rencana Detail Tata Ruang Kecamatan Marang Kayu,LPSE KABUPATEN KUTAI KARTANEGARA,CV. AIKA,Tidak Menghadiri Pembuktian,,0,
4641198,Rencana Detail Tata Ruang Kecamatan Marang Kayu,LPSE KABUPATEN KUTAI KARTANEGARA,PT. MASSUKA PRATAMA,Tidak Menghadiri Pembuktian,,0,
4641198,Rencana Detail Tata Ruang Kecamatan Marang Kayu,LPSE KABUPATEN KUTAI KARTANEGARA,PT. Indocitra Intiperkasa,Tidak Menghadiri Pembuktian,,0,
4641198,Rencana Detail Tata Ruang Kecamatan Marang Kayu,LPSE KABUPATEN KUTAI KARTANEGARA,PT. BENNATIN SURYA CIPTA,Tidak Menghadiri Pembuktian,,0,
4641198,Rencana Detail Tata Ruang Kecamatan Marang Kayu,LPSE KABUPATEN KUTAI KARTANEGARA,PT.Angelia Oerip Mandiri,Tidak Menghadiri Pembuktian,,0,
4641198,Rencana Detail Tata Ruang Kecamatan Marang Kayu,LPSE KABUPATEN KUTAI KARTANEGARA,PT. BENNANTA JASINDO,Tidak Menghadiri Pembuktian,,0,
4641198,Rencana Detail Tata Ruang Kecamatan Marang Kayu,LPSE KABUPATEN KUTAI KARTANEGARA,CV. Cipta Persada Nusantara,Tidak Menghadiri Pembuktian,,0,
4641198,Rencana Detail Tata Ruang Kecamatan Marang Kayu,LPSE KABUPATEN KUTAI KARTANEGARA,PT. Narayana Adicipta,Tidak Menghadiri Pembuktian,,0,
4641198,Rencana Detail Tata Ruang Kecamatan Marang Kayu,LPSE KABUPATEN KUTAI KARTANEGARA,PT. ALOCITA MANDIRI,Tidak Menghadiri Pembuktian,,0,
4641198,Rencana Detail Tata Ruang Kecamatan Marang Kayu,LPSE KABUPATEN KUTAI KARTANEGARA,PT. MIRANTHI KONSULTAN PERMAI,Tidak Menghadiri Pembuktian,,0,
4641198,Rencana Detail Tata Ruang Kecamatan Marang Kayu,LPSE KABUPATEN KUTAI KARTANEGARA,PT. DWI ELTIS KONSULTAN,Tidak Menghadiri Pembuktian,,0,
4641198,Rencana Detail Tata Ruang Kecamatan Marang Kayu,LPSE KABUPATEN KUTAI KARTANEGARA,PT. JASAKONS PUTRA UTAMA,Tidak Menghadiri Pembuktian,,0,
4641198,Rencana Detail Tata Ruang Kecamatan Marang Kayu,LPSE KABUPATEN KUTAI KARTANEGARA,PT. SECON DWITUNGGAL PUTRA,Tidak Menghadiri Pembuktian,,0,
4641198,Rencana Detail Tata Ruang Kecamatan Marang Kayu,LPSE KABUPATEN KUTAI KARTANEGARA,CV. MARUDDANI CONSULTANT,Tidak Menghadiri Pembuktian,,0,
4641198,Rencana Detail Tata Ruang Kecamatan Marang Kayu,LPSE KABUPATEN KUTAI KARTANEGARA,PT. Teraga Olahrakayasa,Tidak Menghadiri Pembuktian,,0,
4641198,Rencana Detail Tata Ruang Kecamatan Marang Kayu,LPSE KABUPATEN KUTAI KARTANEGARA,PT. METAFORMA CONSULTANS,Tidak Menghadiri Pembuktian,,0,
4641198,Rencana Detail Tata Ruang Kecamatan Marang Kayu,LPSE KABUPATEN KUTAI KARTANEGARA,PT. GEO PLANO KONSULTAN,Tidak Menghadiri Pembuktian,,0,
4641198,Rencana Detail Tata Ruang Kecamatan Marang Kayu,LPSE KABUPATEN KUTAI KARTANEGARA,PT. Gumilang Sajati,Tidak Menghadiri Pembuktian,,0,
4641198,Rencana Detail Tata Ruang Kecamatan Marang Kayu,LPSE KABUPATEN KUTAI KARTANEGARA,PT. ECOPLAN REKABUMI INTERCONSULT,Tidak Menghadiri Pembuktian,,0,
4641198,Rencana Detail Tata Ruang Kecamatan Marang Kayu,LPSE KABUPATEN KUTAI KARTANEGARA,PT. MANDALA PRIMA KONSULTAN,Tidak Menghadiri Pembuktian,,0,
4641198,Rencana Detail Tata Ruang Kecamatan Marang Kayu,LPSE KABUPATEN KUTAI KARTANEGARA,PT. Grhayasa Nusacitra Estima,Tidak Menghadiri Pembuktian,,0,
4641198,Rencana Detail Tata Ruang Kecamatan Marang Kayu,LPSE KABUPATEN KUTAI KARTANEGARA,PT. SABILA TRANCANA CIPTA,Tidak Menghadiri Pembuktian,,0,
4641198,Rencana Detail Tata Ruang Kecamatan Marang Kayu,LPSE KABUPATEN KUTAI KARTANEGARA,PT. ESA PRATAMA CIPTA SELEBES,Tidak Menghadiri Pembuktian,,0,
4641198,Rencana Detail Tata Ruang Kecamatan Marang Kayu,LPSE KABUPATEN KUTAI KARTANEGARA,PT. ASA DESAIN,Tidak Menghadiri Pembuktian,,0,
4641198,Rencana Detail Tata Ruang Kecamatan Marang Kayu,LPSE KABUPATEN KUTAI KARTANEGARA,PT. DELIMA LAKSANA TATA,Tidak Menghadiri Pembuktian,,0,
4641198,Rencana Detail Tata Ruang Kecamatan Marang Kayu,LPSE KABUPATEN KUTAI KARTANEGARA,PT. BLANTIKA MULTI ENGINEER,Tidak Menghadiri Pembuktian,,0,
4637198,Rencana Detail Tata Ruang Kecamatan Anggana,LPSE KABUPATEN KUTAI KARTANEGARA,PT. NUSANTARA CITRA KONSULTAN,Pemenang,,547140000,
4637198,Rencana Detail Tata Ruang Kecamatan Anggana,LPSE KABUPATEN KUTAI KARTANEGARA,PT. HEGAR DAYA,Bukan Pemenang,,698115000,
4637198,Rencana Detail Tata Ruang Kecamatan Anggana,LPSE KABUPATEN KUTAI KARTANEGARA,PT. NUANSA CITRAMANDIRI,Bukan Pemenang,,698115000,
4637198,Rencana Detail Tata Ruang Kecamatan Anggana,LPSE KABUPATEN KUTAI KARTANEGARA,PT. SUMAPLAN ADICIPTA PERSADA,Bukan Pemenang,,751300000,
4637198,Rencana Detail Tata Ruang Kecamatan Anggana,LPSE KABUPATEN KUTAI KARTANEGARA,PT. ARCI PRATAMA KONSULTAN,Bukan Pemenang,,756970000,
4637198,Rencana Detail Tata Ruang Kecamatan Anggana,LPSE KABUPATEN KUTAI KARTANEGARA,PT. Celebes Sarana Jasa,Bukan Pemenang,,758120000,
4637198,Rencana Detail Tata Ruang Kecamatan Anggana,LPSE KABUPATEN KUTAI KARTANEGARA,PT. Iname Utama,Tidak Lulus Pembuktian Kualifikasi,,0,
4637198,Rencana Detail Tata Ruang Kecamatan Anggana,LPSE KABUPATEN KUTAI KARTANEGARA,PT. ARIA RIPTA SARANA,"Lulus, Tidak Diundang Daftar Pendek",,0,
4637198,Rencana Detail Tata Ruang Kecamatan Anggana,LPSE KABUPATEN KUTAI KARTANEGARA,PT. Ahassa Ciptanika,Tidak Hadir Pembuktian Kualifikasi,,0,
4637198,Rencana Detail Tata Ruang Kecamatan Anggana,LPSE KABUPATEN KUTAI KARTANEGARA,PT. Arcas Inti Sarana,"Lulus, Tidak Diundang Daftar Pendek",,0,
4637198,Rencana Detail Tata Ruang Kecamatan Anggana,LPSE KABUPATEN KUTAI KARTANEGARA,PT. Komperji Nusaraya,Tidak Hadir Pembuktian Kualifikasi,,0,
4637198,Rencana Detail Tata Ruang Kecamatan Anggana,LPSE KABUPATEN KUTAI KARTANEGARA,PT. MUARA CONSULT,Lulus Tidak Diundang Daftar Pendek,,0,
4637198,Rencana Detail Tata Ruang Kecamatan Anggana,LPSE KABUPATEN KUTAI KARTANEGARA,PT. TARAM,Tidak Hadir Pembuktian Kualifikasi,,0,
4637198,Rencana Detail Tata Ruang Kecamatan Anggana,LPSE KABUPATEN KUTAI KARTANEGARA,PT. Matriks Centrisindo,Tidak Hadir Pembuktian Kualifikasi,,0,
4637198,Rencana Detail Tata Ruang Kecamatan Anggana,LPSE KABUPATEN KUTAI KARTANEGARA,PT. NUSA TIARA,Lulus Tidak Diundang Daftar Pendek,,0,
4637198,Rencana Detail Tata Ruang Kecamatan Anggana,LPSE KABUPATEN KUTAI KARTANEGARA,PT. Rama Konsultan Pratama Engineering,Tidak hadir Pembuktian Kualifikasi,,0,
4637198,Rencana Detail Tata Ruang Kecamatan Anggana,LPSE KABUPATEN KUTAI KARTANEGARA,PT. BATARA CIPTA PERDANA,Tidak hadir Pembuktian Kualifikasi,,0,
4637198,Rencana Detail Tata Ruang Kecamatan Anggana,LPSE KABUPATEN KUTAI KARTANEGARA,CV. REXCONS INDONESIA,Lulus Tidak Diundang Daftar Pendek,,0,
4637198,Rencana Detail Tata Ruang Kecamatan Anggana,LPSE KABUPATEN KUTAI KARTANEGARA,PT. TIMUR KONSULTAN,Tidak hadir Pembuktian Kualifikasi,,0,
4637198,Rencana Detail Tata Ruang Kecamatan Anggana,LPSE KABUPATEN KUTAI KARTANEGARA,PT. REKAYASA BANGUNTAMA,Tidak hadir Pembuktian Kualifikasi,,0,
4637198,Rencana Detail Tata Ruang Kecamatan Anggana,LPSE KABUPATEN KUTAI KARTANEGARA,PT. KORIDOR ADICITA,"Lulus, Tidak Diundang Daftar Pendek",,0,
4637198,Rencana Detail Tata Ruang Kecamatan Anggana,LPSE KABUPATEN KUTAI KARTANEGARA,PT. BINTANG INTI REKATAMA,Tidak Lulus Pembuktian Kualifikasi,,0,
4637198,Rencana Detail Tata Ruang Kecamatan Anggana,LPSE KABUPATEN KUTAI KARTANEGARA,CV. KALIMANTAN INFOTAMA,Tidak Lulus Pembuktian Kualifikasi,,0,
4637198,Rencana Detail Tata Ruang Kecamatan Anggana,LPSE KABUPATEN KUTAI KARTANEGARA,PT. Reka Desindo Mandiri,Tidak hadir Pembuktian Kualifikasi,,0,
4637198,Rencana Detail Tata Ruang Kecamatan Anggana,LPSE KABUPATEN KUTAI KARTANEGARA,PT. Visitama Daya Solusi,Tidak hadir Pembuktian Kualifikasi,,0,
4637198,Rencana Detail Tata Ruang Kecamatan Anggana,LPSE KABUPATEN KUTAI KARTANEGARA,CV. FASADE UTAMA,Lulus Tidak Diundang Daftar Pendek,,0,
4637198,Rencana Detail Tata Ruang Kecamatan Anggana,LPSE KABUPATEN KUTAI KARTANEGARA,PT. INTIMULYA MULTIKENCANA,Tidak Lulus Pembuktian Kualifikasi,,0,
4637198,Rencana Detail Tata Ruang Kecamatan Anggana,LPSE KABUPATEN KUTAI KARTANEGARA,PT. SAE CITRA ENDAH,"Lulus, Tidak Diundang Daftar Pendek",,0,
4637198,Rencana Detail Tata Ruang Kecamatan Anggana,LPSE KABUPATEN KUTAI KARTANEGARA,PT. BINA SARANA EKATAMA,Lulus Tidak Diundang Daftar Pendek,,0,
4637198,Rencana Detail Tata Ruang Kecamatan Anggana,LPSE KABUPATEN KUTAI KARTANEGARA,PT. ADHICIPTA ENGINEERING CONSULTANT,Tidak Lulus Pembuktian Kualifikasi,,0,
4637198,Rencana Detail Tata Ruang Kecamatan Anggana,LPSE KABUPATEN KUTAI KARTANEGARA,PT. Belaputera Interplan,Tidak Hadir Pembuktian Kualifikasi,,0,
4637198,Rencana Detail Tata Ruang Kecamatan Anggana,LPSE KABUPATEN KUTAI KARTANEGARA,PT. DAYA CIPTA DIANRANCANA,Tidak memasukan penawaran teknis dan biayaLulus Diundang Daftar Pendek,,0,
4637198,Rencana Detail Tata Ruang Kecamatan Anggana,LPSE KABUPATEN KUTAI KARTANEGARA,PT. Guyub Sarana Makmur,Tidak Hadir Pembuktian Kualifikasi,,0,
4637198,Rencana Detail Tata Ruang Kecamatan Anggana,LPSE KABUPATEN KUTAI KARTANEGARA,PT.SHIDDIQ SARANA MULYA,Tidak hadir Pembuktian Kualifikasi,,0,
4637198,Rencana Detail Tata Ruang Kecamatan Anggana,LPSE KABUPATEN KUTAI KARTANEGARA,PT. Mitrakawasa Konsulindo,Lulus Tidak Diundang Daftar Pendek,,0,
4637198,Rencana Detail Tata Ruang Kecamatan Anggana,LPSE KABUPATEN KUTAI KARTANEGARA,PT. SATRIA CREASINDO PRIMA,Tidak hadir Pembuktian Kualifikasi,,0,
4637198,Rencana Detail Tata Ruang Kecamatan Anggana,LPSE KABUPATEN KUTAI KARTANEGARA,PT. KONSALTA KUATORIAL,Tidak Lulus Pembuktian Kualifikasi,,0,
4637198,Rencana Detail Tata Ruang Kecamatan Anggana,LPSE KABUPATEN KUTAI KARTANEGARA,cv.ar-rozaq,Tidak Menghadiri Pembuktian,,0,
4637198,Rencana Detail Tata Ruang Kecamatan Anggana,LPSE KABUPATEN KUTAI KARTANEGARA,PT. Multicipta Rancana Selaras,Tidak Menghadiri Pembuktian,,0,
4637198,Rencana Detail Tata Ruang Kecamatan Anggana,LPSE KABUPATEN KUTAI KARTANEGARA,PT. MIRANTHI KONSULTAN PERMAI,Tidak Menghadiri Pembuktian,,0,
4637198,Rencana Detail Tata Ruang Kecamatan Anggana,LPSE KABUPATEN KUTAI KARTANEGARA,CV. INDO GLOBAL PRATAMA,Tidak Menghadiri Pembuktian,,0,
4637198,Rencana Detail Tata Ruang Kecamatan Anggana,LPSE KABUPATEN KUTAI KARTANEGARA,PT. MASSUKA PRATAMA,Tidak Menghadiri Pembuktian,,0,
4637198,Rencana Detail Tata Ruang Kecamatan Anggana,LPSE KABUPATEN KUTAI KARTANEGARA,PT. CITRA GAMA SAKTI,Tidak Menghadiri Pembuktian,,0,
4637198,Rencana Detail Tata Ruang Kecamatan Anggana,LPSE KABUPATEN KUTAI KARTANEGARA,PT. DELIMA LAKSANA TATA,Tidak Menghadiri Pembuktian,,0,
4637198,Rencana Detail Tata Ruang Kecamatan Anggana,LPSE KABUPATEN KUTAI KARTANEGARA,CV. AIKA,Tidak Menghadiri Pembuktian,,0,
4637198,Rencana Detail Tata Ruang Kecamatan Anggana,LPSE KABUPATEN KUTAI KARTANEGARA,CV. Cipta Persada Nusantara,Tidak Menghadiri Pembuktian,,0,
4637198,Rencana Detail Tata Ruang Kecamatan Anggana,LPSE KABUPATEN KUTAI KARTANEGARA,PT. Narayana Adicipta,Tidak Menghadiri Pembuktian,,0,
4637198,Rencana Detail Tata Ruang Kecamatan Anggana,LPSE KABUPATEN KUTAI KARTANEGARA,PT. Teraga Olahrakayasa,Tidak Menghadiri Pembuktian,,0,
4637198,Rencana Detail Tata Ruang Kecamatan Anggana,LPSE KABUPATEN KUTAI KARTANEGARA,PT. SABILA TRANCANA CIPTA,Tidak Menghadiri Pembuktian,,0,
4637198,Rencana Detail Tata Ruang Kecamatan Anggana,LPSE KABUPATEN KUTAI KARTANEGARA,PT. Grhayasa Nusacitra Estima,Tidak Menghadiri Pembuktian,,0,
4637198,Rencana Detail Tata Ruang Kecamatan Anggana,LPSE KABUPATEN KUTAI KARTANEGARA,PT. MANDALA PRIMA KONSULTAN,Tidak Menghadiri Pembuktian,,0,
4637198,Rencana Detail Tata Ruang Kecamatan Anggana,LPSE KABUPATEN KUTAI KARTANEGARA,CV. MARUDDANI CONSULTANT,Tidak Menghadiri Pembuktian,,0,
4637198,Rencana Detail Tata Ruang Kecamatan Anggana,LPSE KABUPATEN KUTAI KARTANEGARA,PT. ZONASI KONSULTAN,Tidak Menghadiri Pembuktian,,0,
4637198,Rencana Detail Tata Ruang Kecamatan Anggana,LPSE KABUPATEN KUTAI KARTANEGARA,PT. Indocitra Intiperkasa,Tidak Menghadiri Pembuktian,,0,
4637198,Rencana Detail Tata Ruang Kecamatan Anggana,LPSE KABUPATEN KUTAI KARTANEGARA,PT. BENNATIN SURYA CIPTA,Tidak Menghadiri Pembuktian,,0,
4637198,Rencana Detail Tata Ruang Kecamatan Anggana,LPSE KABUPATEN KUTAI KARTANEGARA,PT.Angelia Oerip Mandiri,Tidak Menghadiri Pembuktian,,0,
4637198,Rencana Detail Tata Ruang Kecamatan Anggana,LPSE KABUPATEN KUTAI KARTANEGARA,PT. BENNANTA JASINDO,Tidak Menghadiri Pembuktian,,0,
4637198,Rencana Detail Tata Ruang Kecamatan Anggana,LPSE KABUPATEN KUTAI KARTANEGARA,PT. ALOCITA MANDIRI,Tidak Menghadiri Pembuktian,,0,
4637198,Rencana Detail Tata Ruang Kecamatan Anggana,LPSE KABUPATEN KUTAI KARTANEGARA,PT. WINAGUNA SARANA TEKNIK,Tidak Menghadiri Pembuktian,,0,
4637198,Rencana Detail Tata Ruang Kecamatan Anggana,LPSE KABUPATEN KUTAI KARTANEGARA,PT. DWI ELTIS KONSULTAN,Tidak Menghadiri Pembuktian,,0,
4637198,Rencana Detail Tata Ruang Kecamatan Anggana,LPSE KABUPATEN KUTAI KARTANEGARA,PT. JASAKONS PUTRA UTAMA,Tidak Menghadiri Pembuktian,,0,
4637198,Rencana Detail Tata Ruang Kecamatan Anggana,LPSE KABUPATEN KUTAI KARTANEGARA,PT. SECON DWITUNGGAL PUTRA,Tidak Menghadiri Pembuktian,,0,
4637198,Rencana Detail Tata Ruang Kecamatan Anggana,LPSE KABUPATEN KUTAI KARTANEGARA,PT. METAFORMA CONSULTANS,Tidak Menghadiri Pembuktian,,0,
4637198,Rencana Detail Tata Ruang Kecamatan Anggana,LPSE KABUPATEN KUTAI KARTANEGARA,PT. GEO PLANO KONSULTAN,Tidak Menghadiri Pembuktian,,0,
4637198,Rencana Detail Tata Ruang Kecamatan Anggana,LPSE KABUPATEN KUTAI KARTANEGARA,PT. Gumilang Sajati,Tidak Menghadiri Pembuktian,,0,
4637198,Rencana Detail Tata Ruang Kecamatan Anggana,LPSE KABUPATEN KUTAI KARTANEGARA,PT. ECOPLAN REKABUMI INTERCONSULT,Tidak Menghadiri Pembuktian,,0,
4637198,Rencana Detail Tata Ruang Kecamatan Anggana,LPSE KABUPATEN KUTAI KARTANEGARA,CV. ARTHAKINDO,Tidak Menghadiri Pembuktian,,0,
4637198,Rencana Detail Tata Ruang Kecamatan Anggana,LPSE KABUPATEN KUTAI KARTANEGARA,PT. ESA PRATAMA CIPTA SELEBES,Tidak Menghadiri Pembuktian,,0,
4637198,Rencana Detail Tata Ruang Kecamatan Anggana,LPSE KABUPATEN KUTAI KARTANEGARA,PT. ASA DESAIN,Tidak Menghadiri Pembuktian,,0,
4637198,Rencana Detail Tata Ruang Kecamatan Anggana,LPSE KABUPATEN KUTAI KARTANEGARA,PT. BLANTIKA MULTI ENGINEER,Tidak Menghadiri Pembuktian,,0,
4558198,Manajemen Konstruksi Lanjutan Pembangunan Pasar Anggana,LPSE KABUPATEN KUTAI KARTANEGARA,PT. BENNATIN SURYA CIPTA,Pemenang,,166100000,
4558198,Manajemen Konstruksi Lanjutan Pembangunan Pasar Anggana,LPSE KABUPATEN KUTAI KARTANEGARA,PT. SIGMA EKSPRESI,Bukan Pemenang,,182600000,
4558198,Manajemen Konstruksi Lanjutan Pembangunan Pasar Anggana,LPSE KABUPATEN KUTAI KARTANEGARA,PT.Angelia Oerip Mandiri,Bukan Pemenang,,183700000,
4558198,Manajemen Konstruksi Lanjutan Pembangunan Pasar Anggana,LPSE KABUPATEN KUTAI KARTANEGARA,PT. DWI ELTIS KONSULTAN,tidak masuk shortlist sehingga tidak diundang pembuktian kualifikasi,,0,
4558198,Manajemen Konstruksi Lanjutan Pembangunan Pasar Anggana,LPSE KABUPATEN KUTAI KARTANEGARA,PT. SECON DWITUNGGAL PUTRA,tidak masuk shortlist sehingga tidak diundang pembuktian kualifikasi,,0,
4558198,Manajemen Konstruksi Lanjutan Pembangunan Pasar Anggana,LPSE KABUPATEN KUTAI KARTANEGARA,PT. Arenco Binatama,tidak masuk shortlist sehingga tidak diundang pembuktian kualifikasi,,0,
4558198,Manajemen Konstruksi Lanjutan Pembangunan Pasar Anggana,LPSE KABUPATEN KUTAI KARTANEGARA,PT. BENNANTA JASINDO,tidak masuk shortlist sehingga tidak diundang pembuktian kualifikasi,,0,
4558198,Manajemen Konstruksi Lanjutan Pembangunan Pasar Anggana,LPSE KABUPATEN KUTAI KARTANEGARA,CV.KEMIRI GADING,Tidak Menghadiri Pembuktian,,0,
4558198,Manajemen Konstruksi Lanjutan Pembangunan Pasar Anggana,LPSE KABUPATEN KUTAI KARTANEGARA,PT. ANDRA CIPTA CONSULT,Tidak Menghadiri Pembuktian,,0,
4558198,Manajemen Konstruksi Lanjutan Pembangunan Pasar Anggana,LPSE KABUPATEN KUTAI KARTANEGARA,PT. Multicipta Rancana Selaras,Tidak Menghadiri Pembuktian,,0,
4558198,Manajemen Konstruksi Lanjutan Pembangunan Pasar Anggana,LPSE KABUPATEN KUTAI KARTANEGARA,PT. Purnatama Kindoteknik,Tidak Menghadiri Pembuktian,,0,
4558198,Manajemen Konstruksi Lanjutan Pembangunan Pasar Anggana,LPSE KABUPATEN KUTAI KARTANEGARA,PT. BRAMUDA SINERGY,Tidak Menghadiri Pembuktian,,0,
4558198,Manajemen Konstruksi Lanjutan Pembangunan Pasar Anggana,LPSE KABUPATEN KUTAI KARTANEGARA,PT.CINERE AGUNG MANDIRI,Tidak Menghadiri Pembuktian,,0,
4558198,Manajemen Konstruksi Lanjutan Pembangunan Pasar Anggana,LPSE KABUPATEN KUTAI KARTANEGARA,CV. TERA ARSI KONSULTAN,Tidak Menghadiri Pembuktian,,0,
4572198,Perencanaan Pembangunan Sarana dan Prasarana Pemerintahan ( Pembangunan Kantor Camat Terpadu Kecamatan Marang Kayu ),LPSE KABUPATEN KUTAI KARTANEGARA,PT.CIDIACH KARYA NUSANTARA,Pemenang,,118250000,
4572198,Perencanaan Pembangunan Sarana dan Prasarana Pemerintahan ( Pembangunan Kantor Camat Terpadu Kecamatan Marang Kayu ),LPSE KABUPATEN KUTAI KARTANEGARA,PT. ARISTA GEMILANG KONSULINDO,Tidak Diundang/Tidak Menghadiri Pembuktian Kualifikasi,,0,
4572198,Perencanaan Pembangunan Sarana dan Prasarana Pemerintahan ( Pembangunan Kantor Camat Terpadu Kecamatan Marang Kayu ),LPSE KABUPATEN KUTAI KARTANEGARA,CV.Trikarya Utama,Tidak Diundang/Tidak Masuk Daftar Pendek,,0,
4572198,Perencanaan Pembangunan Sarana dan Prasarana Pemerintahan ( Pembangunan Kantor Camat Terpadu Kecamatan Marang Kayu ),LPSE KABUPATEN KUTAI KARTANEGARA,CV. SIKLUS TEKNIK KONSULTAN,Tidak Diundang/Tidak Masuk Daftar Pendek,,0,
4572198,Perencanaan Pembangunan Sarana dan Prasarana Pemerintahan ( Pembangunan Kantor Camat Terpadu Kecamatan Marang Kayu ),LPSE KABUPATEN KUTAI KARTANEGARA,PT. BLANTIKA MULTI ENGINEER,Tidak Diundang/Tidak Menghadiri Pembuktian Kualifikasi,,0,
4572198,Perencanaan Pembangunan Sarana dan Prasarana Pemerintahan ( Pembangunan Kantor Camat Terpadu Kecamatan Marang Kayu ),LPSE KABUPATEN KUTAI KARTANEGARA,PT. TEKNIKAL GLOBAL KONSULTAN,Tidak Diundang/Tidak Masuk Daftar Pendek,,0,
4572198,Perencanaan Pembangunan Sarana dan Prasarana Pemerintahan ( Pembangunan Kantor Camat Terpadu Kecamatan Marang Kayu ),LPSE KABUPATEN KUTAI KARTANEGARA,CV. VISTAPLAN'79 CONSULTANT,Bukan Pemenang,,0,
4572198,Perencanaan Pembangunan Sarana dan Prasarana Pemerintahan ( Pembangunan Kantor Camat Terpadu Kecamatan Marang Kayu ),LPSE KABUPATEN KUTAI KARTANEGARA,CV. MATRIX CONSULTANT,Bukan Pemenang,,0,
4572198,Perencanaan Pembangunan Sarana dan Prasarana Pemerintahan ( Pembangunan Kantor Camat Terpadu Kecamatan Marang Kayu ),LPSE KABUPATEN KUTAI KARTANEGARA,PT Karya Kompas Konsultan,Tidak Menghadiri Pembuktian,,0,
4572198,Perencanaan Pembangunan Sarana dan Prasarana Pemerintahan ( Pembangunan Kantor Camat Terpadu Kecamatan Marang Kayu ),LPSE KABUPATEN KUTAI KARTANEGARA,CV. PRABUANA ENGINEER CONSULTANT,Tidak Menghadiri Pembuktian,,0,
4572198,Perencanaan Pembangunan Sarana dan Prasarana Pemerintahan ( Pembangunan Kantor Camat Terpadu Kecamatan Marang Kayu ),LPSE KABUPATEN KUTAI KARTANEGARA,CV. Cremona Teknik Consultant,Tidak Menghadiri Pembuktian,,0,
4572198,Perencanaan Pembangunan Sarana dan Prasarana Pemerintahan ( Pembangunan Kantor Camat Terpadu Kecamatan Marang Kayu ),LPSE KABUPATEN KUTAI KARTANEGARA,CV. MATRA DESAIN,Tidak Menghadiri Pembuktian,,0,
4572198,Perencanaan Pembangunan Sarana dan Prasarana Pemerintahan ( Pembangunan Kantor Camat Terpadu Kecamatan Marang Kayu ),LPSE KABUPATEN KUTAI KARTANEGARA,CV. MUTIARA KARYA CONSULTANT,Tidak Menghadiri Pembuktian,,0,
4572198,Perencanaan Pembangunan Sarana dan Prasarana Pemerintahan ( Pembangunan Kantor Camat Terpadu Kecamatan Marang Kayu ),LPSE KABUPATEN KUTAI KARTANEGARA,CV.KEMIRI GADING,Tidak Menghadiri Pembuktian,,0,
4572198,Perencanaan Pembangunan Sarana dan Prasarana Pemerintahan ( Pembangunan Kantor Camat Terpadu Kecamatan Marang Kayu ),LPSE KABUPATEN KUTAI KARTANEGARA,PT. BRAMUDA SINERGY,Tidak Menghadiri Pembuktian,,0,
4572198,Perencanaan Pembangunan Sarana dan Prasarana Pemerintahan ( Pembangunan Kantor Camat Terpadu Kecamatan Marang Kayu ),LPSE KABUPATEN KUTAI KARTANEGARA,cv. datum,Tidak Menghadiri Pembuktian,,0,
4572198,Perencanaan Pembangunan Sarana dan Prasarana Pemerintahan ( Pembangunan Kantor Camat Terpadu Kecamatan Marang Kayu ),LPSE KABUPATEN KUTAI KARTANEGARA,PT. Genta Prima Pertiwi,Tidak Menghadiri Pembuktian,,0,
4537198,Perencanaan Pengadaan Ponton Dermaga Kembang Janggut Seleksi Ulang,LPSE KABUPATEN KUTAI KARTANEGARA,PT. HEGAR DAYA,Pemenang,,121165000,
4537198,Perencanaan Pengadaan Ponton Dermaga Kembang Janggut Seleksi Ulang,LPSE KABUPATEN KUTAI KARTANEGARA,PT. Inasa Sakha Kirana,Bukan Pemenang,,122265000,
4537198,Perencanaan Pengadaan Ponton Dermaga Kembang Janggut Seleksi Ulang,LPSE KABUPATEN KUTAI KARTANEGARA,PT. Munasa Kreasi Nusantara,SBU Sudah habis masa berlakunya,,0,
4537198,Perencanaan Pengadaan Ponton Dermaga Kembang Janggut Seleksi Ulang,LPSE KABUPATEN KUTAI KARTANEGARA,CV. EXECUTIVE 04 CONSULTANT,Tidak melampirkan Pajak Bulanan selama 3 (tiga) bulan terakhir,,0,
4537198,Perencanaan Pengadaan Ponton Dermaga Kembang Janggut Seleksi Ulang,LPSE KABUPATEN KUTAI KARTANEGARA,CV.INSAN MUDA DESIGN,Tidak Menghadiri Pembuktian,,0,
4537198,Perencanaan Pengadaan Ponton Dermaga Kembang Janggut Seleksi Ulang,LPSE KABUPATEN KUTAI KARTANEGARA,PT.TEMA KARYA MANDIRI,Tidak Menghadiri Pembuktian,,0,
4537198,Perencanaan Pengadaan Ponton Dermaga Kembang Janggut Seleksi Ulang,LPSE KABUPATEN KUTAI KARTANEGARA,PHILIA MANDALA.CV,Tidak Menghadiri Pembuktian,,0,
4537198,Perencanaan Pengadaan Ponton Dermaga Kembang Janggut Seleksi Ulang,LPSE KABUPATEN KUTAI KARTANEGARA,KUMALA SARI INDAH,Tidak Menghadiri Pembuktian,,0,
4537198,Perencanaan Pengadaan Ponton Dermaga Kembang Janggut Seleksi Ulang,LPSE KABUPATEN KUTAI KARTANEGARA,CV. SURYA SABARAJA,Tidak Menghadiri Pembuktian,,0,
4537198,Perencanaan Pengadaan Ponton Dermaga Kembang Janggut Seleksi Ulang,LPSE KABUPATEN KUTAI KARTANEGARA,cv. bola mandiri,Tidak Menghadiri Pembuktian,,0,
4537198,Perencanaan Pengadaan Ponton Dermaga Kembang Janggut Seleksi Ulang,LPSE KABUPATEN KUTAI KARTANEGARA,CV. EMWE BERSAUDARA,Tidak Menghadiri Pembuktian,,0,
4537198,Perencanaan Pengadaan Ponton Dermaga Kembang Janggut Seleksi Ulang,LPSE KABUPATEN KUTAI KARTANEGARA,CV. AULIA UTAMA,Tidak Menghadiri Pembuktian,,0,
5337198,PENGAWASAN PENGADAAN PONTON DERMAGA KEMBANG JANGGUT Seleksi Ulang,LPSE KABUPATEN KUTAI KARTANEGARA,CV. EXECUTIVE 04 CONSULTANT,Pemenang,"76,71",83242000,
5337198,PENGAWASAN PENGADAAN PONTON DERMAGA KEMBANG JANGGUT Seleksi Ulang,LPSE KABUPATEN KUTAI KARTANEGARA,CV. JEVA UTAMA KONSULINDO,Bukan Pemenang,"71,07",83930000,
5337198,PENGAWASAN PENGADAAN PONTON DERMAGA KEMBANG JANGGUT Seleksi Ulang,LPSE KABUPATEN KUTAI KARTANEGARA,PT. ARISTA GEMILANG KONSULINDO,SBU tidak sesuai dengan yang dipersyaratkan pada LDK dokumen pra kualifikasi,,0,
5337198,PENGAWASAN PENGADAAN PONTON DERMAGA KEMBANG JANGGUT Seleksi Ulang,LPSE KABUPATEN KUTAI KARTANEGARA,cv. mutiara annazil,Tidak hadir pembuktian kualifikasi,,0,
5337198,PENGAWASAN PENGADAAN PONTON DERMAGA KEMBANG JANGGUT Seleksi Ulang,LPSE KABUPATEN KUTAI KARTANEGARA,CV. PATOYA INDAH,Tidak hadir pembuktian kualifikasi,,0,
5337198,PENGAWASAN PENGADAAN PONTON DERMAGA KEMBANG JANGGUT Seleksi Ulang,LPSE KABUPATEN KUTAI KARTANEGARA,PT. WIDYA AIKA BERKARYA,Tidak hadir pembuktian kualifikasi,,0,
5337198,PENGAWASAN PENGADAAN PONTON DERMAGA KEMBANG JANGGUT Seleksi Ulang,LPSE KABUPATEN KUTAI KARTANEGARA,PT. TEKNIKAL GLOBAL KONSULTAN,Bukan Pemenang,,81878000,
5337198,PENGAWASAN PENGADAAN PONTON DERMAGA KEMBANG JANGGUT Seleksi Ulang,LPSE KABUPATEN KUTAI KARTANEGARA,CV. MATAHARI KONSULINDO,Tidak hadir pembuktian kualifikasi,,0,
5337198,PENGAWASAN PENGADAAN PONTON DERMAGA KEMBANG JANGGUT Seleksi Ulang,LPSE KABUPATEN KUTAI KARTANEGARA,CV. KALTICONS DESAIN,SBU tidak sesuai dengan yang dipersyaratkan pada LDK dokumen pra kualifikasi,,0,
5337198,PENGAWASAN PENGADAAN PONTON DERMAGA KEMBANG JANGGUT Seleksi Ulang,LPSE KABUPATEN KUTAI KARTANEGARA,TEKNIKA KARYA KONSULTAN,Tidak Memasukan Dokumen Penawaran,,0,
5337198,PENGAWASAN PENGADAAN PONTON DERMAGA KEMBANG JANGGUT Seleksi Ulang,LPSE KABUPATEN KUTAI KARTANEGARA,CV. HERDA RIPTA LOKA,Tidak Menghadiri Pembuktian,,0,
5337198,PENGAWASAN PENGADAAN PONTON DERMAGA KEMBANG JANGGUT Seleksi Ulang,LPSE KABUPATEN KUTAI KARTANEGARA,CV.ANNAASIPA,Tidak Menghadiri Pembuktian,,0,
5337198,PENGAWASAN PENGADAAN PONTON DERMAGA KEMBANG JANGGUT Seleksi Ulang,LPSE KABUPATEN KUTAI KARTANEGARA,CV. AULIA UTAMA,Tidak Menghadiri Pembuktian,,0,
5337198,PENGAWASAN PENGADAAN PONTON DERMAGA KEMBANG JANGGUT Seleksi Ulang,LPSE KABUPATEN KUTAI KARTANEGARA,Maju Bersama Bangsa,Tidak Menghadiri Pembuktian,,0,
5337198,PENGAWASAN PENGADAAN PONTON DERMAGA KEMBANG JANGGUT Seleksi Ulang,LPSE KABUPATEN KUTAI KARTANEGARA,CV. Sawi Mahakam Consultant,Tidak Menghadiri Pembuktian,,0,
5344198,Belanja Jasa Konsultan Pengawsan Pemeliharaan Gedung/Bangunan Kompleks Stadion Aji Imbut Tenggarong Seberang,LPSE KABUPATEN KUTAI KARTANEGARA,TEKNIKA KARYA KONSULTAN,Pemenang,"87,6",112090000,
5344198,Belanja Jasa Konsultan Pengawsan Pemeliharaan Gedung/Bangunan Kompleks Stadion Aji Imbut Tenggarong Seberang,LPSE KABUPATEN KUTAI KARTANEGARA,CV. MATRIX CONSULTANT,Bukan Pemenang,"75,8",112580000,
5344198,Belanja Jasa Konsultan Pengawsan Pemeliharaan Gedung/Bangunan Kompleks Stadion Aji Imbut Tenggarong Seberang,LPSE KABUPATEN KUTAI KARTANEGARA,PT. TEKNIKAL GLOBAL KONSULTAN,Tidak lulus evaluasi administrasi prakualifikasi,,0,
5344198,Belanja Jasa Konsultan Pengawsan Pemeliharaan Gedung/Bangunan Kompleks Stadion Aji Imbut Tenggarong Seberang,LPSE KABUPATEN KUTAI KARTANEGARA,CV. JEVA UTAMA KONSULINDO,Tidak lulus evaluasi administrasi prakualifikasi,,0,
5344198,Belanja Jasa Konsultan Pengawsan Pemeliharaan Gedung/Bangunan Kompleks Stadion Aji Imbut Tenggarong Seberang,LPSE KABUPATEN KUTAI KARTANEGARA,PT.CIDIACH KARYA NUSANTARA,Tidak lulus evaluasi administrasi prakualifikasi,,0,
5344198,Belanja Jasa Konsultan Pengawsan Pemeliharaan Gedung/Bangunan Kompleks Stadion Aji Imbut Tenggarong Seberang,LPSE KABUPATEN KUTAI KARTANEGARA,CV. VISTAPLAN'79 CONSULTANT,Bukan Pemenang,"63,1",112640000,
5344198,Belanja Jasa Konsultan Pengawsan Pemeliharaan Gedung/Bangunan Kompleks Stadion Aji Imbut Tenggarong Seberang,LPSE KABUPATEN KUTAI KARTANEGARA,Sarang Teknik Consultant,Tidak lulus evaluasi administrasi prakualifikasi,,0,
5344198,Belanja Jasa Konsultan Pengawsan Pemeliharaan Gedung/Bangunan Kompleks Stadion Aji Imbut Tenggarong Seberang,LPSE KABUPATEN KUTAI KARTANEGARA,PT. LAMIN CIPTA,Tidak lulus evaluasi administrasi prakualifikasi,,0,
5344198,Belanja Jasa Konsultan Pengawsan Pemeliharaan Gedung/Bangunan Kompleks Stadion Aji Imbut Tenggarong Seberang,LPSE KABUPATEN KUTAI KARTANEGARA,PT. ARCHEAS,Tidak menghadiri pembuktian kualifikasi,,0,
5344198,Belanja Jasa Konsultan Pengawsan Pemeliharaan Gedung/Bangunan Kompleks Stadion Aji Imbut Tenggarong Seberang,LPSE KABUPATEN KUTAI KARTANEGARA,CV. WAHANA BHAKTI CONSULTANT,Tidak menghadiri pembuktian kualifikasi,,0,
5344198,Belanja Jasa Konsultan Pengawsan Pemeliharaan Gedung/Bangunan Kompleks Stadion Aji Imbut Tenggarong Seberang,LPSE KABUPATEN KUTAI KARTANEGARA,PT. WINAGUNA SARANA TEKNIK,Tidak menghadiri pembuktian kualifikasi,,0,
5344198,Belanja Jasa Konsultan Pengawsan Pemeliharaan Gedung/Bangunan Kompleks Stadion Aji Imbut Tenggarong Seberang,LPSE KABUPATEN KUTAI KARTANEGARA,PT. Arenco Binatama,Tidak Menghadiri Pembuktian,,0,
5344198,Belanja Jasa Konsultan Pengawsan Pemeliharaan Gedung/Bangunan Kompleks Stadion Aji Imbut Tenggarong Seberang,LPSE KABUPATEN KUTAI KARTANEGARA,CV. HERDA RIPTA LOKA,Tidak Menghadiri Pembuktian,,0,
5344198,Belanja Jasa Konsultan Pengawsan Pemeliharaan Gedung/Bangunan Kompleks Stadion Aji Imbut Tenggarong Seberang,LPSE KABUPATEN KUTAI KARTANEGARA,CV. Sawi Mahakam Consultant,Tidak Menghadiri Pembuktian,,0,
5344198,Belanja Jasa Konsultan Pengawsan Pemeliharaan Gedung/Bangunan Kompleks Stadion Aji Imbut Tenggarong Seberang,LPSE KABUPATEN KUTAI KARTANEGARA,cv.karya lisendo,Tidak Menghadiri Pembuktian,,0,
5344198,Belanja Jasa Konsultan Pengawsan Pemeliharaan Gedung/Bangunan Kompleks Stadion Aji Imbut Tenggarong Seberang,LPSE KABUPATEN KUTAI KARTANEGARA,CV.DIAN CAHAYA,Tidak Menghadiri Pembuktian,,0,
5344198,Belanja Jasa Konsultan Pengawsan Pemeliharaan Gedung/Bangunan Kompleks Stadion Aji Imbut Tenggarong Seberang,LPSE KABUPATEN KUTAI KARTANEGARA,Maju Bersama Bangsa,Tidak Menghadiri Pembuktian,,0,
5344198,Belanja Jasa Konsultan Pengawsan Pemeliharaan Gedung/Bangunan Kompleks Stadion Aji Imbut Tenggarong Seberang,LPSE KABUPATEN KUTAI KARTANEGARA,CV. SHEVIA,Tidak Menghadiri Pembuktian,,0,
5344198,Belanja Jasa Konsultan Pengawsan Pemeliharaan Gedung/Bangunan Kompleks Stadion Aji Imbut Tenggarong Seberang,LPSE KABUPATEN KUTAI KARTANEGARA,cv.ar-rozaq,Tidak Menghadiri Pembuktian,,0,
5344198,Belanja Jasa Konsultan Pengawsan Pemeliharaan Gedung/Bangunan Kompleks Stadion Aji Imbut Tenggarong Seberang,LPSE KABUPATEN KUTAI KARTANEGARA,PT. BLANTIKA MULTI ENGINEER,Tidak Menghadiri Pembuktian,,0,
5344198,Belanja Jasa Konsultan Pengawsan Pemeliharaan Gedung/Bangunan Kompleks Stadion Aji Imbut Tenggarong Seberang,LPSE KABUPATEN KUTAI KARTANEGARA,PT. ARISTA GEMILANG KONSULINDO,Tidak Menghadiri Pembuktian,,0,
5344198,Belanja Jasa Konsultan Pengawsan Pemeliharaan Gedung/Bangunan Kompleks Stadion Aji Imbut Tenggarong Seberang,LPSE KABUPATEN KUTAI KARTANEGARA,Takaq pratama,Tidak Menghadiri Pembuktian,,0,
5344198,Belanja Jasa Konsultan Pengawsan Pemeliharaan Gedung/Bangunan Kompleks Stadion Aji Imbut Tenggarong Seberang,LPSE KABUPATEN KUTAI KARTANEGARA,CV. HASTA KARYA CONSULTANT,Tidak Menghadiri Pembuktian,,0,
5267198,Pengawasan Pembangunan Gedung Lanjong (Bankeu 2014 ),LPSE KABUPATEN KUTAI KARTANEGARA,CV. Raniatama Consultant,Pemenang,"78,45",131690000,
5267198,Pengawasan Pembangunan Gedung Lanjong (Bankeu 2014 ),LPSE KABUPATEN KUTAI KARTANEGARA,CV. MATRIX CONSULTANT,Bukan Pemenang,"70,95",132220000,
5267198,Pengawasan Pembangunan Gedung Lanjong (Bankeu 2014 ),LPSE KABUPATEN KUTAI KARTANEGARA,CV. ANINDITA,tidak mencantumkan pajak bulan juli pada data kualifikasi,,0,
5267198,Pengawasan Pembangunan Gedung Lanjong (Bankeu 2014 ),LPSE KABUPATEN KUTAI KARTANEGARA,PT. ARISTA GEMILANG KONSULINDO,tidak mencantumkan pajak bulan juli pada data kualifikasi,,0,
5267198,Pengawasan Pembangunan Gedung Lanjong (Bankeu 2014 ),LPSE KABUPATEN KUTAI KARTANEGARA,PT.CIDIACH KARYA NUSANTARA,Bukan Pemenang,"57,45",132550000,
5267198,Pengawasan Pembangunan Gedung Lanjong (Bankeu 2014 ),LPSE KABUPATEN KUTAI KARTANEGARA,CV. VISTAPLAN'79 CONSULTANT,Bukan Pemenang,"51,44",132242000,
5267198,Pengawasan Pembangunan Gedung Lanjong (Bankeu 2014 ),LPSE KABUPATEN KUTAI KARTANEGARA,PT. BLANTIKA MULTI ENGINEER,tidak mencantumkan pajak bulan juli pada data kualifikasi,,0,
5267198,Pengawasan Pembangunan Gedung Lanjong (Bankeu 2014 ),LPSE KABUPATEN KUTAI KARTANEGARA,TEKNIKA KARYA KONSULTAN,tidak mencantumkan pajak bulan juli pada data kualifikasi,,0,
5267198,Pengawasan Pembangunan Gedung Lanjong (Bankeu 2014 ),LPSE KABUPATEN KUTAI KARTANEGARA,PT. TEKNIKAL GLOBAL KONSULTAN,tidak mencantumkan pajak bulan juli pada data kualifikasi,,0,
5267198,Pengawasan Pembangunan Gedung Lanjong (Bankeu 2014 ),LPSE KABUPATEN KUTAI KARTANEGARA,CV. JEVA UTAMA KONSULINDO,Biaya Non Personil dan Non Personil tidak dicantumkan,,0,
5267198,Pengawasan Pembangunan Gedung Lanjong (Bankeu 2014 ),LPSE KABUPATEN KUTAI KARTANEGARA,PT. Super Tehnik Pratama,Tidak Menghadiri Pembuktian,,0,
5267198,Pengawasan Pembangunan Gedung Lanjong (Bankeu 2014 ),LPSE KABUPATEN KUTAI KARTANEGARA,PT. ASA DESAIN,Tidak Menghadiri Pembuktian,,0,
5267198,Pengawasan Pembangunan Gedung Lanjong (Bankeu 2014 ),LPSE KABUPATEN KUTAI KARTANEGARA,CV. Sains Group Consultan,Tidak Menghadiri Pembuktian,,0,
5267198,Pengawasan Pembangunan Gedung Lanjong (Bankeu 2014 ),LPSE KABUPATEN KUTAI KARTANEGARA,CV. CITRA KOTA CONSULT,Tidak Menghadiri Pembuktian,,0,
5267198,Pengawasan Pembangunan Gedung Lanjong (Bankeu 2014 ),LPSE KABUPATEN KUTAI KARTANEGARA,CV. JALA SAKTI,Tidak Menghadiri Pembuktian,,0,
5267198,Pengawasan Pembangunan Gedung Lanjong (Bankeu 2014 ),LPSE KABUPATEN KUTAI KARTANEGARA,CV. ASIPLANT CONSULTANT,Tidak Menghadiri Pembuktian,,0,
5267198,Pengawasan Pembangunan Gedung Lanjong (Bankeu 2014 ),LPSE KABUPATEN KUTAI KARTANEGARA,PT.ASRI ADYATAMA,Tidak Menghadiri Pembuktian,,0,
5267198,Pengawasan Pembangunan Gedung Lanjong (Bankeu 2014 ),LPSE KABUPATEN KUTAI KARTANEGARA,GALLANT,Tidak Menghadiri Pembuktian,,0,
5267198,Pengawasan Pembangunan Gedung Lanjong (Bankeu 2014 ),LPSE KABUPATEN KUTAI KARTANEGARA,CV. Citra Kalimantan,Tidak Menghadiri Pembuktian,,0,
5267198,Pengawasan Pembangunan Gedung Lanjong (Bankeu 2014 ),LPSE KABUPATEN KUTAI KARTANEGARA,"ARDHIA ASRI, CV",Tidak Menghadiri Pembuktian,,0,
5267198,Pengawasan Pembangunan Gedung Lanjong (Bankeu 2014 ),LPSE KABUPATEN KUTAI KARTANEGARA,PT. LAMIN CIPTA,Tidak Menghadiri Pembuktian,,0,
5267198,Pengawasan Pembangunan Gedung Lanjong (Bankeu 2014 ),LPSE KABUPATEN KUTAI KARTANEGARA,PT. ARCHEAS,Tidak Menghadiri Pembuktian,,0,
5267198,Pengawasan Pembangunan Gedung Lanjong (Bankeu 2014 ),LPSE KABUPATEN KUTAI KARTANEGARA,CV. AKASAKA TEKNIKA CONSULTANT,Tidak Menghadiri Pembuktian,,0,
5267198,Pengawasan Pembangunan Gedung Lanjong (Bankeu 2014 ),LPSE KABUPATEN KUTAI KARTANEGARA,Maju Bersama Bangsa,Tidak Menghadiri Pembuktian,,0,
5267198,Pengawasan Pembangunan Gedung Lanjong (Bankeu 2014 ),LPSE KABUPATEN KUTAI KARTANEGARA,CV. Epsilon Consulindo,Tidak Menghadiri Pembuktian,,0,
5267198,Pengawasan Pembangunan Gedung Lanjong (Bankeu 2014 ),LPSE KABUPATEN KUTAI KARTANEGARA,CV. Sawi Mahakam Consultant,Tidak Menghadiri Pembuktian,,0,
5267198,Pengawasan Pembangunan Gedung Lanjong (Bankeu 2014 ),LPSE KABUPATEN KUTAI KARTANEGARA,CV. HERDA RIPTA LOKA,Tidak Menghadiri Pembuktian,,0,
5218198,Pengawasan Teknis Peningkatan Jalan Handil Halima Kel. Salok Api Laut Kec. Samboja,LPSE KABUPATEN KUTAI KARTANEGARA,CV. WAHANA CAHAYA KONSULTAN,Pemenang,"74,81",81840000,
5218198,Pengawasan Teknis Peningkatan Jalan Handil Halima Kel. Salok Api Laut Kec. Samboja,LPSE KABUPATEN KUTAI KARTANEGARA,PT. TEKNIKAL GLOBAL KONSULTAN,Bukan Pemenang,"73,3",81878000,
5218198,Pengawasan Teknis Peningkatan Jalan Handil Halima Kel. Salok Api Laut Kec. Samboja,LPSE KABUPATEN KUTAI KARTANEGARA,JASA PRIBHUNI,Tidak Hadir Pembuktian Kualifikasi,,0,
5218198,Pengawasan Teknis Peningkatan Jalan Handil Halima Kel. Salok Api Laut Kec. Samboja,LPSE KABUPATEN KUTAI KARTANEGARA,CV. JEVA UTAMA KONSULINDO,Tidak Upload Pindai ( scan ) Dokumen Penawaran,,0,
5218198,Pengawasan Teknis Peningkatan Jalan Handil Halima Kel. Salok Api Laut Kec. Samboja,LPSE KABUPATEN KUTAI KARTANEGARA,PT. MEGAPLAN Indoraya Esa,Tidak Hadir Pembuktian Kualifikasi,,0,
5218198,Pengawasan Teknis Peningkatan Jalan Handil Halima Kel. Salok Api Laut Kec. Samboja,LPSE KABUPATEN KUTAI KARTANEGARA,cv. anggana anugerah,Bukan Pemenang,,77682000,
5218198,Pengawasan Teknis Peningkatan Jalan Handil Halima Kel. Salok Api Laut Kec. Samboja,LPSE KABUPATEN KUTAI KARTANEGARA,Maju Bersama Bangsa,Tidak Menghadiri Pembuktian,,0,
5218198,Pengawasan Teknis Peningkatan Jalan Handil Halima Kel. Salok Api Laut Kec. Samboja,LPSE KABUPATEN KUTAI KARTANEGARA,TEKNIKA KARYA KONSULTAN,Tidak Menghadiri Pembuktian,,0,
5218198,Pengawasan Teknis Peningkatan Jalan Handil Halima Kel. Salok Api Laut Kec. Samboja,LPSE KABUPATEN KUTAI KARTANEGARA,CV. ANGKASA RAYA,Tidak Menghadiri Pembuktian,,0,
5218198,Pengawasan Teknis Peningkatan Jalan Handil Halima Kel. Salok Api Laut Kec. Samboja,LPSE KABUPATEN KUTAI KARTANEGARA,CV.Trikarya Utama,Tidak Menghadiri Pembuktian,,0,
5218198,Pengawasan Teknis Peningkatan Jalan Handil Halima Kel. Salok Api Laut Kec. Samboja,LPSE KABUPATEN KUTAI KARTANEGARA,CV.BUKIT PELANGI,Tidak Menghadiri Pembuktian,,0,
5218198,Pengawasan Teknis Peningkatan Jalan Handil Halima Kel. Salok Api Laut Kec. Samboja,LPSE KABUPATEN KUTAI KARTANEGARA,CV. Sawi Mahakam Consultant,Tidak Menghadiri Pembuktian,,0,
5218198,Pengawasan Teknis Peningkatan Jalan Handil Halima Kel. Salok Api Laut Kec. Samboja,LPSE KABUPATEN KUTAI KARTANEGARA,PT ALAYDRUS JAYA ABADI,Tidak Menghadiri Pembuktian,,0,
5218198,Pengawasan Teknis Peningkatan Jalan Handil Halima Kel. Salok Api Laut Kec. Samboja,LPSE KABUPATEN KUTAI KARTANEGARA,CV. ANUGRAH KARYA MANDIRI,Tidak Menghadiri Pembuktian,,0,
5148198,Pengawasan Teknis Peningkatan Jalan Ex. Projakal Desa Jongkang ,LPSE KABUPATEN KUTAI KARTANEGARA,PT. BRAMUDA SINERGY,Bukan Pemenang,"85,9",81125000,
5148198,Pengawasan Teknis Peningkatan Jalan Ex. Projakal Desa Jongkang ,LPSE KABUPATEN KUTAI KARTANEGARA,JASA PRIBHUNI,Pemenang,"86,02",85558000,
5148198,Pengawasan Teknis Peningkatan Jalan Ex. Projakal Desa Jongkang ,LPSE KABUPATEN KUTAI KARTANEGARA,PT. BLANTIKA MULTI ENGINEER,Bukan Pemenang,"67,17",85882000,
5148198,Pengawasan Teknis Peningkatan Jalan Ex. Projakal Desa Jongkang ,LPSE KABUPATEN KUTAI KARTANEGARA,CV. Carabiner Engineering Consultan,Bukan Pemenang,"29,8",85910000,
5148198,Pengawasan Teknis Peningkatan Jalan Ex. Projakal Desa Jongkang ,LPSE KABUPATEN KUTAI KARTANEGARA,CV.Trikarya Utama,Tidak menghadiri pembuktian kualifikasi,,0,
5148198,Pengawasan Teknis Peningkatan Jalan Ex. Projakal Desa Jongkang ,LPSE KABUPATEN KUTAI KARTANEGARA,CV. JEVA UTAMA KONSULINDO,Bukan Pemenang,"34,32",80300000,
5148198,Pengawasan Teknis Peningkatan Jalan Ex. Projakal Desa Jongkang ,LPSE KABUPATEN KUTAI KARTANEGARA,CV. AUREL PRATAMA KARYA KONSULTAN,Tidak Menghadiri Pembuktian,,0,
5148198,Pengawasan Teknis Peningkatan Jalan Ex. Projakal Desa Jongkang ,LPSE KABUPATEN KUTAI KARTANEGARA,CV. Sawi Mahakam Consultant,Tidak Menghadiri Pembuktian,,0,
5148198,Pengawasan Teknis Peningkatan Jalan Ex. Projakal Desa Jongkang ,LPSE KABUPATEN KUTAI KARTANEGARA,cv. anggana anugerah,Tidak Menghadiri Pembuktian,,0,
5148198,Pengawasan Teknis Peningkatan Jalan Ex. Projakal Desa Jongkang ,LPSE KABUPATEN KUTAI KARTANEGARA,CV. Sakti Jaya Consultant,Tidak Menghadiri Pembuktian,,0,
5148198,Pengawasan Teknis Peningkatan Jalan Ex. Projakal Desa Jongkang ,LPSE KABUPATEN KUTAI KARTANEGARA,GALLANT,Tidak Menghadiri Pembuktian,,0,
5148198,Pengawasan Teknis Peningkatan Jalan Ex. Projakal Desa Jongkang ,LPSE KABUPATEN KUTAI KARTANEGARA,Maju Bersama Bangsa,Tidak Menghadiri Pembuktian,,0,
5148198,Pengawasan Teknis Peningkatan Jalan Ex. Projakal Desa Jongkang ,LPSE KABUPATEN KUTAI KARTANEGARA,CV. WAHANA CAHAYA KONSULTAN,Tidak Menghadiri Pembuktian,,0,
5148198,Pengawasan Teknis Peningkatan Jalan Ex. Projakal Desa Jongkang ,LPSE KABUPATEN KUTAI KARTANEGARA,CV. MATAHARI KONSULINDO,Tidak Menghadiri Pembuktian,,0,
5148198,Pengawasan Teknis Peningkatan Jalan Ex. Projakal Desa Jongkang ,LPSE KABUPATEN KUTAI KARTANEGARA,PT. JASINDO KONSULT NEC,Tidak Menghadiri Pembuktian,,0,
5142198,Pengawasan Teknis Peningkatan Irigasi Tambak Desa Sepatin Kec. Anggana Seleksi Ulang,LPSE KABUPATEN KUTAI KARTANEGARA,CV. JEVA UTAMA KONSULINDO,Pemenang,"76,11",112447000,
5142198,Pengawasan Teknis Peningkatan Irigasi Tambak Desa Sepatin Kec. Anggana Seleksi Ulang,LPSE KABUPATEN KUTAI KARTANEGARA,PT. TEKNIKAL GLOBAL KONSULTAN,Bukan Pemenang,"62,17",113080000,
5142198,Pengawasan Teknis Peningkatan Irigasi Tambak Desa Sepatin Kec. Anggana Seleksi Ulang,LPSE KABUPATEN KUTAI KARTANEGARA,PT. MARANNU MARAYA MAINDAN,Bukan Pemenang,"63,23",112942000,
5142198,Pengawasan Teknis Peningkatan Irigasi Tambak Desa Sepatin Kec. Anggana Seleksi Ulang,LPSE KABUPATEN KUTAI KARTANEGARA,TEKNIKA KARYA KONSULTAN,Bukan Pemenang,"61,95",109010000,
5142198,Pengawasan Teknis Peningkatan Irigasi Tambak Desa Sepatin Kec. Anggana Seleksi Ulang,LPSE KABUPATEN KUTAI KARTANEGARA,CV. SHACIO JAYA CONSULT,Tidak hadir pembuktian kualifikasi,,0,
5142198,Pengawasan Teknis Peningkatan Irigasi Tambak Desa Sepatin Kec. Anggana Seleksi Ulang,LPSE KABUPATEN KUTAI KARTANEGARA,cv. anggana anugerah,Tidak Menghadiri Pembuktian,,0,
5142198,Pengawasan Teknis Peningkatan Irigasi Tambak Desa Sepatin Kec. Anggana Seleksi Ulang,LPSE KABUPATEN KUTAI KARTANEGARA,GALLANT,Tidak Menghadiri Pembuktian,,0,
5142198,Pengawasan Teknis Peningkatan Irigasi Tambak Desa Sepatin Kec. Anggana Seleksi Ulang,LPSE KABUPATEN KUTAI KARTANEGARA,CV.BUKIT PELANGI,Tidak Menghadiri Pembuktian,,0,
5142198,Pengawasan Teknis Peningkatan Irigasi Tambak Desa Sepatin Kec. Anggana Seleksi Ulang,LPSE KABUPATEN KUTAI KARTANEGARA,Tirta Prima Pratama,Tidak Menghadiri Pembuktian,,0,
5142198,Pengawasan Teknis Peningkatan Irigasi Tambak Desa Sepatin Kec. Anggana Seleksi Ulang,LPSE KABUPATEN KUTAI KARTANEGARA,Maju Bersama Bangsa,Tidak Menghadiri Pembuktian,,0,
5142198,Pengawasan Teknis Peningkatan Irigasi Tambak Desa Sepatin Kec. Anggana Seleksi Ulang,LPSE KABUPATEN KUTAI KARTANEGARA,CV. Sakti Jaya Consultant,Tidak Menghadiri Pembuktian,,0,
5142198,Pengawasan Teknis Peningkatan Irigasi Tambak Desa Sepatin Kec. Anggana Seleksi Ulang,LPSE KABUPATEN KUTAI KARTANEGARA,CV. AUREL PRATAMA KARYA KONSULTAN,Tidak Menghadiri Pembuktian,,0,
5114198,PENGAWASAN TEKNIS REHABILITASI TOTAL KANTOR DAN RUANG KELAS SMPN 1 LOA KULU,LPSE KABUPATEN KUTAI KARTANEGARA,CV. MATRIX CONSULTANT,Bukan Pemenang,"76,4",73617000,
5114198,PENGAWASAN TEKNIS REHABILITASI TOTAL KANTOR DAN RUANG KELAS SMPN 1 LOA KULU,LPSE KABUPATEN KUTAI KARTANEGARA,CV. MATAHARI KONSULINDO,Pemenang,"83,25",74085000,
5114198,PENGAWASAN TEKNIS REHABILITASI TOTAL KANTOR DAN RUANG KELAS SMPN 1 LOA KULU,LPSE KABUPATEN KUTAI KARTANEGARA,CV. VISTAPLAN'79 CONSULTANT,Bukan Pemenang,"80,06",74250000,
5114198,PENGAWASAN TEKNIS REHABILITASI TOTAL KANTOR DAN RUANG KELAS SMPN 1 LOA KULU,LPSE KABUPATEN KUTAI KARTANEGARA,PT.CIDIACH KARYA NUSANTARA,Tidak bisa menunjukan SKA tenaga ahli Site Engineer (Pembuktian Kualifikasi),,0,
5114198,PENGAWASAN TEKNIS REHABILITASI TOTAL KANTOR DAN RUANG KELAS SMPN 1 LOA KULU,LPSE KABUPATEN KUTAI KARTANEGARA,CV. JEVA UTAMA KONSULINDO,Tidak hadir pembuktian kualifikasi,,0,
5114198,PENGAWASAN TEKNIS REHABILITASI TOTAL KANTOR DAN RUANG KELAS SMPN 1 LOA KULU,LPSE KABUPATEN KUTAI KARTANEGARA,PT. LAMIN CIPTA,Bukan Pemenang,"63,82",74085000,
5114198,PENGAWASAN TEKNIS REHABILITASI TOTAL KANTOR DAN RUANG KELAS SMPN 1 LOA KULU,LPSE KABUPATEN KUTAI KARTANEGARA,PT. ARCHEAS,Bukan Pemenang,,0,
5114198,PENGAWASAN TEKNIS REHABILITASI TOTAL KANTOR DAN RUANG KELAS SMPN 1 LOA KULU,LPSE KABUPATEN KUTAI KARTANEGARA,CV. ANUGRAH KARYA MANDIRI,Tidak Menghadiri Pembuktian,,0,
5114198,PENGAWASAN TEKNIS REHABILITASI TOTAL KANTOR DAN RUANG KELAS SMPN 1 LOA KULU,LPSE KABUPATEN KUTAI KARTANEGARA,CV. WAHANA CAHAYA KONSULTAN,Tidak Menghadiri Pembuktian,,0,
5114198,PENGAWASAN TEKNIS REHABILITASI TOTAL KANTOR DAN RUANG KELAS SMPN 1 LOA KULU,LPSE KABUPATEN KUTAI KARTANEGARA,CV. SIKLUS TEKNIK KONSULTAN,Tidak Menghadiri Pembuktian,,0,
5114198,PENGAWASAN TEKNIS REHABILITASI TOTAL KANTOR DAN RUANG KELAS SMPN 1 LOA KULU,LPSE KABUPATEN KUTAI KARTANEGARA,PT. ARISTA GEMILANG KONSULINDO,Tidak Menghadiri Pembuktian,,0,
5114198,PENGAWASAN TEKNIS REHABILITASI TOTAL KANTOR DAN RUANG KELAS SMPN 1 LOA KULU,LPSE KABUPATEN KUTAI KARTANEGARA,CV. Inti Citra Pelangi,Tidak Menghadiri Pembuktian,,0,
5114198,PENGAWASAN TEKNIS REHABILITASI TOTAL KANTOR DAN RUANG KELAS SMPN 1 LOA KULU,LPSE KABUPATEN KUTAI KARTANEGARA,Maju Bersama Bangsa,Tidak Menghadiri Pembuktian,,0,
5114198,PENGAWASAN TEKNIS REHABILITASI TOTAL KANTOR DAN RUANG KELAS SMPN 1 LOA KULU,LPSE KABUPATEN KUTAI KARTANEGARA,PT. TEKNIKAL GLOBAL KONSULTAN,Tidak Menghadiri Pembuktian,,0,
5114198,PENGAWASAN TEKNIS REHABILITASI TOTAL KANTOR DAN RUANG KELAS SMPN 1 LOA KULU,LPSE KABUPATEN KUTAI KARTANEGARA,TEKNIKA KARYA KONSULTAN,Tidak Menghadiri Pembuktian,,0,
5039198,Pengawasan Teknis Pembangunan panti Sosial Penyandang Disabilitas,LPSE KABUPATEN KUTAI KARTANEGARA,CV. JEVA UTAMA KONSULINDO,Pemenang,"81,48",115148000,
5039198,Pengawasan Teknis Pembangunan panti Sosial Penyandang Disabilitas,LPSE KABUPATEN KUTAI KARTANEGARA,PT. TEKNIKAL GLOBAL KONSULTAN,Bukan Pemenang,"73,42",119047000,
5039198,Pengawasan Teknis Pembangunan panti Sosial Penyandang Disabilitas,LPSE KABUPATEN KUTAI KARTANEGARA,CV. ANUGRAH KARYA MANDIRI,Tidak hadir pembuktian kualifikasi,,0,
5039198,Pengawasan Teknis Pembangunan panti Sosial Penyandang Disabilitas,LPSE KABUPATEN KUTAI KARTANEGARA,CV. SIKLUS TEKNIK KONSULTAN,Bukan Pemenang,"53,79",118380000,
5039198,Pengawasan Teknis Pembangunan panti Sosial Penyandang Disabilitas,LPSE KABUPATEN KUTAI KARTANEGARA,CV. MATAHARI KONSULINDO,Tidak Lulus Evaluasi Administrasi Kualifikas,,0,
5039198,Pengawasan Teknis Pembangunan panti Sosial Penyandang Disabilitas,LPSE KABUPATEN KUTAI KARTANEGARA,CV. UNITED 07 CONSULTANT,Tidak Menghadiri Pembuktian,,0,
5039198,Pengawasan Teknis Pembangunan panti Sosial Penyandang Disabilitas,LPSE KABUPATEN KUTAI KARTANEGARA,Maju Bersama Bangsa,Tidak Menghadiri Pembuktian,,0,
5039198,Pengawasan Teknis Pembangunan panti Sosial Penyandang Disabilitas,LPSE KABUPATEN KUTAI KARTANEGARA,PT. MIRANTHI KONSULTAN PERMAI,Tidak Menghadiri Pembuktian,,0,
5039198,Pengawasan Teknis Pembangunan panti Sosial Penyandang Disabilitas,LPSE KABUPATEN KUTAI KARTANEGARA,CV. Inti Citra Pelangi,Tidak Menghadiri Pembuktian,,0,
5039198,Pengawasan Teknis Pembangunan panti Sosial Penyandang Disabilitas,LPSE KABUPATEN KUTAI KARTANEGARA,TEKNIKA KARYA KONSULTAN,Tidak Menghadiri Pembuktian,,0,
5039198,Pengawasan Teknis Pembangunan panti Sosial Penyandang Disabilitas,LPSE KABUPATEN KUTAI KARTANEGARA,Tirta Prima Pratama,Tidak Menghadiri Pembuktian,,0,
5039198,Pengawasan Teknis Pembangunan panti Sosial Penyandang Disabilitas,LPSE KABUPATEN KUTAI KARTANEGARA,GALLANT,Tidak Menghadiri Pembuktian,,0,
5039198,Pengawasan Teknis Pembangunan panti Sosial Penyandang Disabilitas,LPSE KABUPATEN KUTAI KARTANEGARA,CV.GRAHADITAMA CONSULTAN,Tidak Menghadiri Pembuktian,,0,
5039198,Pengawasan Teknis Pembangunan panti Sosial Penyandang Disabilitas,LPSE KABUPATEN KUTAI KARTANEGARA,PT. MEGAPLAN Indoraya Esa,Tidak Menghadiri Pembuktian,,0,
5039198,Pengawasan Teknis Pembangunan panti Sosial Penyandang Disabilitas,LPSE KABUPATEN KUTAI KARTANEGARA,CV.Trikarya Utama,Tidak Menghadiri Pembuktian,,0,
5039198,Pengawasan Teknis Pembangunan panti Sosial Penyandang Disabilitas,LPSE KABUPATEN KUTAI KARTANEGARA,PT. BLANTIKA MULTI ENGINEER,Tidak Menghadiri Pembuktian,,0,
5039198,Pengawasan Teknis Pembangunan panti Sosial Penyandang Disabilitas,LPSE KABUPATEN KUTAI KARTANEGARA,CV. EXECUTIVE 04 CONSULTANT,Tidak Menghadiri Pembuktian,,0,
5051198,Konsultan Pengawasan Perluasan Pembangunan RS.Dayaku Raja Kota Bangun Seleksi Ulang,LPSE KABUPATEN KUTAI KARTANEGARA,TEKNIKA KARYA KONSULTAN,Bukan Pemenang,"80,72",183128000,
5051198,Konsultan Pengawasan Perluasan Pembangunan RS.Dayaku Raja Kota Bangun Seleksi Ulang,LPSE KABUPATEN KUTAI KARTANEGARA,CV. UNITED 07 CONSULTANT,Pemenang,"85,6",185000000,
5051198,Konsultan Pengawasan Perluasan Pembangunan RS.Dayaku Raja Kota Bangun Seleksi Ulang,LPSE KABUPATEN KUTAI KARTANEGARA,CV. EXECUTIVE 04 CONSULTANT,Bukan Pemenang,"68,67",186450000,
5051198,Konsultan Pengawasan Perluasan Pembangunan RS.Dayaku Raja Kota Bangun Seleksi Ulang,LPSE KABUPATEN KUTAI KARTANEGARA,CV.Trikarya Utama,Tidak Lulus Administrasi,,0,
5051198,Konsultan Pengawasan Perluasan Pembangunan RS.Dayaku Raja Kota Bangun Seleksi Ulang,LPSE KABUPATEN KUTAI KARTANEGARA,Tirta Prima Pratama,Tidak mengupload Dokumen Penawaran,,0,
5051198,Konsultan Pengawasan Perluasan Pembangunan RS.Dayaku Raja Kota Bangun Seleksi Ulang,LPSE KABUPATEN KUTAI KARTANEGARA,PT. BLANTIKA MULTI ENGINEER,Tidak Menghadiri Pembuktian,,0,
5051198,Konsultan Pengawasan Perluasan Pembangunan RS.Dayaku Raja Kota Bangun Seleksi Ulang,LPSE KABUPATEN KUTAI KARTANEGARA,Maju Bersama Bangsa,Tidak Menghadiri Pembuktian,,0,
5051198,Konsultan Pengawasan Perluasan Pembangunan RS.Dayaku Raja Kota Bangun Seleksi Ulang,LPSE KABUPATEN KUTAI KARTANEGARA,CV. PUTRA SEMAYANG,Tidak Menghadiri Pembuktian,,0,
5051198,Konsultan Pengawasan Perluasan Pembangunan RS.Dayaku Raja Kota Bangun Seleksi Ulang,LPSE KABUPATEN KUTAI KARTANEGARA,PT. MIRANTHI KONSULTAN PERMAI,Tidak Menghadiri Pembuktian,,0,
5051198,Konsultan Pengawasan Perluasan Pembangunan RS.Dayaku Raja Kota Bangun Seleksi Ulang,LPSE KABUPATEN KUTAI KARTANEGARA,CV. ANUGRAH KARYA MANDIRI,Tidak Menghadiri Pembuktian,,0,
5051198,Konsultan Pengawasan Perluasan Pembangunan RS.Dayaku Raja Kota Bangun Seleksi Ulang,LPSE KABUPATEN KUTAI KARTANEGARA,CV. Inti Citra Pelangi,Tidak Menghadiri Pembuktian,,0,
5051198,Konsultan Pengawasan Perluasan Pembangunan RS.Dayaku Raja Kota Bangun Seleksi Ulang,LPSE KABUPATEN KUTAI KARTANEGARA,PT. TEKNIKAL GLOBAL KONSULTAN,Tidak Menghadiri Pembuktian,,0,
5051198,Konsultan Pengawasan Perluasan Pembangunan RS.Dayaku Raja Kota Bangun Seleksi Ulang,LPSE KABUPATEN KUTAI KARTANEGARA,PT. FARIZI JAYA BORNEO,Tidak Menghadiri Pembuktian,,0,
5051198,Konsultan Pengawasan Perluasan Pembangunan RS.Dayaku Raja Kota Bangun Seleksi Ulang,LPSE KABUPATEN KUTAI KARTANEGARA,exindo consultant,Tidak Menghadiri Pembuktian,,0,
5019198,Jasa Konsultansi Pengawasan Pembangunan Puskesmas Pembantu Wilayah Pantai,LPSE KABUPATEN KUTAI KARTANEGARA,PT GEOMAP INTERNATIONAL CONSULTANT,Bukan Pemenang,"81,39",105242500,
5019198,Jasa Konsultansi Pengawasan Pembangunan Puskesmas Pembantu Wilayah Pantai,LPSE KABUPATEN KUTAI KARTANEGARA,CV. GEOSYLVA LESTARI,Pemenang,"84,25",107442500,
5019198,Jasa Konsultansi Pengawasan Pembangunan Puskesmas Pembantu Wilayah Pantai,LPSE KABUPATEN KUTAI KARTANEGARA,TEKNIKA KARYA KONSULTAN,Bukan Pemenang,"82,66",110830000,
5019198,Jasa Konsultansi Pengawasan Pembangunan Puskesmas Pembantu Wilayah Pantai,LPSE KABUPATEN KUTAI KARTANEGARA,PT.CIDIACH KARYA NUSANTARA,Tidak Lulus Administrasi Prakulifikasi,,0,
5019198,Jasa Konsultansi Pengawasan Pembangunan Puskesmas Pembantu Wilayah Pantai,LPSE KABUPATEN KUTAI KARTANEGARA,CV. VISTAPLAN'79 CONSULTANT,Tidak memasukan surat penawaran,,0,
5019198,Jasa Konsultansi Pengawasan Pembangunan Puskesmas Pembantu Wilayah Pantai,LPSE KABUPATEN KUTAI KARTANEGARA,CV. MATRIX CONSULTANT,Tidak Lulus Administrasi Prakulifikasi,,0,
5019198,Jasa Konsultansi Pengawasan Pembangunan Puskesmas Pembantu Wilayah Pantai,LPSE KABUPATEN KUTAI KARTANEGARA,PT. ARCHEAS,Tidak memasukan surat penawaran,,0,
5019198,Jasa Konsultansi Pengawasan Pembangunan Puskesmas Pembantu Wilayah Pantai,LPSE KABUPATEN KUTAI KARTANEGARA,PT. LAMIN CIPTA,Tidak Lulus Administrasi Prakulifikasi,,0,
5019198,Jasa Konsultansi Pengawasan Pembangunan Puskesmas Pembantu Wilayah Pantai,LPSE KABUPATEN KUTAI KARTANEGARA,PT. Erka Dua Cipta,Tidak Menghadiri Pembuktian,,0,
5019198,Jasa Konsultansi Pengawasan Pembangunan Puskesmas Pembantu Wilayah Pantai,LPSE KABUPATEN KUTAI KARTANEGARA,PT. TEKNIKAL GLOBAL KONSULTAN,Tidak Menghadiri Pembuktian,,0,
5019198,Jasa Konsultansi Pengawasan Pembangunan Puskesmas Pembantu Wilayah Pantai,LPSE KABUPATEN KUTAI KARTANEGARA,Maju Bersama Bangsa,Tidak Menghadiri Pembuktian,,0,
5019198,Jasa Konsultansi Pengawasan Pembangunan Puskesmas Pembantu Wilayah Pantai,LPSE KABUPATEN KUTAI KARTANEGARA,CV. EXECUTIVE 04 CONSULTANT,Tidak Menghadiri Pembuktian,,0,
5019198,Jasa Konsultansi Pengawasan Pembangunan Puskesmas Pembantu Wilayah Pantai,LPSE KABUPATEN KUTAI KARTANEGARA,CV. UNITED 07 CONSULTANT,Tidak Menghadiri Pembuktian,,0,
5019198,Jasa Konsultansi Pengawasan Pembangunan Puskesmas Pembantu Wilayah Pantai,LPSE KABUPATEN KUTAI KARTANEGARA,CV.Trikarya Utama,Tidak Menghadiri Pembuktian,,0,
5019198,Jasa Konsultansi Pengawasan Pembangunan Puskesmas Pembantu Wilayah Pantai,LPSE KABUPATEN KUTAI KARTANEGARA,cv. anggana anugerah,Tidak Menghadiri Pembuktian,,0,
4979198,Pengawasan Teknis Kegiatan Peningkatan Jalan Ibukota Muara Wis Menuju Kota Bangun,LPSE KABUPATEN KUTAI KARTANEGARA,PT.CIDIACH KARYA NUSANTARA,Pemenang,"69,91",100023000,
4979198,Pengawasan Teknis Kegiatan Peningkatan Jalan Ibukota Muara Wis Menuju Kota Bangun,LPSE KABUPATEN KUTAI KARTANEGARA,CV.Trikarya Utama,Tidak Upload Penawaran,,0,
4979198,Pengawasan Teknis Kegiatan Peningkatan Jalan Ibukota Muara Wis Menuju Kota Bangun,LPSE KABUPATEN KUTAI KARTANEGARA,PT. JASINDO KONSULT NEC,"Gugur, Tidak melengkapi isian kualifikasi / tidak diundang",,0,
4979198,Pengawasan Teknis Kegiatan Peningkatan Jalan Ibukota Muara Wis Menuju Kota Bangun,LPSE KABUPATEN KUTAI KARTANEGARA,PT. BRAMUDA SINERGY,"Gugur, Tidak melengkapi isian kualifikasi / tidak diundang",,0,
4979198,Pengawasan Teknis Kegiatan Peningkatan Jalan Ibukota Muara Wis Menuju Kota Bangun,LPSE KABUPATEN KUTAI KARTANEGARA,CV. PRIMA JAYA KONSULTAN,"Gugur, Tidak melengkapi isian kualifikasi / tidak diundang",,0,
4979198,Pengawasan Teknis Kegiatan Peningkatan Jalan Ibukota Muara Wis Menuju Kota Bangun,LPSE KABUPATEN KUTAI KARTANEGARA,CV. VISTAPLAN'79 CONSULTANT,Bukan Pemenang,"60,71",100485000,
4979198,Pengawasan Teknis Kegiatan Peningkatan Jalan Ibukota Muara Wis Menuju Kota Bangun,LPSE KABUPATEN KUTAI KARTANEGARA,CV. MATRIX CONSULTANT,Bukan Pemenang,"62,1",100237000,
4979198,Pengawasan Teknis Kegiatan Peningkatan Jalan Ibukota Muara Wis Menuju Kota Bangun,LPSE KABUPATEN KUTAI KARTANEGARA,CV. JEVA UTAMA KONSULINDO,"Gugur, Tidak Hadir Pembuktian Kualifikasi",,0,
4979198,Pengawasan Teknis Kegiatan Peningkatan Jalan Ibukota Muara Wis Menuju Kota Bangun,LPSE KABUPATEN KUTAI KARTANEGARA,PT. ARCHEAS,Tidak Upload Penawaran,,0,
4979198,Pengawasan Teknis Kegiatan Peningkatan Jalan Ibukota Muara Wis Menuju Kota Bangun,LPSE KABUPATEN KUTAI KARTANEGARA,PT. LAMIN CIPTA,"Gugur, Tidak Hadir Pembuktian Kualifikasi",,0,
4979198,Pengawasan Teknis Kegiatan Peningkatan Jalan Ibukota Muara Wis Menuju Kota Bangun,LPSE KABUPATEN KUTAI KARTANEGARA,Maju Bersama Bangsa,Tidak Menghadiri Pembuktian,,0,
4979198,Pengawasan Teknis Kegiatan Peningkatan Jalan Ibukota Muara Wis Menuju Kota Bangun,LPSE KABUPATEN KUTAI KARTANEGARA,PT. ARISTA GEMILANG KONSULINDO,Tidak Menghadiri Pembuktian,,0,
4979198,Pengawasan Teknis Kegiatan Peningkatan Jalan Ibukota Muara Wis Menuju Kota Bangun,LPSE KABUPATEN KUTAI KARTANEGARA,PT. ANNA BABUSSALAM SEJAHTERA,Tidak Menghadiri Pembuktian,,0,
4979198,Pengawasan Teknis Kegiatan Peningkatan Jalan Ibukota Muara Wis Menuju Kota Bangun,LPSE KABUPATEN KUTAI KARTANEGARA,cv. aplikasi utama,Tidak Menghadiri Pembuktian,,0,
4960198,Pengawasan Teknis Fasilitasi dan Stimulasi Rehabilitasi Rumah Akibat Bencana Alam (Sebulu),LPSE KABUPATEN KUTAI KARTANEGARA,TEKNIKA KARYA KONSULTAN,Bukan Pemenang,"62,52",159718000,
4960198,Pengawasan Teknis Fasilitasi dan Stimulasi Rehabilitasi Rumah Akibat Bencana Alam (Sebulu),LPSE KABUPATEN KUTAI KARTANEGARA,CV. Sawi Mahakam Consultant,Bukan Pemenang,"80,5",161260000,
4960198,Pengawasan Teknis Fasilitasi dan Stimulasi Rehabilitasi Rumah Akibat Bencana Alam (Sebulu),LPSE KABUPATEN KUTAI KARTANEGARA,PT.CIDIACH KARYA NUSANTARA,Pemenang,"83,5",161700000,
4960198,Pengawasan Teknis Fasilitasi dan Stimulasi Rehabilitasi Rumah Akibat Bencana Alam (Sebulu),LPSE KABUPATEN KUTAI KARTANEGARA,CV. VISTAPLAN'79 CONSULTANT,Bukan Pemenang,"57,5",161865000,
4960198,Pengawasan Teknis Fasilitasi dan Stimulasi Rehabilitasi Rumah Akibat Bencana Alam (Sebulu),LPSE KABUPATEN KUTAI KARTANEGARA,CV. MATRIX CONSULTANT,Bukan Pemenang,"58,0",161260000,
4960198,Pengawasan Teknis Fasilitasi dan Stimulasi Rehabilitasi Rumah Akibat Bencana Alam (Sebulu),LPSE KABUPATEN KUTAI KARTANEGARA,PT. ARCHEAS,Tidak Masuk Daftar Pendek,,0,
4960198,Pengawasan Teknis Fasilitasi dan Stimulasi Rehabilitasi Rumah Akibat Bencana Alam (Sebulu),LPSE KABUPATEN KUTAI KARTANEGARA,CV.Trikarya Utama,Gugur. Tidak menghadiri Pembuktian Kualifikasi,,0,
4960198,Pengawasan Teknis Fasilitasi dan Stimulasi Rehabilitasi Rumah Akibat Bencana Alam (Sebulu),LPSE KABUPATEN KUTAI KARTANEGARA,PT. LAMIN CIPTA,Tidak Masuk Daftar Pendek,,0,
4960198,Pengawasan Teknis Fasilitasi dan Stimulasi Rehabilitasi Rumah Akibat Bencana Alam (Sebulu),LPSE KABUPATEN KUTAI KARTANEGARA,CV. AKASAKA TEKNIKA CONSULTANT,Tidak Masuk Daftar Pendek,,0,
4960198,Pengawasan Teknis Fasilitasi dan Stimulasi Rehabilitasi Rumah Akibat Bencana Alam (Sebulu),LPSE KABUPATEN KUTAI KARTANEGARA,Ri N Ra Artha Karya,Tidak Masuk Daftar Pendek,,0,
4960198,Pengawasan Teknis Fasilitasi dan Stimulasi Rehabilitasi Rumah Akibat Bencana Alam (Sebulu),LPSE KABUPATEN KUTAI KARTANEGARA,CV. SAFARI CIPTA SARANA,Tidak Menghadiri Pembuktian,,0,
4960198,Pengawasan Teknis Fasilitasi dan Stimulasi Rehabilitasi Rumah Akibat Bencana Alam (Sebulu),LPSE KABUPATEN KUTAI KARTANEGARA,PT.BIOSFERA WIDHY ENGINEERING,Tidak Menghadiri Pembuktian,,0,
4960198,Pengawasan Teknis Fasilitasi dan Stimulasi Rehabilitasi Rumah Akibat Bencana Alam (Sebulu),LPSE KABUPATEN KUTAI KARTANEGARA,CV. AUREL PRATAMA KARYA KONSULTAN,Tidak Menghadiri Pembuktian,,0,
4960198,Pengawasan Teknis Fasilitasi dan Stimulasi Rehabilitasi Rumah Akibat Bencana Alam (Sebulu),LPSE KABUPATEN KUTAI KARTANEGARA,Maju Bersama Bangsa,Tidak Menghadiri Pembuktian,,0,
4960198,Pengawasan Teknis Fasilitasi dan Stimulasi Rehabilitasi Rumah Akibat Bencana Alam (Sebulu),LPSE KABUPATEN KUTAI KARTANEGARA,CV. SIKLUS TEKNIK KONSULTAN,Tidak Menghadiri Pembuktian,,0,
4908198,Pengawasan Tekhnis Pembangunan Gedung 1 Dinas Kesehatan ( Lanjutan ),LPSE KABUPATEN KUTAI KARTANEGARA,CV. EXECUTIVE 04 CONSULTANT,Pemenang,"87,66",103235000,
4908198,Pengawasan Tekhnis Pembangunan Gedung 1 Dinas Kesehatan ( Lanjutan ),LPSE KABUPATEN KUTAI KARTANEGARA,TEKNIKA KARYA KONSULTAN,Bukan Pemenang,"70,67",103345000,
4908198,Pengawasan Tekhnis Pembangunan Gedung 1 Dinas Kesehatan ( Lanjutan ),LPSE KABUPATEN KUTAI KARTANEGARA,CV. MATRIX CONSULTANT,Bukan Pemenang,"71,26",106975000,
4908198,Pengawasan Tekhnis Pembangunan Gedung 1 Dinas Kesehatan ( Lanjutan ),LPSE KABUPATEN KUTAI KARTANEGARA,PT.CIDIACH KARYA NUSANTARA,Tidak LULUS Evaluasi Administrasi,,0,
4908198,Pengawasan Tekhnis Pembangunan Gedung 1 Dinas Kesehatan ( Lanjutan ),LPSE KABUPATEN KUTAI KARTANEGARA,CV. VISTAPLAN'79 CONSULTANT,Bukan Pemenang,"59,38",107030000,
4908198,Pengawasan Tekhnis Pembangunan Gedung 1 Dinas Kesehatan ( Lanjutan ),LPSE KABUPATEN KUTAI KARTANEGARA,PT. LAMIN CIPTA,Tidak LULUS Evaluasi Administrasi,,0,
4908198,Pengawasan Tekhnis Pembangunan Gedung 1 Dinas Kesehatan ( Lanjutan ),LPSE KABUPATEN KUTAI KARTANEGARA,PT. ARCHEAS,Tidak memasukan dokumen penawaranLULUS dan masuk daftar pendek,,0,
4908198,Pengawasan Tekhnis Pembangunan Gedung 1 Dinas Kesehatan ( Lanjutan ),LPSE KABUPATEN KUTAI KARTANEGARA,PT GEOMAP INTERNATIONAL CONSULTANT,Gugur karena tidak memenuhi undangan pembuktian kualifikasi,,0,
4908198,Pengawasan Tekhnis Pembangunan Gedung 1 Dinas Kesehatan ( Lanjutan ),LPSE KABUPATEN KUTAI KARTANEGARA,CV. GEOSYLVA LESTARI,Gugur karena tidak memenuhi undangan pembuktian kualifikasi,,0,
4908198,Pengawasan Tekhnis Pembangunan Gedung 1 Dinas Kesehatan ( Lanjutan ),LPSE KABUPATEN KUTAI KARTANEGARA,CV. SIKLUS TEKNIK KONSULTAN,Lulus tapi tidak masuk daftar pendek utk seleksi sederhana hanya 5 penyedia yang di undang,,0,
4908198,Pengawasan Tekhnis Pembangunan Gedung 1 Dinas Kesehatan ( Lanjutan ),LPSE KABUPATEN KUTAI KARTANEGARA,CV. UNITED 07 CONSULTANT,Lulus tapi tidak masuk daftar pendek utk seleksi sederhana hanya 5 penyedia yang di undang,,0,
4908198,Pengawasan Tekhnis Pembangunan Gedung 1 Dinas Kesehatan ( Lanjutan ),LPSE KABUPATEN KUTAI KARTANEGARA,CV. APO KHAYAN CONSULTANT,Lulus tapi tidak masuk daftar pendek utk seleksi sederhana hanya 5 penyedia yang di undang,,0,
4908198,Pengawasan Tekhnis Pembangunan Gedung 1 Dinas Kesehatan ( Lanjutan ),LPSE KABUPATEN KUTAI KARTANEGARA,CV. JEVA UTAMA KONSULINDO,Gugur karena tidak memenuhi undangan pembuktian kualifikasi,,0,
4908198,Pengawasan Tekhnis Pembangunan Gedung 1 Dinas Kesehatan ( Lanjutan ),LPSE KABUPATEN KUTAI KARTANEGARA,PT. CINIPTA TRIUTAMA JAYA,Tidak Menghadiri Pembuktian,,0,
4908198,Pengawasan Tekhnis Pembangunan Gedung 1 Dinas Kesehatan ( Lanjutan ),LPSE KABUPATEN KUTAI KARTANEGARA,PT.BIOSFERA WIDHY ENGINEERING,Tidak Menghadiri Pembuktian,,0,
4908198,Pengawasan Tekhnis Pembangunan Gedung 1 Dinas Kesehatan ( Lanjutan ),LPSE KABUPATEN KUTAI KARTANEGARA,CV. AUREL PRATAMA KARYA KONSULTAN,Tidak Menghadiri Pembuktian,,0,
4908198,Pengawasan Tekhnis Pembangunan Gedung 1 Dinas Kesehatan ( Lanjutan ),LPSE KABUPATEN KUTAI KARTANEGARA,CV. NAMIRA CONSULTANT,Tidak Menghadiri Pembuktian,,0,
4908198,Pengawasan Tekhnis Pembangunan Gedung 1 Dinas Kesehatan ( Lanjutan ),LPSE KABUPATEN KUTAI KARTANEGARA,PT. TEKNIKAL GLOBAL KONSULTAN,Tidak Menghadiri Pembuktian,,0,
4908198,Pengawasan Tekhnis Pembangunan Gedung 1 Dinas Kesehatan ( Lanjutan ),LPSE KABUPATEN KUTAI KARTANEGARA,CV. MUTIARA KARYA CONSULTANT,Tidak Menghadiri Pembuktian,,0,
4908198,Pengawasan Tekhnis Pembangunan Gedung 1 Dinas Kesehatan ( Lanjutan ),LPSE KABUPATEN KUTAI KARTANEGARA,CV.Trikarya Utama,Tidak Menghadiri Pembuktian,,0,
4866198,"Pengawasan Teknis Lanjutan Pengadaan dan Pemasangan Jaringan Pipa Air Bersih dan Accessorisnya Dia. 12"", 10"", dan 8"" Kec. Loa Janan Seleksi Ulang",LPSE KABUPATEN KUTAI KARTANEGARA,CV. TOPOGRAFI CONSULTANT,Bukan Pemenang,"76,67",103301000,
4866198,"Pengawasan Teknis Lanjutan Pengadaan dan Pemasangan Jaringan Pipa Air Bersih dan Accessorisnya Dia. 12"", 10"", dan 8"" Kec. Loa Janan Seleksi Ulang",LPSE KABUPATEN KUTAI KARTANEGARA,"ARDHIA ASRI, CV",Pemenang,"83,33",105556000,
4866198,"Pengawasan Teknis Lanjutan Pengadaan dan Pemasangan Jaringan Pipa Air Bersih dan Accessorisnya Dia. 12"", 10"", dan 8"" Kec. Loa Janan Seleksi Ulang",LPSE KABUPATEN KUTAI KARTANEGARA,PT.ASRI ADYATAMA,Bukan Pemenang,"79,34",107206000,
4866198,"Pengawasan Teknis Lanjutan Pengadaan dan Pemasangan Jaringan Pipa Air Bersih dan Accessorisnya Dia. 12"", 10"", dan 8"" Kec. Loa Janan Seleksi Ulang",LPSE KABUPATEN KUTAI KARTANEGARA,PT. ARISTA GEMILANG KONSULINDO,Tidak Hadir Pembuktian Kualifikasi,,0,
4866198,"Pengawasan Teknis Lanjutan Pengadaan dan Pemasangan Jaringan Pipa Air Bersih dan Accessorisnya Dia. 12"", 10"", dan 8"" Kec. Loa Janan Seleksi Ulang",LPSE KABUPATEN KUTAI KARTANEGARA,CV.SATRIA CONSULTANT,Tidak Menghadiri Pembuktian,,0,
4866198,"Pengawasan Teknis Lanjutan Pengadaan dan Pemasangan Jaringan Pipa Air Bersih dan Accessorisnya Dia. 12"", 10"", dan 8"" Kec. Loa Janan Seleksi Ulang",LPSE KABUPATEN KUTAI KARTANEGARA,PT. MARI BANGUN NUSANTARA,Tidak Menghadiri Pembuktian,,0,
4866198,"Pengawasan Teknis Lanjutan Pengadaan dan Pemasangan Jaringan Pipa Air Bersih dan Accessorisnya Dia. 12"", 10"", dan 8"" Kec. Loa Janan Seleksi Ulang",LPSE KABUPATEN KUTAI KARTANEGARA,CV. TRI JAYA MANDIRI KONSULTAN,Tidak Menghadiri Pembuktian,,0,
4866198,"Pengawasan Teknis Lanjutan Pengadaan dan Pemasangan Jaringan Pipa Air Bersih dan Accessorisnya Dia. 12"", 10"", dan 8"" Kec. Loa Janan Seleksi Ulang",LPSE KABUPATEN KUTAI KARTANEGARA,CV. AUREL PRATAMA KARYA KONSULTAN,Tidak Menghadiri Pembuktian,,0,
4866198,"Pengawasan Teknis Lanjutan Pengadaan dan Pemasangan Jaringan Pipa Air Bersih dan Accessorisnya Dia. 12"", 10"", dan 8"" Kec. Loa Janan Seleksi Ulang",LPSE KABUPATEN KUTAI KARTANEGARA,PT. BRAMUDA SINERGY,Tidak Menghadiri Pembuktian,,0,
4866198,"Pengawasan Teknis Lanjutan Pengadaan dan Pemasangan Jaringan Pipa Air Bersih dan Accessorisnya Dia. 12"", 10"", dan 8"" Kec. Loa Janan Seleksi Ulang",LPSE KABUPATEN KUTAI KARTANEGARA,PT. TEKNIKAL GLOBAL KONSULTAN,Tidak Menghadiri Pembuktian,,0,
4866198,"Pengawasan Teknis Lanjutan Pengadaan dan Pemasangan Jaringan Pipa Air Bersih dan Accessorisnya Dia. 12"", 10"", dan 8"" Kec. Loa Janan Seleksi Ulang",LPSE KABUPATEN KUTAI KARTANEGARA,PT. SAHABAT KARYA SEJATI,Tidak Menghadiri Pembuktian,,0,
4866198,"Pengawasan Teknis Lanjutan Pengadaan dan Pemasangan Jaringan Pipa Air Bersih dan Accessorisnya Dia. 12"", 10"", dan 8"" Kec. Loa Janan Seleksi Ulang",LPSE KABUPATEN KUTAI KARTANEGARA,CV. ARISTA MANDIRI UTAMA KONSULTAN,Tidak Menghadiri Pembuktian,,0,
4907198,Pengawasan Teknis Pembangunan Ruang Kelas SDN 001 Loa Janan,LPSE KABUPATEN KUTAI KARTANEGARA,CV. MATRIX CONSULTANT,Pemenang,"83,09",95562000,
4907198,Pengawasan Teknis Pembangunan Ruang Kelas SDN 001 Loa Janan,LPSE KABUPATEN KUTAI KARTANEGARA,CV. Sawi Mahakam Consultant,Bukan Pemenang,"80,12",95700000,
4907198,Pengawasan Teknis Pembangunan Ruang Kelas SDN 001 Loa Janan,LPSE KABUPATEN KUTAI KARTANEGARA,PT.CIDIACH KARYA NUSANTARA,Bukan Pemenang,"78,98",95755000,
4907198,Pengawasan Teknis Pembangunan Ruang Kelas SDN 001 Loa Janan,LPSE KABUPATEN KUTAI KARTANEGARA,CV. VISTAPLAN'79 CONSULTANT,Bukan Pemenang,"81,66",95865000,
4907198,Pengawasan Teknis Pembangunan Ruang Kelas SDN 001 Loa Janan,LPSE KABUPATEN KUTAI KARTANEGARA,PT. ARISTA GEMILANG KONSULINDO,Tidak Hadir Pembuktian Kualifikasi,,0,
4907198,Pengawasan Teknis Pembangunan Ruang Kelas SDN 001 Loa Janan,LPSE KABUPATEN KUTAI KARTANEGARA,TEKNIKA KARYA KONSULTAN,Tidak Hadir Pembuktian Kualifikasi,,0,
4907198,Pengawasan Teknis Pembangunan Ruang Kelas SDN 001 Loa Janan,LPSE KABUPATEN KUTAI KARTANEGARA,CV. JEVA UTAMA KONSULINDO,Tidak Hadir Pembuktian Kualifikasi,,0,
4907198,Pengawasan Teknis Pembangunan Ruang Kelas SDN 001 Loa Janan,LPSE KABUPATEN KUTAI KARTANEGARA,CV.Trikarya Utama,Lulus/Tidak Diundang Daftar Pendek,,0,
4907198,Pengawasan Teknis Pembangunan Ruang Kelas SDN 001 Loa Janan,LPSE KABUPATEN KUTAI KARTANEGARA,CV. CATUR KARYA,Tidak Hadir Pembuktian Kualifikasi,,0,
4907198,Pengawasan Teknis Pembangunan Ruang Kelas SDN 001 Loa Janan,LPSE KABUPATEN KUTAI KARTANEGARA,PT. LAMIN CIPTA,Lulus/Tidak Diundang Daftar Pendek,,0,
4907198,Pengawasan Teknis Pembangunan Ruang Kelas SDN 001 Loa Janan,LPSE KABUPATEN KUTAI KARTANEGARA,PT. ARCHEAS,Tidak Lulus Pembuktian Kualifikasi,,0,
4907198,Pengawasan Teknis Pembangunan Ruang Kelas SDN 001 Loa Janan,LPSE KABUPATEN KUTAI KARTANEGARA,CV. AKASAKA TEKNIKA CONSULTANT,Tidak Memasukan Penawaran Administrasi dan TeknisLulus/Diundang Daftar Pendek,,0,
4907198,Pengawasan Teknis Pembangunan Ruang Kelas SDN 001 Loa Janan,LPSE KABUPATEN KUTAI KARTANEGARA,Ri N Ra Artha Karya,Lulus/Tidak Diundang Daftar Pendek,,0,
4907198,Pengawasan Teknis Pembangunan Ruang Kelas SDN 001 Loa Janan,LPSE KABUPATEN KUTAI KARTANEGARA,PT.TEKNIK EKSAKTA,Tidak Hadir Pembuktian Kualifikasi,,0,
4907198,Pengawasan Teknis Pembangunan Ruang Kelas SDN 001 Loa Janan,LPSE KABUPATEN KUTAI KARTANEGARA,CV. NAMIRA CONSULTANT,Tidak Menghadiri Pembuktian,,0,
4907198,Pengawasan Teknis Pembangunan Ruang Kelas SDN 001 Loa Janan,LPSE KABUPATEN KUTAI KARTANEGARA,PT. Super Tehnik Pratama,Tidak Menghadiri Pembuktian,,0,
4907198,Pengawasan Teknis Pembangunan Ruang Kelas SDN 001 Loa Janan,LPSE KABUPATEN KUTAI KARTANEGARA,PT. AMY RIA SAPUTRI,Tidak Menghadiri Pembuktian,,0,
4907198,Pengawasan Teknis Pembangunan Ruang Kelas SDN 001 Loa Janan,LPSE KABUPATEN KUTAI KARTANEGARA,PT. MEGAPLAN Indoraya Esa,Tidak Menghadiri Pembuktian,,0,
4907198,Pengawasan Teknis Pembangunan Ruang Kelas SDN 001 Loa Janan,LPSE KABUPATEN KUTAI KARTANEGARA,CV. DARMA CITRA UTAMA,Tidak Menghadiri Pembuktian,,0,
4907198,Pengawasan Teknis Pembangunan Ruang Kelas SDN 001 Loa Janan,LPSE KABUPATEN KUTAI KARTANEGARA,PT.BIOSFERA WIDHY ENGINEERING,Tidak Menghadiri Pembuktian,,0,
4907198,Pengawasan Teknis Pembangunan Ruang Kelas SDN 001 Loa Janan,LPSE KABUPATEN KUTAI KARTANEGARA,CV. AUREL PRATAMA KARYA KONSULTAN,Tidak Menghadiri Pembuktian,,0,
4907198,Pengawasan Teknis Pembangunan Ruang Kelas SDN 001 Loa Janan,LPSE KABUPATEN KUTAI KARTANEGARA,CV. MUTIARA KARYA CONSULTANT,Tidak Menghadiri Pembuktian,,0,
4867198,Perencanaan SID (Survey Investigasi dan Desain) Perluasan Areal Sawah,LPSE KABUPATEN KUTAI KARTANEGARA,CV. PORTAL CONSULTANT,Pemenang,"78,62",192912000,
4867198,Perencanaan SID (Survey Investigasi dan Desain) Perluasan Areal Sawah,LPSE KABUPATEN KUTAI KARTANEGARA,PT. Maza Pradita Sarana,Bukan Pemenang,"74,48",198489500,
4867198,Perencanaan SID (Survey Investigasi dan Desain) Perluasan Areal Sawah,LPSE KABUPATEN KUTAI KARTANEGARA,PT. Multicipta Rancana Selaras,Nilai Penawaran Melebihi Pagu HPS,,0,
4867198,Perencanaan SID (Survey Investigasi dan Desain) Perluasan Areal Sawah,LPSE KABUPATEN KUTAI KARTANEGARA,PT. Raka Enginering Consultants,Tidak memiliki pengalaman sejenis sebagaimana yang dipersyaratkan didalam dokumen kualifikasi.,,0,
4867198,Perencanaan SID (Survey Investigasi dan Desain) Perluasan Areal Sawah,LPSE KABUPATEN KUTAI KARTANEGARA,PT. ECOPLAN REKABUMI INTERCONSULT,Tidak memiliki pengalaman sejenis sebagaimana yang dipersyaratkan didalam dokumen kualifikasi.,,0,
4867198,Perencanaan SID (Survey Investigasi dan Desain) Perluasan Areal Sawah,LPSE KABUPATEN KUTAI KARTANEGARA,PT. BINA KREASI NUSANTARA,Tenaga ahli yang disampaikan/diberikan tidak sesuai dengan yang diminta sebagaimana dokumen kualifikasi.,,0,
4867198,Perencanaan SID (Survey Investigasi dan Desain) Perluasan Areal Sawah,LPSE KABUPATEN KUTAI KARTANEGARA,PT. Ahassa Ciptanika,Tenaga ahli yang disampaikan/diberikan tidak sesuai dengan yang diminta sebagaimana dokumen kualifikasi.,,0,
4867198,Perencanaan SID (Survey Investigasi dan Desain) Perluasan Areal Sawah,LPSE KABUPATEN KUTAI KARTANEGARA,PT. Revanplan Adiraka Konsultan,Tidak memiliki pengalaman sejenis sebagaimana yang dipersyaratkan didalam dokumen kualifikasi.,,0,
4867198,Perencanaan SID (Survey Investigasi dan Desain) Perluasan Areal Sawah,LPSE KABUPATEN KUTAI KARTANEGARA,CV. ARISTA MANDIRI UTAMA KONSULTAN,Tidak mengupload surat-surat pernyataan kualifikasi (PQ) dan tenaga ahli yang disampaikan/diberikan tidak sesuai sebagaimana yang dipersyaratkan didalam dokumen kualifikasi.,,0,
4867198,Perencanaan SID (Survey Investigasi dan Desain) Perluasan Areal Sawah,LPSE KABUPATEN KUTAI KARTANEGARA,PT. BIRAPLANO ASRI,Tenaga ahli yang disampaikan/diberikan tidak sesuai dengan yang diminta sebagaimana dokumen kualifikasi.,,0,
4867198,Perencanaan SID (Survey Investigasi dan Desain) Perluasan Areal Sawah,LPSE KABUPATEN KUTAI KARTANEGARA,PT. ARISTA GEMILANG KONSULINDO,Tidak mengupload surat-surat pernyataan kualifikasi (PQ) dan tenaga ahli yang disampaikan/diberikan tidak sesuai sebagaimana yang dipersyaratkan didalam dokumen kualifikasi.,,0,
4867198,Perencanaan SID (Survey Investigasi dan Desain) Perluasan Areal Sawah,LPSE KABUPATEN KUTAI KARTANEGARA,PT. BINA SARANA EKATAMA,Tidak memiliki pengalaman sejenis sebagaimana yang dipersyaratkan didalam dokumen kualifikasi.,,0,
4867198,Perencanaan SID (Survey Investigasi dan Desain) Perluasan Areal Sawah,LPSE KABUPATEN KUTAI KARTANEGARA,PT. TJIPTA ANDHIKA PERSADA,Tidak mengupload Pajak bulanan SPT PPh pasal 25 Bulan April 2014,,0,
4867198,Perencanaan SID (Survey Investigasi dan Desain) Perluasan Areal Sawah,LPSE KABUPATEN KUTAI KARTANEGARA,PT. TEKNIKAL GLOBAL KONSULTAN,Tidak mengupload surat-surat pernyataan kualifikasi (PQ) sebagaimana yang dipersyaratkan didalam dokumen kualifikasi.,,0,
4867198,Perencanaan SID (Survey Investigasi dan Desain) Perluasan Areal Sawah,LPSE KABUPATEN KUTAI KARTANEGARA,PT. BRAMUDA SINERGY,Tidak mengupload surat-surat pernyataan kualifikasi (PQ) sebagaimana yang dipersyaratkan didalam dokumen kualifikasi.,,0,
4867198,Perencanaan SID (Survey Investigasi dan Desain) Perluasan Areal Sawah,LPSE KABUPATEN KUTAI KARTANEGARA,PT. ARCI PRATAMA KONSULTAN,Tidak Menghadiri Pembuktian,,0,
4867198,Perencanaan SID (Survey Investigasi dan Desain) Perluasan Areal Sawah,LPSE KABUPATEN KUTAI KARTANEGARA,PT. BINTANG TIRTA PRATAMA,Tidak Menghadiri Pembuktian,,0,
4867198,Perencanaan SID (Survey Investigasi dan Desain) Perluasan Areal Sawah,LPSE KABUPATEN KUTAI KARTANEGARA,PT. Celebes Sarana Jasa,Tidak Menghadiri Pembuktian,,0,
4867198,Perencanaan SID (Survey Investigasi dan Desain) Perluasan Areal Sawah,LPSE KABUPATEN KUTAI KARTANEGARA,PT. GEOMATIK CONSULTANT,Tidak Menghadiri Pembuktian,,0,
4867198,Perencanaan SID (Survey Investigasi dan Desain) Perluasan Areal Sawah,LPSE KABUPATEN KUTAI KARTANEGARA,CV. AUREL PRATAMA KARYA KONSULTAN,Tidak Menghadiri Pembuktian,,0,
4867198,Perencanaan SID (Survey Investigasi dan Desain) Perluasan Areal Sawah,LPSE KABUPATEN KUTAI KARTANEGARA,CV.Trikarya Utama,Tidak Menghadiri Pembuktian,,0,
4867198,Perencanaan SID (Survey Investigasi dan Desain) Perluasan Areal Sawah,LPSE KABUPATEN KUTAI KARTANEGARA,TEKNIKA KARYA KONSULTAN,Tidak Menghadiri Pembuktian,,0,
4867198,Perencanaan SID (Survey Investigasi dan Desain) Perluasan Areal Sawah,LPSE KABUPATEN KUTAI KARTANEGARA,PT. Belaputera Interplan,Tidak Menghadiri Pembuktian,,0,
4867198,Perencanaan SID (Survey Investigasi dan Desain) Perluasan Areal Sawah,LPSE KABUPATEN KUTAI KARTANEGARA,PT. INTIMULYA MULTIKENCANA,Tidak Menghadiri Pembuktian,,0,
4860198,Perencanaan Teknis Rehabilitasi Bendung Taman Arum Dan Rehabilitasi Jaringan Irigasi Daerah irigasi loa Sumber ( DAK 2014 ),LPSE KABUPATEN KUTAI KARTANEGARA,CV. JEVA UTAMA KONSULINDO,Bukan Pemenang,"73,76",139700000,
4860198,Perencanaan Teknis Rehabilitasi Bendung Taman Arum Dan Rehabilitasi Jaringan Irigasi Daerah irigasi loa Sumber ( DAK 2014 ),LPSE KABUPATEN KUTAI KARTANEGARA,CV. AUREL PRATAMA KARYA KONSULTAN,Pemenang,"74,41",146025000,
4860198,Perencanaan Teknis Rehabilitasi Bendung Taman Arum Dan Rehabilitasi Jaringan Irigasi Daerah irigasi loa Sumber ( DAK 2014 ),LPSE KABUPATEN KUTAI KARTANEGARA,PT. ARISTA GEMILANG KONSULINDO,Bukan Pemenang,"68,61",147500000,
4860198,Perencanaan Teknis Rehabilitasi Bendung Taman Arum Dan Rehabilitasi Jaringan Irigasi Daerah irigasi loa Sumber ( DAK 2014 ),LPSE KABUPATEN KUTAI KARTANEGARA,PT. BRAMUDA SINERGY,Bukan Pemenang,"71,66",147840000,
4860198,Perencanaan Teknis Rehabilitasi Bendung Taman Arum Dan Rehabilitasi Jaringan Irigasi Daerah irigasi loa Sumber ( DAK 2014 ),LPSE KABUPATEN KUTAI KARTANEGARA,CV. Sakti Jaya Consultant,Bukan Pemenang,"67,43",148280000,
4860198,Perencanaan Teknis Rehabilitasi Bendung Taman Arum Dan Rehabilitasi Jaringan Irigasi Daerah irigasi loa Sumber ( DAK 2014 ),LPSE KABUPATEN KUTAI KARTANEGARA,PT. BINTANG TIRTA PRATAMA,Tidak Menghadiri Pembuktian,,0,
4860198,Perencanaan Teknis Rehabilitasi Bendung Taman Arum Dan Rehabilitasi Jaringan Irigasi Daerah irigasi loa Sumber ( DAK 2014 ),LPSE KABUPATEN KUTAI KARTANEGARA,PT. DELIMA LAKSANA TATA,Tidak Menghadiri Pembuktian,,0,
4860198,Perencanaan Teknis Rehabilitasi Bendung Taman Arum Dan Rehabilitasi Jaringan Irigasi Daerah irigasi loa Sumber ( DAK 2014 ),LPSE KABUPATEN KUTAI KARTANEGARA,PT. ARCI PRATAMA KONSULTAN,Tidak Menghadiri Pembuktian,,0,
4860198,Perencanaan Teknis Rehabilitasi Bendung Taman Arum Dan Rehabilitasi Jaringan Irigasi Daerah irigasi loa Sumber ( DAK 2014 ),LPSE KABUPATEN KUTAI KARTANEGARA,PT. GEOMATIK CONSULTANT,Tidak Menghadiri Pembuktian,,0,
4860198,Perencanaan Teknis Rehabilitasi Bendung Taman Arum Dan Rehabilitasi Jaringan Irigasi Daerah irigasi loa Sumber ( DAK 2014 ),LPSE KABUPATEN KUTAI KARTANEGARA,CV.Trikarya Utama,Tidak Menghadiri Pembuktian,,0,
4860198,Perencanaan Teknis Rehabilitasi Bendung Taman Arum Dan Rehabilitasi Jaringan Irigasi Daerah irigasi loa Sumber ( DAK 2014 ),LPSE KABUPATEN KUTAI KARTANEGARA,PT. Celebes Sarana Jasa,Tidak Menghadiri Pembuktian,,0,
4860198,Perencanaan Teknis Rehabilitasi Bendung Taman Arum Dan Rehabilitasi Jaringan Irigasi Daerah irigasi loa Sumber ( DAK 2014 ),LPSE KABUPATEN KUTAI KARTANEGARA,PT. ASA DESAIN,Tidak Menghadiri Pembuktian,,0,
4850198,Perencanaan Teknis Lanjutan peningkatan badan jalan usaha tani sungai tutung Desa Budaya Sungai Bawang Kec. Muara Badak,LPSE KABUPATEN KUTAI KARTANEGARA,CV.SATRIA CONSULTANT,Pemenang,"67,73",62700000,
4850198,Perencanaan Teknis Lanjutan peningkatan badan jalan usaha tani sungai tutung Desa Budaya Sungai Bawang Kec. Muara Badak,LPSE KABUPATEN KUTAI KARTANEGARA,CV. BUANA ENGINEERING CONSULTANT,Tidak Hadir Pembuktian Kualifikasi,,0,
4850198,Perencanaan Teknis Lanjutan peningkatan badan jalan usaha tani sungai tutung Desa Budaya Sungai Bawang Kec. Muara Badak,LPSE KABUPATEN KUTAI KARTANEGARA,"ARDHIA ASRI, CV",Daftar pendek dalam Seleksi Sederhana berjumlah 3 sampai 5 Penyedia Jasa Konsultansi.(Perpres 54 pasal 44 ayat 4),,0,
4850198,Perencanaan Teknis Lanjutan peningkatan badan jalan usaha tani sungai tutung Desa Budaya Sungai Bawang Kec. Muara Badak,LPSE KABUPATEN KUTAI KARTANEGARA,CV. JEVA UTAMA KONSULINDO,Daftar pendek dalam Seleksi Sederhana berjumlah 3 sampai 5 Penyedia Jasa Konsultansi.(Perpres 54 pasal 44 ayat 4),,0,
4850198,Perencanaan Teknis Lanjutan peningkatan badan jalan usaha tani sungai tutung Desa Budaya Sungai Bawang Kec. Muara Badak,LPSE KABUPATEN KUTAI KARTANEGARA,CV. JALA SAKTI,Daftar pendek dalam Seleksi Sederhana berjumlah 3 sampai 5 Penyedia Jasa Konsultansi.(Perpres 54 pasal 44 ayat 4),,0,
4850198,Perencanaan Teknis Lanjutan peningkatan badan jalan usaha tani sungai tutung Desa Budaya Sungai Bawang Kec. Muara Badak,LPSE KABUPATEN KUTAI KARTANEGARA,CV. ASIPLANT CONSULTANT,Tidak Hadir Pembuktian Kualifikasi,,0,
4850198,Perencanaan Teknis Lanjutan peningkatan badan jalan usaha tani sungai tutung Desa Budaya Sungai Bawang Kec. Muara Badak,LPSE KABUPATEN KUTAI KARTANEGARA,PT. ARISTA GEMILANG KONSULINDO,Tidak Hadir Pembuktian Kualifikasi,,0,
4850198,Perencanaan Teknis Lanjutan peningkatan badan jalan usaha tani sungai tutung Desa Budaya Sungai Bawang Kec. Muara Badak,LPSE KABUPATEN KUTAI KARTANEGARA,CV.PUSAKA DIGJAYA,Daftar pendek dalam Seleksi Sederhana berjumlah 3 sampai 5 Penyedia Jasa Konsultansi.(Perpres 54 pasal 44 ayat 4),,0,
4850198,Perencanaan Teknis Lanjutan peningkatan badan jalan usaha tani sungai tutung Desa Budaya Sungai Bawang Kec. Muara Badak,LPSE KABUPATEN KUTAI KARTANEGARA,PT.CIDIACH KARYA NUSANTARA,Bukan Pemenang,"22,17",63960000,
4850198,Perencanaan Teknis Lanjutan peningkatan badan jalan usaha tani sungai tutung Desa Budaya Sungai Bawang Kec. Muara Badak,LPSE KABUPATEN KUTAI KARTANEGARA,CV. VISTAPLAN'79 CONSULTANT,Bukan Pemenang,"28,47",63710000,
4850198,Perencanaan Teknis Lanjutan peningkatan badan jalan usaha tani sungai tutung Desa Budaya Sungai Bawang Kec. Muara Badak,LPSE KABUPATEN KUTAI KARTANEGARA,CV. MATRIX CONSULTANT,Bukan Pemenang,"27,96",62260000,
4850198,Perencanaan Teknis Lanjutan peningkatan badan jalan usaha tani sungai tutung Desa Budaya Sungai Bawang Kec. Muara Badak,LPSE KABUPATEN KUTAI KARTANEGARA,CV. PATOYA INDAH,Daftar pendek dalam Seleksi Sederhana berjumlah 3 sampai 5 Penyedia Jasa Konsultansi.(Perpres 54 pasal 44 ayat 4),,0,
4850198,Perencanaan Teknis Lanjutan peningkatan badan jalan usaha tani sungai tutung Desa Budaya Sungai Bawang Kec. Muara Badak,LPSE KABUPATEN KUTAI KARTANEGARA,RIMA CIPTA CONSULTANT ( RCC ),Daftar pendek dalam Seleksi Sederhana berjumlah 3 sampai 5 Penyedia Jasa Konsultansi.(Perpres 54 pasal 44 ayat 4),,0,
4850198,Perencanaan Teknis Lanjutan peningkatan badan jalan usaha tani sungai tutung Desa Budaya Sungai Bawang Kec. Muara Badak,LPSE KABUPATEN KUTAI KARTANEGARA,CV. AKASAKA TEKNIKA CONSULTANT,Bukan Pemenang,"35,29",61000000,
4850198,Perencanaan Teknis Lanjutan peningkatan badan jalan usaha tani sungai tutung Desa Budaya Sungai Bawang Kec. Muara Badak,LPSE KABUPATEN KUTAI KARTANEGARA,PT. BRAMUDA SINERGY,Daftar pendek dalam Seleksi Sederhana berjumlah 3 sampai 5 Penyedia Jasa Konsultansi.(Perpres 54 pasal 44 ayat 4),,0,
4850198,Perencanaan Teknis Lanjutan peningkatan badan jalan usaha tani sungai tutung Desa Budaya Sungai Bawang Kec. Muara Badak,LPSE KABUPATEN KUTAI KARTANEGARA,CV. WAHANA CAHAYA KONSULTAN,Tidak Menghadiri Pembuktian,,0,
4850198,Perencanaan Teknis Lanjutan peningkatan badan jalan usaha tani sungai tutung Desa Budaya Sungai Bawang Kec. Muara Badak,LPSE KABUPATEN KUTAI KARTANEGARA,Ri N Ra Artha Karya,Tidak Menghadiri Pembuktian,,0,
4850198,Perencanaan Teknis Lanjutan peningkatan badan jalan usaha tani sungai tutung Desa Budaya Sungai Bawang Kec. Muara Badak,LPSE KABUPATEN KUTAI KARTANEGARA,CV. UNITED 07 CONSULTANT,Tidak Menghadiri Pembuktian,,0,
4850198,Perencanaan Teknis Lanjutan peningkatan badan jalan usaha tani sungai tutung Desa Budaya Sungai Bawang Kec. Muara Badak,LPSE KABUPATEN KUTAI KARTANEGARA,CV. EXECUTIVE 04 CONSULTANT,Tidak Menghadiri Pembuktian,,0,
4850198,Perencanaan Teknis Lanjutan peningkatan badan jalan usaha tani sungai tutung Desa Budaya Sungai Bawang Kec. Muara Badak,LPSE KABUPATEN KUTAI KARTANEGARA,CV. HERDA RIPTA LOKA,Tidak Menghadiri Pembuktian,,0,
4850198,Perencanaan Teknis Lanjutan peningkatan badan jalan usaha tani sungai tutung Desa Budaya Sungai Bawang Kec. Muara Badak,LPSE KABUPATEN KUTAI KARTANEGARA,CV. RASYA ALBAR CONSULTANT,Tidak Menghadiri Pembuktian,,0,
4692198,Perencanaan Normalisasi dan Perbaikan Total Pintu Waduk Handil Baru Gunung Tambi Kec. Samboja,LPSE KABUPATEN KUTAI KARTANEGARA,PT. MEGAPLAN Indoraya Esa,Pemenang,"75,75",105500000,
4692198,Perencanaan Normalisasi dan Perbaikan Total Pintu Waduk Handil Baru Gunung Tambi Kec. Samboja,LPSE KABUPATEN KUTAI KARTANEGARA,PT. BRAMUDA SINERGY,Bukan Pemenang,"72,93",115610000,
4692198,Perencanaan Normalisasi dan Perbaikan Total Pintu Waduk Handil Baru Gunung Tambi Kec. Samboja,LPSE KABUPATEN KUTAI KARTANEGARA,TEKNIKA KARYA KONSULTAN,Jangka waktu Pelaksaanan Tidak Sesuai,,0,
4692198,Perencanaan Normalisasi dan Perbaikan Total Pintu Waduk Handil Baru Gunung Tambi Kec. Samboja,LPSE KABUPATEN KUTAI KARTANEGARA,CV. RASYA ALBAR CONSULTANT,pajak tidak memenuhi,,0,
4692198,Perencanaan Normalisasi dan Perbaikan Total Pintu Waduk Handil Baru Gunung Tambi Kec. Samboja,LPSE KABUPATEN KUTAI KARTANEGARA,CV. Sakti Jaya Consultant,Bukan Pemenang,"60,73",110000000,
4692198,Perencanaan Normalisasi dan Perbaikan Total Pintu Waduk Handil Baru Gunung Tambi Kec. Samboja,LPSE KABUPATEN KUTAI KARTANEGARA,PT. TEKNIKAL GLOBAL KONSULTAN,pajak tidak memenuhi,,0,
4692198,Perencanaan Normalisasi dan Perbaikan Total Pintu Waduk Handil Baru Gunung Tambi Kec. Samboja,LPSE KABUPATEN KUTAI KARTANEGARA,CV. CITRA KOTA CONSULT,pajak tidak memenuhi,,0,
4692198,Perencanaan Normalisasi dan Perbaikan Total Pintu Waduk Handil Baru Gunung Tambi Kec. Samboja,LPSE KABUPATEN KUTAI KARTANEGARA,CV. JEVA UTAMA KONSULINDO,Tidak Menghadiri Pembuktian,,0,
4692198,Perencanaan Normalisasi dan Perbaikan Total Pintu Waduk Handil Baru Gunung Tambi Kec. Samboja,LPSE KABUPATEN KUTAI KARTANEGARA,PT. ASA DESAIN,Tidak Menghadiri Pembuktian,,0,
4692198,Perencanaan Normalisasi dan Perbaikan Total Pintu Waduk Handil Baru Gunung Tambi Kec. Samboja,LPSE KABUPATEN KUTAI KARTANEGARA,CV. WAHANA CAHAYA KONSULTAN,Tidak Menghadiri Pembuktian,,0,
4692198,Perencanaan Normalisasi dan Perbaikan Total Pintu Waduk Handil Baru Gunung Tambi Kec. Samboja,LPSE KABUPATEN KUTAI KARTANEGARA,PT. INTIMULYA MULTIKENCANA,Tidak Menghadiri Pembuktian,,0,
4692198,Perencanaan Normalisasi dan Perbaikan Total Pintu Waduk Handil Baru Gunung Tambi Kec. Samboja,LPSE KABUPATEN KUTAI KARTANEGARA,CV. SHACIO JAYA CONSULT,Tidak Menghadiri Pembuktian,,0,
4692198,Perencanaan Normalisasi dan Perbaikan Total Pintu Waduk Handil Baru Gunung Tambi Kec. Samboja,LPSE KABUPATEN KUTAI KARTANEGARA,Aurora Teknik Consultant,Tidak Menghadiri Pembuktian,,0,
4692198,Perencanaan Normalisasi dan Perbaikan Total Pintu Waduk Handil Baru Gunung Tambi Kec. Samboja,LPSE KABUPATEN KUTAI KARTANEGARA,CV. Citra Kalimantan,Tidak Menghadiri Pembuktian,,0,
4692198,Perencanaan Normalisasi dan Perbaikan Total Pintu Waduk Handil Baru Gunung Tambi Kec. Samboja,LPSE KABUPATEN KUTAI KARTANEGARA,CV. MUTIARA KARYA CONSULTANT,Tidak Menghadiri Pembuktian,,0,
4692198,Perencanaan Normalisasi dan Perbaikan Total Pintu Waduk Handil Baru Gunung Tambi Kec. Samboja,LPSE KABUPATEN KUTAI KARTANEGARA,PT. GEOMATIK CONSULTANT,Tidak Menghadiri Pembuktian,,0,
4692198,Perencanaan Normalisasi dan Perbaikan Total Pintu Waduk Handil Baru Gunung Tambi Kec. Samboja,LPSE KABUPATEN KUTAI KARTANEGARA,PT. ARCI PRATAMA KONSULTAN,Tidak Menghadiri Pembuktian,,0,
4692198,Perencanaan Normalisasi dan Perbaikan Total Pintu Waduk Handil Baru Gunung Tambi Kec. Samboja,LPSE KABUPATEN KUTAI KARTANEGARA,PT. Celebes Sarana Jasa,Tidak Menghadiri Pembuktian,,0,
4692198,Perencanaan Normalisasi dan Perbaikan Total Pintu Waduk Handil Baru Gunung Tambi Kec. Samboja,LPSE KABUPATEN KUTAI KARTANEGARA,PT. BINTANG TIRTA PRATAMA,Tidak Menghadiri Pembuktian,,0,
4692198,Perencanaan Normalisasi dan Perbaikan Total Pintu Waduk Handil Baru Gunung Tambi Kec. Samboja,LPSE KABUPATEN KUTAI KARTANEGARA,PT. DELIMA LAKSANA TATA,Tidak Menghadiri Pembuktian,,0,
4692198,Perencanaan Normalisasi dan Perbaikan Total Pintu Waduk Handil Baru Gunung Tambi Kec. Samboja,LPSE KABUPATEN KUTAI KARTANEGARA,PT. ARISTA GEMILANG KONSULINDO,Tidak Menghadiri Pembuktian,,0,
4692198,Perencanaan Normalisasi dan Perbaikan Total Pintu Waduk Handil Baru Gunung Tambi Kec. Samboja,LPSE KABUPATEN KUTAI KARTANEGARA,CV.Trikarya Utama,Tidak Menghadiri Pembuktian,,0,
4692198,Perencanaan Normalisasi dan Perbaikan Total Pintu Waduk Handil Baru Gunung Tambi Kec. Samboja,LPSE KABUPATEN KUTAI KARTANEGARA,CV. AUREL PRATAMA KARYA KONSULTAN,Tidak Menghadiri Pembuktian,,0,
4692198,Perencanaan Normalisasi dan Perbaikan Total Pintu Waduk Handil Baru Gunung Tambi Kec. Samboja,LPSE KABUPATEN KUTAI KARTANEGARA,Maju Bersama Bangsa,Tidak Menghadiri Pembuktian,,0,
4849198,Pengawasan Teknis Peningkatan Jalan Barong Tongkok - Semeru Menuju Jalan Darul Falah Kel Maluhu Kec. Tenggarong,LPSE KABUPATEN KUTAI KARTANEGARA,TEKNIKA KARYA KONSULTAN,Bukan Pemenang,"70,9",75680000,
4849198,Pengawasan Teknis Peningkatan Jalan Barong Tongkok - Semeru Menuju Jalan Darul Falah Kel Maluhu Kec. Tenggarong,LPSE KABUPATEN KUTAI KARTANEGARA,PT. BRAMUDA SINERGY,Bukan Pemenang,"76,81",79145000,
4849198,Pengawasan Teknis Peningkatan Jalan Barong Tongkok - Semeru Menuju Jalan Darul Falah Kel Maluhu Kec. Tenggarong,LPSE KABUPATEN KUTAI KARTANEGARA,"ARDHIA ASRI, CV",Pemenang,"78,28",81400000,
4849198,Pengawasan Teknis Peningkatan Jalan Barong Tongkok - Semeru Menuju Jalan Darul Falah Kel Maluhu Kec. Tenggarong,LPSE KABUPATEN KUTAI KARTANEGARA,CV. TOPOGRAFI CONSULTANT,Bukan Pemenang,"67,52",81427500,
4849198,Pengawasan Teknis Peningkatan Jalan Barong Tongkok - Semeru Menuju Jalan Darul Falah Kel Maluhu Kec. Tenggarong,LPSE KABUPATEN KUTAI KARTANEGARA,PT.CIDIACH KARYA NUSANTARA,Bukan Pemenang,"54,86",80960000,
4849198,Pengawasan Teknis Peningkatan Jalan Barong Tongkok - Semeru Menuju Jalan Darul Falah Kel Maluhu Kec. Tenggarong,LPSE KABUPATEN KUTAI KARTANEGARA,CV. VISTAPLAN'79 CONSULTANT,Tidak Menghadiri Pembuktian,,0,
4849198,Pengawasan Teknis Peningkatan Jalan Barong Tongkok - Semeru Menuju Jalan Darul Falah Kel Maluhu Kec. Tenggarong,LPSE KABUPATEN KUTAI KARTANEGARA,CV. JEVA UTAMA KONSULINDO,Tidak hadiri pembuktian Kualifikasi,,0,
4849198,Pengawasan Teknis Peningkatan Jalan Barong Tongkok - Semeru Menuju Jalan Darul Falah Kel Maluhu Kec. Tenggarong,LPSE KABUPATEN KUTAI KARTANEGARA,CV. MUTIARA KARYA CONSULTANT,Tidak hadiri pembuktian Kualifikasi,,0,
4849198,Pengawasan Teknis Peningkatan Jalan Barong Tongkok - Semeru Menuju Jalan Darul Falah Kel Maluhu Kec. Tenggarong,LPSE KABUPATEN KUTAI KARTANEGARA,PT. ARISTA GEMILANG KONSULINDO,Gugur Administrasi,,0,
4849198,Pengawasan Teknis Peningkatan Jalan Barong Tongkok - Semeru Menuju Jalan Darul Falah Kel Maluhu Kec. Tenggarong,LPSE KABUPATEN KUTAI KARTANEGARA,CV. MATRIX CONSULTANT,Tidak Menghadiri Pembuktian,,0,
4849198,Pengawasan Teknis Peningkatan Jalan Barong Tongkok - Semeru Menuju Jalan Darul Falah Kel Maluhu Kec. Tenggarong,LPSE KABUPATEN KUTAI KARTANEGARA,CV. Sakti Jaya Consultant,Tidak Menghadiri Pembuktian,,0,
4849198,Pengawasan Teknis Peningkatan Jalan Barong Tongkok - Semeru Menuju Jalan Darul Falah Kel Maluhu Kec. Tenggarong,LPSE KABUPATEN KUTAI KARTANEGARA,CV. CITRA KOTA CONSULT,Tidak Menghadiri Pembuktian,,0,
4849198,Pengawasan Teknis Peningkatan Jalan Barong Tongkok - Semeru Menuju Jalan Darul Falah Kel Maluhu Kec. Tenggarong,LPSE KABUPATEN KUTAI KARTANEGARA,CV. HERDA RIPTA LOKA,Tidak Menghadiri Pembuktian,,0,
4849198,Pengawasan Teknis Peningkatan Jalan Barong Tongkok - Semeru Menuju Jalan Darul Falah Kel Maluhu Kec. Tenggarong,LPSE KABUPATEN KUTAI KARTANEGARA,CV.SATRIA CONSULTANT,Tidak Menghadiri Pembuktian,,0,
4849198,Pengawasan Teknis Peningkatan Jalan Barong Tongkok - Semeru Menuju Jalan Darul Falah Kel Maluhu Kec. Tenggarong,LPSE KABUPATEN KUTAI KARTANEGARA,cv. aplikasi utama,Tidak Menghadiri Pembuktian,,0,
4849198,Pengawasan Teknis Peningkatan Jalan Barong Tongkok - Semeru Menuju Jalan Darul Falah Kel Maluhu Kec. Tenggarong,LPSE KABUPATEN KUTAI KARTANEGARA,CV.Trikarya Utama,Tidak Menghadiri Pembuktian,,0,
4849198,Pengawasan Teknis Peningkatan Jalan Barong Tongkok - Semeru Menuju Jalan Darul Falah Kel Maluhu Kec. Tenggarong,LPSE KABUPATEN KUTAI KARTANEGARA,CV. AUREL PRATAMA KARYA KONSULTAN,Tidak Menghadiri Pembuktian,,0,
4849198,Pengawasan Teknis Peningkatan Jalan Barong Tongkok - Semeru Menuju Jalan Darul Falah Kel Maluhu Kec. Tenggarong,LPSE KABUPATEN KUTAI KARTANEGARA,CV. ARCHI TEKNIK,Tidak Menghadiri Pembuktian,,0,
4802198,Perencanaan Lanjutan Pembangunan Gedung Serba Guna Dinas Pendidikan Kabupaten Kutai Kartanegara Seleksi Ulang,LPSE KABUPATEN KUTAI KARTANEGARA,CV. FASADE UTAMA,Pemenang,"77,43",174358470,
4802198,Perencanaan Lanjutan Pembangunan Gedung Serba Guna Dinas Pendidikan Kabupaten Kutai Kartanegara Seleksi Ulang,LPSE KABUPATEN KUTAI KARTANEGARA,PT. SULAPAAPPA MEDIA UTAMA,Tidak menghadiri undangan klarifikasi dan pembuktian kualifikasi,,0,
4802198,Perencanaan Lanjutan Pembangunan Gedung Serba Guna Dinas Pendidikan Kabupaten Kutai Kartanegara Seleksi Ulang,LPSE KABUPATEN KUTAI KARTANEGARA,CV. JEVA UTAMA KONSULINDO,'Tidak mengupload tenaga ahli yang disyaratkan didalam dokumen lelang.,,0,
4802198,Perencanaan Lanjutan Pembangunan Gedung Serba Guna Dinas Pendidikan Kabupaten Kutai Kartanegara Seleksi Ulang,LPSE KABUPATEN KUTAI KARTANEGARA,PT. ABDI SATRIA BHUMI,"'Tdk mengupload surat pernyataan tertulis bahwa badan usaha yang bersangkutan dan manajemennya tidak dalam pengawasan pengadilan, tidak pailit, kegiatan usahanya tidak sedang dihentikan dan/atau direksi yang bertindak untuk dan atas nama perusahaan tidak sedang dalam menjalani sanksi pidana dan pengurus dan badan usahanya tidak masuk dalam daftar hitam",,0,
4802198,Perencanaan Lanjutan Pembangunan Gedung Serba Guna Dinas Pendidikan Kabupaten Kutai Kartanegara Seleksi Ulang,LPSE KABUPATEN KUTAI KARTANEGARA,CV. SIKLUS TEKNIK KONSULTAN,"'Tdk mengupload surat pernyataan tertulis bahwa badan usaha yang bersangkutan dan manajemennya tidak dalam pengawasan pengadilan, tidak pailit, kegiatan usahanya tidak sedang dihentikan dan/atau direksi yang bertindak untuk dan atas nama perusahaan tidak sedang dalam menjalani sanksi pidana dan pengurus dan badan usahanya tidak masuk dalam daftar hitam",,0,
4802198,Perencanaan Lanjutan Pembangunan Gedung Serba Guna Dinas Pendidikan Kabupaten Kutai Kartanegara Seleksi Ulang,LPSE KABUPATEN KUTAI KARTANEGARA,CV. GLOTUS KONSULTAN,Tidak memasukan dokumen penawaran,,0,
4802198,Perencanaan Lanjutan Pembangunan Gedung Serba Guna Dinas Pendidikan Kabupaten Kutai Kartanegara Seleksi Ulang,LPSE KABUPATEN KUTAI KARTANEGARA,PT. MUARA CONSULT,Bukan Pemenang,"22,33",181040970,
4802198,Perencanaan Lanjutan Pembangunan Gedung Serba Guna Dinas Pendidikan Kabupaten Kutai Kartanegara Seleksi Ulang,LPSE KABUPATEN KUTAI KARTANEGARA,PT. BINA SARANA EKATAMA,Tidak menghadiri undangan klarifikasi dan pembuktian kualifikasi,,0,
4802198,Perencanaan Lanjutan Pembangunan Gedung Serba Guna Dinas Pendidikan Kabupaten Kutai Kartanegara Seleksi Ulang,LPSE KABUPATEN KUTAI KARTANEGARA,PT. ARISTA GEMILANG KONSULINDO,"'Tdk mengupload surat pernyataan tertulis bahwa badan usaha yang bersangkutan dan manajemennya tidak dalam pengawasan pengadilan, tidak pailit, kegiatan usahanya tidak sedang dihentikan dan/atau direksi yang bertindak untuk dan atas nama perusahaan tidak sedang dalam menjalani sanksi pidana dan pengurus dan badan usahanya tidak masuk dalam daftar hitam",,0,
4802198,Perencanaan Lanjutan Pembangunan Gedung Serba Guna Dinas Pendidikan Kabupaten Kutai Kartanegara Seleksi Ulang,LPSE KABUPATEN KUTAI KARTANEGARA,exindo consultant,'Tidak mengupload tenaga ahli yang disyaratkan didalam dokumen lelang.,,0,
4802198,Perencanaan Lanjutan Pembangunan Gedung Serba Guna Dinas Pendidikan Kabupaten Kutai Kartanegara Seleksi Ulang,LPSE KABUPATEN KUTAI KARTANEGARA,CV. EXECUTIVE 04 CONSULTANT,Tidak Menghadiri Pembuktian,,0,
4802198,Perencanaan Lanjutan Pembangunan Gedung Serba Guna Dinas Pendidikan Kabupaten Kutai Kartanegara Seleksi Ulang,LPSE KABUPATEN KUTAI KARTANEGARA,Maju Bersama Bangsa,Tidak Menghadiri Pembuktian,,0,
4802198,Perencanaan Lanjutan Pembangunan Gedung Serba Guna Dinas Pendidikan Kabupaten Kutai Kartanegara Seleksi Ulang,LPSE KABUPATEN KUTAI KARTANEGARA,CV. MUTIARA KARYA CONSULTANT,Tidak Menghadiri Pembuktian,,0,
4802198,Perencanaan Lanjutan Pembangunan Gedung Serba Guna Dinas Pendidikan Kabupaten Kutai Kartanegara Seleksi Ulang,LPSE KABUPATEN KUTAI KARTANEGARA,CV. UNITED 07 CONSULTANT,Tidak Menghadiri Pembuktian,,0,
4802198,Perencanaan Lanjutan Pembangunan Gedung Serba Guna Dinas Pendidikan Kabupaten Kutai Kartanegara Seleksi Ulang,LPSE KABUPATEN KUTAI KARTANEGARA,CV. Citra Kalimantan,Tidak Menghadiri Pembuktian,,0,
4802198,Perencanaan Lanjutan Pembangunan Gedung Serba Guna Dinas Pendidikan Kabupaten Kutai Kartanegara Seleksi Ulang,LPSE KABUPATEN KUTAI KARTANEGARA,CV. DIAN PERDANA KONSULTAN,Tidak Menghadiri Pembuktian,,0,
4802198,Perencanaan Lanjutan Pembangunan Gedung Serba Guna Dinas Pendidikan Kabupaten Kutai Kartanegara Seleksi Ulang,LPSE KABUPATEN KUTAI KARTANEGARA,CV. PRABUANA ENGINEER CONSULTANT,Tidak Menghadiri Pembuktian,,0,
4802198,Perencanaan Lanjutan Pembangunan Gedung Serba Guna Dinas Pendidikan Kabupaten Kutai Kartanegara Seleksi Ulang,LPSE KABUPATEN KUTAI KARTANEGARA,CV. AKASAKA TEKNIKA CONSULTANT,Tidak Menghadiri Pembuktian,,0,
4802198,Perencanaan Lanjutan Pembangunan Gedung Serba Guna Dinas Pendidikan Kabupaten Kutai Kartanegara Seleksi Ulang,LPSE KABUPATEN KUTAI KARTANEGARA,Ri N Ra Artha Karya,Tidak Menghadiri Pembuktian,,0,
4802198,Perencanaan Lanjutan Pembangunan Gedung Serba Guna Dinas Pendidikan Kabupaten Kutai Kartanegara Seleksi Ulang,LPSE KABUPATEN KUTAI KARTANEGARA,CV. Sawi Mahakam Consultant,Tidak Menghadiri Pembuktian,,0,
4802198,Perencanaan Lanjutan Pembangunan Gedung Serba Guna Dinas Pendidikan Kabupaten Kutai Kartanegara Seleksi Ulang,LPSE KABUPATEN KUTAI KARTANEGARA,PT. TEKNIKAL GLOBAL KONSULTAN,Tidak Menghadiri Pembuktian,,0,
4802198,Perencanaan Lanjutan Pembangunan Gedung Serba Guna Dinas Pendidikan Kabupaten Kutai Kartanegara Seleksi Ulang,LPSE KABUPATEN KUTAI KARTANEGARA,PT. GLOBAL MADANINDO KONSULTAN,Tidak Menghadiri Pembuktian,,0,
4802198,Perencanaan Lanjutan Pembangunan Gedung Serba Guna Dinas Pendidikan Kabupaten Kutai Kartanegara Seleksi Ulang,LPSE KABUPATEN KUTAI KARTANEGARA,cv. bola mandiri,Tidak Menghadiri Pembuktian,,0,
4802198,Perencanaan Lanjutan Pembangunan Gedung Serba Guna Dinas Pendidikan Kabupaten Kutai Kartanegara Seleksi Ulang,LPSE KABUPATEN KUTAI KARTANEGARA,TEKNIKA KARYA KONSULTAN,Tidak Menghadiri Pembuktian,,0,
4802198,Perencanaan Lanjutan Pembangunan Gedung Serba Guna Dinas Pendidikan Kabupaten Kutai Kartanegara Seleksi Ulang,LPSE KABUPATEN KUTAI KARTANEGARA,PT. MAHA KARUNA,Tidak Menghadiri Pembuktian,,0,
4802198,Perencanaan Lanjutan Pembangunan Gedung Serba Guna Dinas Pendidikan Kabupaten Kutai Kartanegara Seleksi Ulang,LPSE KABUPATEN KUTAI KARTANEGARA,cv. aplikasi utama,Tidak Menghadiri Pembuktian,,0,
4802198,Perencanaan Lanjutan Pembangunan Gedung Serba Guna Dinas Pendidikan Kabupaten Kutai Kartanegara Seleksi Ulang,LPSE KABUPATEN KUTAI KARTANEGARA,PT. ASA DESAIN,Tidak Menghadiri Pembuktian,,0,
4802198,Perencanaan Lanjutan Pembangunan Gedung Serba Guna Dinas Pendidikan Kabupaten Kutai Kartanegara Seleksi Ulang,LPSE KABUPATEN KUTAI KARTANEGARA,CV.GRIYA LOKA,Tidak Menghadiri Pembuktian,,0,
4802198,Perencanaan Lanjutan Pembangunan Gedung Serba Guna Dinas Pendidikan Kabupaten Kutai Kartanegara Seleksi Ulang,LPSE KABUPATEN KUTAI KARTANEGARA,CV. MILANA CONSULTANT,Tidak Menghadiri Pembuktian,,0,
4802198,Perencanaan Lanjutan Pembangunan Gedung Serba Guna Dinas Pendidikan Kabupaten Kutai Kartanegara Seleksi Ulang,LPSE KABUPATEN KUTAI KARTANEGARA,PT. Mitrakawasa Konsulindo,Tidak Menghadiri Pembuktian,,0,
4814198,Perencanaan Teknis Peningkatan Jalan Dusun Kuyung Kec. Muara Wis,LPSE KABUPATEN KUTAI KARTANEGARA,PT. BRAMUDA SINERGY,Bukan Pemenang,"72,11",115665000,
4814198,Perencanaan Teknis Peningkatan Jalan Dusun Kuyung Kec. Muara Wis,LPSE KABUPATEN KUTAI KARTANEGARA,CV. MUTIARA KARYA CONSULTANT,Bukan Pemenang,"72,35",120615000,
4814198,Perencanaan Teknis Peningkatan Jalan Dusun Kuyung Kec. Muara Wis,LPSE KABUPATEN KUTAI KARTANEGARA,PT. MARANNU MARAYA MAINDAN,Pemenang,"73,13",121330000,
4814198,Perencanaan Teknis Peningkatan Jalan Dusun Kuyung Kec. Muara Wis,LPSE KABUPATEN KUTAI KARTANEGARA,PT. TEKNIKAL GLOBAL KONSULTAN,"Gugur, Tidak Melengkapi Isian Kualifikasi / Tidak Diundang",,0,
4814198,Perencanaan Teknis Peningkatan Jalan Dusun Kuyung Kec. Muara Wis,LPSE KABUPATEN KUTAI KARTANEGARA,CV. WAHANA CAHAYA KONSULTAN,"Gugur, Tidak Melengkapi Isian Kualifikasi / Tidak Diundang",,0,
4814198,Perencanaan Teknis Peningkatan Jalan Dusun Kuyung Kec. Muara Wis,LPSE KABUPATEN KUTAI KARTANEGARA,CV.LIDIYA KARYA KONSULTAN,Bukan Pemenang,"11,91",119075000,
4814198,Perencanaan Teknis Peningkatan Jalan Dusun Kuyung Kec. Muara Wis,LPSE KABUPATEN KUTAI KARTANEGARA,PT.CIDIACH KARYA NUSANTARA,Tidak Hadir Pembuktian Kualifikasi,,0,
4814198,Perencanaan Teknis Peningkatan Jalan Dusun Kuyung Kec. Muara Wis,LPSE KABUPATEN KUTAI KARTANEGARA,CV. VISTAPLAN'79 CONSULTANT,Tidak Hadir Pembuktian Kualifikasi,,0,
4814198,Perencanaan Teknis Peningkatan Jalan Dusun Kuyung Kec. Muara Wis,LPSE KABUPATEN KUTAI KARTANEGARA,CV. Cremona Teknik Consultant,"Gugur, Tidak Melengkapi Isian Kualifikasi / Tidak Diundang",,0,
4814198,Perencanaan Teknis Peningkatan Jalan Dusun Kuyung Kec. Muara Wis,LPSE KABUPATEN KUTAI KARTANEGARA,RIMA CIPTA CONSULTANT ( RCC ),"Gugur, Tidak Melengkapi Isian Kualifikasi / Tidak Diundang",,0,
4814198,Perencanaan Teknis Peningkatan Jalan Dusun Kuyung Kec. Muara Wis,LPSE KABUPATEN KUTAI KARTANEGARA,CV. MATRIX CONSULTANT,Tidak Hadir Pembuktian Kualifikasi,,0,
4814198,Perencanaan Teknis Peningkatan Jalan Dusun Kuyung Kec. Muara Wis,LPSE KABUPATEN KUTAI KARTANEGARA,CV. JALA SAKTI,"Gugur, Tidak Melengkapi Isian Kualifikasi / Tidak Diundang",,0,
4814198,Perencanaan Teknis Peningkatan Jalan Dusun Kuyung Kec. Muara Wis,LPSE KABUPATEN KUTAI KARTANEGARA,TEKNIKA KARYA KONSULTAN,Bukan Pemenang,"31,55",118277000,
4814198,Perencanaan Teknis Peningkatan Jalan Dusun Kuyung Kec. Muara Wis,LPSE KABUPATEN KUTAI KARTANEGARA,CV.SATRIA CONSULTANT,Tidak Menghadiri Pembuktian,,0,
4814198,Perencanaan Teknis Peningkatan Jalan Dusun Kuyung Kec. Muara Wis,LPSE KABUPATEN KUTAI KARTANEGARA,CV. HERDA RIPTA LOKA,Tidak Menghadiri Pembuktian,,0,
4814198,Perencanaan Teknis Peningkatan Jalan Dusun Kuyung Kec. Muara Wis,LPSE KABUPATEN KUTAI KARTANEGARA,CV. ASIPLANT CONSULTANT,Tidak Menghadiri Pembuktian,,0,
4814198,Perencanaan Teknis Peningkatan Jalan Dusun Kuyung Kec. Muara Wis,LPSE KABUPATEN KUTAI KARTANEGARA,CV. PRIMA JAYA KONSULTAN,Tidak Menghadiri Pembuktian,,0,
4814198,Perencanaan Teknis Peningkatan Jalan Dusun Kuyung Kec. Muara Wis,LPSE KABUPATEN KUTAI KARTANEGARA,PT. ARISTA GEMILANG KONSULINDO,Tidak Menghadiri Pembuktian,,0,
4814198,Perencanaan Teknis Peningkatan Jalan Dusun Kuyung Kec. Muara Wis,LPSE KABUPATEN KUTAI KARTANEGARA,CITRA KONSTRUKSI,Tidak Menghadiri Pembuktian,,0,
4814198,Perencanaan Teknis Peningkatan Jalan Dusun Kuyung Kec. Muara Wis,LPSE KABUPATEN KUTAI KARTANEGARA,CV. RASYA ALBAR CONSULTANT,Tidak Menghadiri Pembuktian,,0,
4814198,Perencanaan Teknis Peningkatan Jalan Dusun Kuyung Kec. Muara Wis,LPSE KABUPATEN KUTAI KARTANEGARA,PT. Pancuran Rejeki Jaya,Tidak Menghadiri Pembuktian,,0,
4814198,Perencanaan Teknis Peningkatan Jalan Dusun Kuyung Kec. Muara Wis,LPSE KABUPATEN KUTAI KARTANEGARA,PT. ASA DESAIN,Tidak Menghadiri Pembuktian,,0,
4814198,Perencanaan Teknis Peningkatan Jalan Dusun Kuyung Kec. Muara Wis,LPSE KABUPATEN KUTAI KARTANEGARA,CV. JEVA UTAMA KONSULINDO,Tidak Menghadiri Pembuktian,,0,
4814198,Perencanaan Teknis Peningkatan Jalan Dusun Kuyung Kec. Muara Wis,LPSE KABUPATEN KUTAI KARTANEGARA,CV.Trikarya Utama,Tidak Menghadiri Pembuktian,,0,
4814198,Perencanaan Teknis Peningkatan Jalan Dusun Kuyung Kec. Muara Wis,LPSE KABUPATEN KUTAI KARTANEGARA,cv. aplikasi utama,Tidak Menghadiri Pembuktian,,0,
4814198,Perencanaan Teknis Peningkatan Jalan Dusun Kuyung Kec. Muara Wis,LPSE KABUPATEN KUTAI KARTANEGARA,CV. CITRA NUSANTARA JAYA,Tidak Menghadiri Pembuktian,,0,
4814198,Perencanaan Teknis Peningkatan Jalan Dusun Kuyung Kec. Muara Wis,LPSE KABUPATEN KUTAI KARTANEGARA,CV. ARISTA MANDIRI UTAMA KONSULTAN,Tidak Menghadiri Pembuktian,,0,
4807198,Perencanaan Teknis Penurapan Beton Penahan Sampah dan Kolam Lindi,LPSE KABUPATEN KUTAI KARTANEGARA,CV. MATRIX CONSULTANT,Pemenang,"72,83",104500000,
4807198,Perencanaan Teknis Penurapan Beton Penahan Sampah dan Kolam Lindi,LPSE KABUPATEN KUTAI KARTANEGARA,Ri N Ra Artha Karya,LULUS (TETAPI TIDAK MASUK DAFTAR PENDEK),,0,
4807198,Perencanaan Teknis Penurapan Beton Penahan Sampah dan Kolam Lindi,LPSE KABUPATEN KUTAI KARTANEGARA,CV. AKASAKA TEKNIKA CONSULTANT,SBU TIDAK SESUAI DENGAN YANG DI PERSYARATKAN,,0,
4807198,Perencanaan Teknis Penurapan Beton Penahan Sampah dan Kolam Lindi,LPSE KABUPATEN KUTAI KARTANEGARA,CV. Sawi Mahakam Consultant,SBU TIDAK SESUAI DENGAN YANG DI PERSYARATKAN,,0,
4807198,Perencanaan Teknis Penurapan Beton Penahan Sampah dan Kolam Lindi,LPSE KABUPATEN KUTAI KARTANEGARA,PT.CIDIACH KARYA NUSANTARA,Bukan Pemenang,"63,45",104770000,
4807198,Perencanaan Teknis Penurapan Beton Penahan Sampah dan Kolam Lindi,LPSE KABUPATEN KUTAI KARTANEGARA,CV. VISTAPLAN'79 CONSULTANT,Bukan Pemenang,"64,2",105050000,
4807198,Perencanaan Teknis Penurapan Beton Penahan Sampah dan Kolam Lindi,LPSE KABUPATEN KUTAI KARTANEGARA,PT. ARCHEAS,Tidak mengupload dokumen penawaran,,0,
4807198,Perencanaan Teknis Penurapan Beton Penahan Sampah dan Kolam Lindi,LPSE KABUPATEN KUTAI KARTANEGARA,PT. LAMIN CIPTA,Tidak mengupload dokumen penawaran,,0,
4807198,Perencanaan Teknis Penurapan Beton Penahan Sampah dan Kolam Lindi,LPSE KABUPATEN KUTAI KARTANEGARA,PT. TEKNIKAL GLOBAL KONSULTAN,TIDAK MENGHADIRI PEMBUKTIAN KUALIFIKASI,,0,
4807198,Perencanaan Teknis Penurapan Beton Penahan Sampah dan Kolam Lindi,LPSE KABUPATEN KUTAI KARTANEGARA,TEKNIKA KARYA KONSULTAN,TIDAK MENGHADIRI PEMBUKTIAN KUALIFIKASI,,0,
4807198,Perencanaan Teknis Penurapan Beton Penahan Sampah dan Kolam Lindi,LPSE KABUPATEN KUTAI KARTANEGARA,PT. SARANA DIAN PERSADA,Tidak Menghadiri Pembuktian,,0,
4807198,Perencanaan Teknis Penurapan Beton Penahan Sampah dan Kolam Lindi,LPSE KABUPATEN KUTAI KARTANEGARA,PT. INTIMULYA MULTIKENCANA,Tidak Menghadiri Pembuktian,,0,
4807198,Perencanaan Teknis Penurapan Beton Penahan Sampah dan Kolam Lindi,LPSE KABUPATEN KUTAI KARTANEGARA,Maju Bersama Bangsa,Tidak Menghadiri Pembuktian,,0,
4807198,Perencanaan Teknis Penurapan Beton Penahan Sampah dan Kolam Lindi,LPSE KABUPATEN KUTAI KARTANEGARA,CV. RASYA ALBAR CONSULTANT,Tidak Menghadiri Pembuktian,,0,
4807198,Perencanaan Teknis Penurapan Beton Penahan Sampah dan Kolam Lindi,LPSE KABUPATEN KUTAI KARTANEGARA,CV. PRIMA JAYA KONSULTAN,Tidak Menghadiri Pembuktian,,0,
4807198,Perencanaan Teknis Penurapan Beton Penahan Sampah dan Kolam Lindi,LPSE KABUPATEN KUTAI KARTANEGARA,CV. WAHANA CAHAYA KONSULTAN,Tidak Menghadiri Pembuktian,,0,
4807198,Perencanaan Teknis Penurapan Beton Penahan Sampah dan Kolam Lindi,LPSE KABUPATEN KUTAI KARTANEGARA,PT. BRAMUDA SINERGY,Tidak Menghadiri Pembuktian,,0,
4807198,Perencanaan Teknis Penurapan Beton Penahan Sampah dan Kolam Lindi,LPSE KABUPATEN KUTAI KARTANEGARA,PT. ARISTA GEMILANG KONSULINDO,Tidak Menghadiri Pembuktian,,0,
4807198,Perencanaan Teknis Penurapan Beton Penahan Sampah dan Kolam Lindi,LPSE KABUPATEN KUTAI KARTANEGARA,PT. ASA DESAIN,Tidak Menghadiri Pembuktian,,0,
4807198,Perencanaan Teknis Penurapan Beton Penahan Sampah dan Kolam Lindi,LPSE KABUPATEN KUTAI KARTANEGARA,CV. JEVA UTAMA KONSULINDO,Tidak Menghadiri Pembuktian,,0,
4807198,Perencanaan Teknis Penurapan Beton Penahan Sampah dan Kolam Lindi,LPSE KABUPATEN KUTAI KARTANEGARA,CV. Cremona Teknik Consultant,Tidak Menghadiri Pembuktian,,0,
4807198,Perencanaan Teknis Penurapan Beton Penahan Sampah dan Kolam Lindi,LPSE KABUPATEN KUTAI KARTANEGARA,CV. HERDA RIPTA LOKA,Tidak Menghadiri Pembuktian,,0,
4773198,Perencanaan Teknis Normalisasi dan Pembuatan Checkdam Sungai Keliran Kecamatan Kenohan,LPSE KABUPATEN KUTAI KARTANEGARA,CV. PATOYA INDAH,Pemenang,"88,2",70840000,
4773198,Perencanaan Teknis Normalisasi dan Pembuatan Checkdam Sungai Keliran Kecamatan Kenohan,LPSE KABUPATEN KUTAI KARTANEGARA,CV. Sakti Jaya Consultant,Bukan Pemenang,"81,66",71472500,
4773198,Perencanaan Teknis Normalisasi dan Pembuatan Checkdam Sungai Keliran Kecamatan Kenohan,LPSE KABUPATEN KUTAI KARTANEGARA,RIMA CIPTA CONSULTANT ( RCC ),Gugur/Tidak menyampaikan penawaran Teknis,,0,
4773198,Perencanaan Teknis Normalisasi dan Pembuatan Checkdam Sungai Keliran Kecamatan Kenohan,LPSE KABUPATEN KUTAI KARTANEGARA,CV. DEKON,Gugur/Tidak menyampaikan penawaran Teknis,,0,
4773198,Perencanaan Teknis Normalisasi dan Pembuatan Checkdam Sungai Keliran Kecamatan Kenohan,LPSE KABUPATEN KUTAI KARTANEGARA,CV. Enggang Cipta Consultant,Gugur/Tidak menyampaikan penawaran Teknis,,0,
4773198,Perencanaan Teknis Normalisasi dan Pembuatan Checkdam Sungai Keliran Kecamatan Kenohan,LPSE KABUPATEN KUTAI KARTANEGARA,CV. Pilar Nusantara Consultant,Lulus tidak diundang,,0,
4773198,Perencanaan Teknis Normalisasi dan Pembuatan Checkdam Sungai Keliran Kecamatan Kenohan,LPSE KABUPATEN KUTAI KARTANEGARA,PT. ARISTA GEMILANG KONSULINDO,Tidak hadir pembuktian kualifikasi,,0,
4773198,Perencanaan Teknis Normalisasi dan Pembuatan Checkdam Sungai Keliran Kecamatan Kenohan,LPSE KABUPATEN KUTAI KARTANEGARA,CV. RASYA ALBAR CONSULTANT,Tidak hadir pembuktian kualifikasi,,0,
4773198,Perencanaan Teknis Normalisasi dan Pembuatan Checkdam Sungai Keliran Kecamatan Kenohan,LPSE KABUPATEN KUTAI KARTANEGARA,CV. FASADE UTAMA,Tidak Menghadiri Pembuktian,,0,
4773198,Perencanaan Teknis Normalisasi dan Pembuatan Checkdam Sungai Keliran Kecamatan Kenohan,LPSE KABUPATEN KUTAI KARTANEGARA,PT. BRAMUDA SINERGY,Tidak Menghadiri Pembuktian,,0,
4773198,Perencanaan Teknis Normalisasi dan Pembuatan Checkdam Sungai Keliran Kecamatan Kenohan,LPSE KABUPATEN KUTAI KARTANEGARA,PT. INTIMULYA MULTIKENCANA,Tidak Menghadiri Pembuktian,,0,
4773198,Perencanaan Teknis Normalisasi dan Pembuatan Checkdam Sungai Keliran Kecamatan Kenohan,LPSE KABUPATEN KUTAI KARTANEGARA,CV. Cremona Teknik Consultant,Tidak Menghadiri Pembuktian,,0,
4784198,Pengawasan Lanjutan Pembangunan Gedung Kantor ,LPSE KABUPATEN KUTAI KARTANEGARA,CV. GLOTUS KONSULTAN,Pemenang,"78,45",92950000,
4784198,Pengawasan Lanjutan Pembangunan Gedung Kantor ,LPSE KABUPATEN KUTAI KARTANEGARA,CV. MUTIARA KARYA CONSULTANT,TIDAK HADIR PEMBUKTIAN KUALIFIKASI,,0,
4784198,Pengawasan Lanjutan Pembangunan Gedung Kantor ,LPSE KABUPATEN KUTAI KARTANEGARA,CV. JALA SAKTI,TIDAK DIUNDANG PEMBUKTIAN KUALIFIKASI (PAJAK BULAN APRIL TIDAK DICANTUMKAN PADA DATA KUALIFIKASI),,0,
4784198,Pengawasan Lanjutan Pembangunan Gedung Kantor ,LPSE KABUPATEN KUTAI KARTANEGARA,CV. NUSA PRATAMA,TIDAK DIUNDANG PEMBUKTIAN KUALIFIKASI (IUJK DAN SITU TELAH HABIS MASA BERLAKUNYA),,0,
4784198,Pengawasan Lanjutan Pembangunan Gedung Kantor ,LPSE KABUPATEN KUTAI KARTANEGARA,PT. ARISTA GEMILANG KONSULINDO,TIDAK DIUNDANG PEMBUKTIAN KUALIFIKASI (PAJAK BULAN APRIL TIDAK DICANTUMKAN PADA DATA KUALIFIKASI),,0,
4784198,Pengawasan Lanjutan Pembangunan Gedung Kantor ,LPSE KABUPATEN KUTAI KARTANEGARA,TEKNIKA KARYA KONSULTAN,Bukan Pemenang,"63,33",95810000,
4784198,Pengawasan Lanjutan Pembangunan Gedung Kantor ,LPSE KABUPATEN KUTAI KARTANEGARA,JASA PRIBHUNI,TIDAK DIUNDANG PEMBUKTIAN KUALIFIKASI (SBU TELAH HABIS MASA BERLAKUNYA),,0,
4784198,Pengawasan Lanjutan Pembangunan Gedung Kantor ,LPSE KABUPATEN KUTAI KARTANEGARA,PT. MUARA CONSULT,Bukan Pemenang,,96380000,
4784198,Pengawasan Lanjutan Pembangunan Gedung Kantor ,LPSE KABUPATEN KUTAI KARTANEGARA,CV. FASADE UTAMA,Bukan Pemenang,"63,38",91980000,
4784198,Pengawasan Lanjutan Pembangunan Gedung Kantor ,LPSE KABUPATEN KUTAI KARTANEGARA,CV. MILANA CONSULTANT,Bukan Pemenang,,90880000,
4784198,Pengawasan Lanjutan Pembangunan Gedung Kantor ,LPSE KABUPATEN KUTAI KARTANEGARA,Ri N Ra Artha Karya,TIDAK HADIR PEMBUKTIAN KUALIFIKASI,,0,
4784198,Pengawasan Lanjutan Pembangunan Gedung Kantor ,LPSE KABUPATEN KUTAI KARTANEGARA,CV. Sawi Mahakam Consultant,TIDAK HADIR PEMBUKTIAN KUALIFIKASI,,0,
4784198,Pengawasan Lanjutan Pembangunan Gedung Kantor ,LPSE KABUPATEN KUTAI KARTANEGARA,CV. AKASAKA TEKNIKA CONSULTANT,TIDAK HADIR PEMBUKTIAN KUALIFIKASI,,0,
4784198,Pengawasan Lanjutan Pembangunan Gedung Kantor ,LPSE KABUPATEN KUTAI KARTANEGARA,CV. PORTAL CONSULTANT,Tidak Menghadiri Pembuktian,,0,
4784198,Pengawasan Lanjutan Pembangunan Gedung Kantor ,LPSE KABUPATEN KUTAI KARTANEGARA,PT. BINA SARANA EKATAMA,Tidak Menghadiri Pembuktian,,0,
4784198,Pengawasan Lanjutan Pembangunan Gedung Kantor ,LPSE KABUPATEN KUTAI KARTANEGARA,PT. ASA DESAIN,Tidak Menghadiri Pembuktian,,0,
4784198,Pengawasan Lanjutan Pembangunan Gedung Kantor ,LPSE KABUPATEN KUTAI KARTANEGARA,CV.Trikarya Utama,Tidak Menghadiri Pembuktian,,0,
4784198,Pengawasan Lanjutan Pembangunan Gedung Kantor ,LPSE KABUPATEN KUTAI KARTANEGARA,CV. PATOYA INDAH,Tidak Menghadiri Pembuktian,,0,
4784198,Pengawasan Lanjutan Pembangunan Gedung Kantor ,LPSE KABUPATEN KUTAI KARTANEGARA,CV. HERDA RIPTA LOKA,Tidak Menghadiri Pembuktian,,0,
4784198,Pengawasan Lanjutan Pembangunan Gedung Kantor ,LPSE KABUPATEN KUTAI KARTANEGARA,CV. ERA TEKNIK CONSULTANT,Tidak Menghadiri Pembuktian,,0,
4784198,Pengawasan Lanjutan Pembangunan Gedung Kantor ,LPSE KABUPATEN KUTAI KARTANEGARA,PT. AGRO TEKNIK KONSULTAMA,Tidak Menghadiri Pembuktian,,0,
4784198,Pengawasan Lanjutan Pembangunan Gedung Kantor ,LPSE KABUPATEN KUTAI KARTANEGARA,PT. Multi Kharisma Guna Karya,Tidak Menghadiri Pembuktian,,0,
4784198,Pengawasan Lanjutan Pembangunan Gedung Kantor ,LPSE KABUPATEN KUTAI KARTANEGARA,PT. Mitrakawasa Konsulindo,Tidak Menghadiri Pembuktian,,0,
4783198,Pengawasan Teknis Lanjutan Rehabilitasi Total SDN 006 Kec. Loa Janan,LPSE KABUPATEN KUTAI KARTANEGARA,CV. CATUR KARYA,Pemenang,"88,75",93350000,
4783198,Pengawasan Teknis Lanjutan Rehabilitasi Total SDN 006 Kec. Loa Janan,LPSE KABUPATEN KUTAI KARTANEGARA,CV. JALA SAKTI,"Tidak Memasukan Dokumen Penawan Administrasi, Teknis dan BiayaLulus/Diundang Daftar Pendek",,0,
4783198,Pengawasan Teknis Lanjutan Rehabilitasi Total SDN 006 Kec. Loa Janan,LPSE KABUPATEN KUTAI KARTANEGARA,cv. aplikasi utama,Dokumen Penawaran Administrasi Tidak Sesuai Dengan Dokumen LelangLulus/Diundang Daftar Pendek,,0,
4783198,Pengawasan Teknis Lanjutan Rehabilitasi Total SDN 006 Kec. Loa Janan,LPSE KABUPATEN KUTAI KARTANEGARA,CV. MUTIARA KARYA CONSULTANT,Tidak hadir Pembuktian Kualifikasi,,0,
4783198,Pengawasan Teknis Lanjutan Rehabilitasi Total SDN 006 Kec. Loa Janan,LPSE KABUPATEN KUTAI KARTANEGARA,PT.TEKNIK EKSAKTA,Dokumen Penawaran Administrasi Tidak Sesuai Dengan Dokumen LelangLulus/Diundang Daftar Pendek,,0,
4783198,Pengawasan Teknis Lanjutan Rehabilitasi Total SDN 006 Kec. Loa Janan,LPSE KABUPATEN KUTAI KARTANEGARA,CV. DARMA CITRA UTAMA,Tidak Menghadiri Pembuktian,,0,
4783198,Pengawasan Teknis Lanjutan Rehabilitasi Total SDN 006 Kec. Loa Janan,LPSE KABUPATEN KUTAI KARTANEGARA,CV. CITA CIPTA CITRA CENDIKIA,Tidak Menghadiri Pembuktian,,0,
4783198,Pengawasan Teknis Lanjutan Rehabilitasi Total SDN 006 Kec. Loa Janan,LPSE KABUPATEN KUTAI KARTANEGARA,PT. CAINAWA,Tidak Menghadiri Pembuktian,,0,
4783198,Pengawasan Teknis Lanjutan Rehabilitasi Total SDN 006 Kec. Loa Janan,LPSE KABUPATEN KUTAI KARTANEGARA,CV.Trikarya Utama,Tidak Menghadiri Pembuktian,,0,
4783198,Pengawasan Teknis Lanjutan Rehabilitasi Total SDN 006 Kec. Loa Janan,LPSE KABUPATEN KUTAI KARTANEGARA,CV. NUSA PRATAMA,Tidak Menghadiri Pembuktian,,0,
4783198,Pengawasan Teknis Lanjutan Rehabilitasi Total SDN 006 Kec. Loa Janan,LPSE KABUPATEN KUTAI KARTANEGARA,TEKNIKA KARYA KONSULTAN,Tidak Menghadiri Pembuktian,,0,
4783198,Pengawasan Teknis Lanjutan Rehabilitasi Total SDN 006 Kec. Loa Janan,LPSE KABUPATEN KUTAI KARTANEGARA,CV.ALFARES ANUGRAH CONSULT,Tidak Menghadiri Pembuktian,,0,
4783198,Pengawasan Teknis Lanjutan Rehabilitasi Total SDN 006 Kec. Loa Janan,LPSE KABUPATEN KUTAI KARTANEGARA,PT. ARISTA GEMILANG KONSULINDO,Tidak Menghadiri Pembuktian,,0,
4696198,Pengawasan Teknis Lanjutan Peningkatan Jalan Mangkurawang- Rapak Lambur,LPSE KABUPATEN KUTAI KARTANEGARA,CV. VISTAPLAN'79 CONSULTANT,Pemenang,"67,64",111100000,
4696198,Pengawasan Teknis Lanjutan Peningkatan Jalan Mangkurawang- Rapak Lambur,LPSE KABUPATEN KUTAI KARTANEGARA,PT.CIDIACH KARYA NUSANTARA,Bukan Pemenang,"57,99",112145000,
4696198,Pengawasan Teknis Lanjutan Peningkatan Jalan Mangkurawang- Rapak Lambur,LPSE KABUPATEN KUTAI KARTANEGARA,CV. Sakti Jaya Consultant,Tidak menghadiri pembuktian kualifikasi,,0,
4696198,Pengawasan Teknis Lanjutan Peningkatan Jalan Mangkurawang- Rapak Lambur,LPSE KABUPATEN KUTAI KARTANEGARA,cv. aplikasi utama,Gugur administrasi,,0,
4696198,Pengawasan Teknis Lanjutan Peningkatan Jalan Mangkurawang- Rapak Lambur,LPSE KABUPATEN KUTAI KARTANEGARA,CV.Trikarya Utama,Tidak menghadiri pembuktian kualifikasi,,0,
4696198,Pengawasan Teknis Lanjutan Peningkatan Jalan Mangkurawang- Rapak Lambur,LPSE KABUPATEN KUTAI KARTANEGARA,CV. MATRIX CONSULTANT,Tidak Menghadiri Pembuktian,,0,
4696198,Pengawasan Teknis Lanjutan Peningkatan Jalan Mangkurawang- Rapak Lambur,LPSE KABUPATEN KUTAI KARTANEGARA,CV. EXECUTIVE 04 CONSULTANT,Bukan Pemenang,"51,84",109208000,
4696198,Pengawasan Teknis Lanjutan Peningkatan Jalan Mangkurawang- Rapak Lambur,LPSE KABUPATEN KUTAI KARTANEGARA,TEKNIKA KARYA KONSULTAN,Bukan Pemenang,"27,52",110055000,
4696198,Pengawasan Teknis Lanjutan Peningkatan Jalan Mangkurawang- Rapak Lambur,LPSE KABUPATEN KUTAI KARTANEGARA,CV. UNITED 07 CONSULTANT,Bukan Pemenang,"52,24",110803000,
4696198,Pengawasan Teknis Lanjutan Peningkatan Jalan Mangkurawang- Rapak Lambur,LPSE KABUPATEN KUTAI KARTANEGARA,CV. CITA CIPTA CITRA CENDIKIA,Tidak Menghadiri Pembuktian,,0,
4696198,Pengawasan Teknis Lanjutan Peningkatan Jalan Mangkurawang- Rapak Lambur,LPSE KABUPATEN KUTAI KARTANEGARA,TENGKONINDO TEKNIK GEOSPASIAL,Tidak Menghadiri Pembuktian,,0,
4696198,Pengawasan Teknis Lanjutan Peningkatan Jalan Mangkurawang- Rapak Lambur,LPSE KABUPATEN KUTAI KARTANEGARA,CV. APO KHAYAN CONSULTANT,Tidak Menghadiri Pembuktian,,0,
4696198,Pengawasan Teknis Lanjutan Peningkatan Jalan Mangkurawang- Rapak Lambur,LPSE KABUPATEN KUTAI KARTANEGARA,CV. RASYA ALBAR CONSULTANT,Tidak Menghadiri Pembuktian,,0,
4696198,Pengawasan Teknis Lanjutan Peningkatan Jalan Mangkurawang- Rapak Lambur,LPSE KABUPATEN KUTAI KARTANEGARA,CV. Sawi Mahakam Consultant,Tidak Menghadiri Pembuktian,,0,
4696198,Pengawasan Teknis Lanjutan Peningkatan Jalan Mangkurawang- Rapak Lambur,LPSE KABUPATEN KUTAI KARTANEGARA,CV. MUTIARA KARYA CONSULTANT,Tidak Menghadiri Pembuktian,,0,
4696198,Pengawasan Teknis Lanjutan Peningkatan Jalan Mangkurawang- Rapak Lambur,LPSE KABUPATEN KUTAI KARTANEGARA,PT. ARISTA GEMILANG KONSULINDO,Tidak Menghadiri Pembuktian,,0,
4696198,Pengawasan Teknis Lanjutan Peningkatan Jalan Mangkurawang- Rapak Lambur,LPSE KABUPATEN KUTAI KARTANEGARA,PT. CAINAWA,Tidak Menghadiri Pembuktian,,0,
4696198,Pengawasan Teknis Lanjutan Peningkatan Jalan Mangkurawang- Rapak Lambur,LPSE KABUPATEN KUTAI KARTANEGARA,PT. BINTANG TIRTA PRATAMA,Tidak Menghadiri Pembuktian,,0,
4760198,"Perencanaan Teknis Pemagaran, Penataan Taman, Landscaping Keliling Puskesmas Rapak Mahang",LPSE KABUPATEN KUTAI KARTANEGARA,CV. VISTAPLAN'79 CONSULTANT,Pemenang,"67,53",82225000,
4760198,"Perencanaan Teknis Pemagaran, Penataan Taman, Landscaping Keliling Puskesmas Rapak Mahang",LPSE KABUPATEN KUTAI KARTANEGARA,CV. JALA SAKTI,Lulus tetapi hanya maksimal 5 Penyedia yang diundang untuk daftar pendek untuk seleksi sederhana (sesuai dengan urutan terbaik),,0,
4760198,"Perencanaan Teknis Pemagaran, Penataan Taman, Landscaping Keliling Puskesmas Rapak Mahang",LPSE KABUPATEN KUTAI KARTANEGARA,CV. MATRIX CONSULTANT,Lulus tetapi hanya maksimal 5 Penyedia yang diundang untuk daftar pendek untuk seleksi sederhana (sesuai dengan urutan terbaik),,0,
4760198,"Perencanaan Teknis Pemagaran, Penataan Taman, Landscaping Keliling Puskesmas Rapak Mahang",LPSE KABUPATEN KUTAI KARTANEGARA,PT.CIDIACH KARYA NUSANTARA,Bukan Pemenang,"58,65",83050000,
4760198,"Perencanaan Teknis Pemagaran, Penataan Taman, Landscaping Keliling Puskesmas Rapak Mahang",LPSE KABUPATEN KUTAI KARTANEGARA,"ARDHIA ASRI, CV",Lulus tetapi hanya maksimal 5 Penyedia yang diundang untuk daftar pendek untuk seleksi sederhana (sesuai dengan urutan terbaik),,0,
4760198,"Perencanaan Teknis Pemagaran, Penataan Taman, Landscaping Keliling Puskesmas Rapak Mahang",LPSE KABUPATEN KUTAI KARTANEGARA,TEKNIKA KARYA KONSULTAN,Bukan Pemenang,"41,89",80080000,
4760198,"Perencanaan Teknis Pemagaran, Penataan Taman, Landscaping Keliling Puskesmas Rapak Mahang",LPSE KABUPATEN KUTAI KARTANEGARA,CV. ASIPLANT CONSULTANT,Lulus tetapi hanya maksimal 5 Penyedia yang diundang untuk daftar pendek untuk seleksi sederhana (sesuai dengan urutan terbaik),,0,
4760198,"Perencanaan Teknis Pemagaran, Penataan Taman, Landscaping Keliling Puskesmas Rapak Mahang",LPSE KABUPATEN KUTAI KARTANEGARA,CV. WAHANA BHAKTI CONSULTANT,Tidak melampirkan - Rincian Biaya Langsung Non PersonilMasuk Daftar Pendek,,0,
4760198,"Perencanaan Teknis Pemagaran, Penataan Taman, Landscaping Keliling Puskesmas Rapak Mahang",LPSE KABUPATEN KUTAI KARTANEGARA,CV. Citra Kalimantan,Lulus tetapi hanya maksimal 5 Penyedia yang diundang untuk daftar pendek untuk seleksi sederhana (sesuai dengan urutan terbaik),,0,
4760198,"Perencanaan Teknis Pemagaran, Penataan Taman, Landscaping Keliling Puskesmas Rapak Mahang",LPSE KABUPATEN KUTAI KARTANEGARA,PT.ASRI ADYATAMA,Lulus tetapi hanya maksimal 5 Penyedia yang diundang untuk daftar pendek untuk seleksi sederhana (sesuai dengan urutan terbaik),,0,
4760198,"Perencanaan Teknis Pemagaran, Penataan Taman, Landscaping Keliling Puskesmas Rapak Mahang",LPSE KABUPATEN KUTAI KARTANEGARA,PT. WINAGUNA SARANA TEKNIK,"Tidak memasukkan/meng-upload dokumen Penawaran Administrasi, Teknis dan HargaMasuk Daftar Pendek",,0,
4760198,"Perencanaan Teknis Pemagaran, Penataan Taman, Landscaping Keliling Puskesmas Rapak Mahang",LPSE KABUPATEN KUTAI KARTANEGARA,PT. GENTA PERTIWI KONSULTAN,Tidak lulus Administrasi : SBU Masa berlakunya habis di Tabel Isian kualifikasi,,0,
4760198,"Perencanaan Teknis Pemagaran, Penataan Taman, Landscaping Keliling Puskesmas Rapak Mahang",LPSE KABUPATEN KUTAI KARTANEGARA,PT. ASA DESAIN,Tidak Menghadiri Pembuktian,,0,
4760198,"Perencanaan Teknis Pemagaran, Penataan Taman, Landscaping Keliling Puskesmas Rapak Mahang",LPSE KABUPATEN KUTAI KARTANEGARA,CV. EXECUTIVE 04 CONSULTANT,Tidak Menghadiri Pembuktian,,0,
4760198,"Perencanaan Teknis Pemagaran, Penataan Taman, Landscaping Keliling Puskesmas Rapak Mahang",LPSE KABUPATEN KUTAI KARTANEGARA,CV. APO KHAYAN CONSULTANT,Tidak Menghadiri Pembuktian,,0,
4760198,"Perencanaan Teknis Pemagaran, Penataan Taman, Landscaping Keliling Puskesmas Rapak Mahang",LPSE KABUPATEN KUTAI KARTANEGARA,CV. EMWE BERSAUDARA,Tidak Menghadiri Pembuktian,,0,
4760198,"Perencanaan Teknis Pemagaran, Penataan Taman, Landscaping Keliling Puskesmas Rapak Mahang",LPSE KABUPATEN KUTAI KARTANEGARA,PT. ARISTA GEMILANG KONSULINDO,Tidak Menghadiri Pembuktian,,0,
4759198,Review Perencanaan Teknis Pembangunan Puskesmas Muara Badak (Lanjutan),LPSE KABUPATEN KUTAI KARTANEGARA,PT. WINAGUNA SARANA TEKNIK,Pemenang,"73,32",169180000,
4759198,Review Perencanaan Teknis Pembangunan Puskesmas Muara Badak (Lanjutan),LPSE KABUPATEN KUTAI KARTANEGARA,PT.CIDIACH KARYA NUSANTARA,Bukan Pemenang,"68,52",172920000,
4759198,Review Perencanaan Teknis Pembangunan Puskesmas Muara Badak (Lanjutan),LPSE KABUPATEN KUTAI KARTANEGARA,CV. PRABUANA ENGINEER CONSULTANT,Bukan Pemenang,"71,39",173635000,
4759198,Review Perencanaan Teknis Pembangunan Puskesmas Muara Badak (Lanjutan),LPSE KABUPATEN KUTAI KARTANEGARA,CV.PUSAKA DIGJAYA,Lulus tetapi hanya maksimal 5 Penyedia yang diundang untuk daftar pendek untuk seleksi sederhana (sesuai dengan urutan terbaik),,0,
4759198,Review Perencanaan Teknis Pembangunan Puskesmas Muara Badak (Lanjutan),LPSE KABUPATEN KUTAI KARTANEGARA,CV. MATRIX CONSULTANT,Lulus tetapi hanya maksimal 5 Penyedia yang diundang untuk daftar pendek untuk seleksi sederhana (sesuai dengan urutan terbaik),,0,
4759198,Review Perencanaan Teknis Pembangunan Puskesmas Muara Badak (Lanjutan),LPSE KABUPATEN KUTAI KARTANEGARA,CV. VISTAPLAN'79 CONSULTANT,Bukan Pemenang,"38,76",173690000,
4759198,Review Perencanaan Teknis Pembangunan Puskesmas Muara Badak (Lanjutan),LPSE KABUPATEN KUTAI KARTANEGARA,CV. ARCHIVIL ENGINEERING,Tidak Lulus Administrasi : SBU Habis masa berlakunya di tabel isian kualifikasi,,0,
4759198,Review Perencanaan Teknis Pembangunan Puskesmas Muara Badak (Lanjutan),LPSE KABUPATEN KUTAI KARTANEGARA,TEKNIKA KARYA KONSULTAN,Lulus tetapi hanya maksimal 5 Penyedia yang diundang untuk daftar pendek untuk seleksi sederhana (sesuai dengan urutan terbaik),,0,
4759198,Review Perencanaan Teknis Pembangunan Puskesmas Muara Badak (Lanjutan),LPSE KABUPATEN KUTAI KARTANEGARA,CV. ASIPLANT CONSULTANT,Lulus tetapi hanya maksimal 5 Penyedia yang diundang untuk daftar pendek untuk seleksi sederhana (sesuai dengan urutan terbaik),,0,
4759198,Review Perencanaan Teknis Pembangunan Puskesmas Muara Badak (Lanjutan),LPSE KABUPATEN KUTAI KARTANEGARA,CV. WAHANA BHAKTI CONSULTANT,Bukan Pemenang,"63,27",171077000,
4759198,Review Perencanaan Teknis Pembangunan Puskesmas Muara Badak (Lanjutan),LPSE KABUPATEN KUTAI KARTANEGARA,PT. GENTA PERTIWI KONSULTAN,Tidak Lulus Administrasi : SBU Habis masa berlakunya di tabel isian kualifikasi,,0,
4759198,Review Perencanaan Teknis Pembangunan Puskesmas Muara Badak (Lanjutan),LPSE KABUPATEN KUTAI KARTANEGARA,CV. ARTHAKINDO,Tidak Menghadiri Pembuktian,,0,
4759198,Review Perencanaan Teknis Pembangunan Puskesmas Muara Badak (Lanjutan),LPSE KABUPATEN KUTAI KARTANEGARA,PT. ASA DESAIN,Tidak Menghadiri Pembuktian,,0,
4759198,Review Perencanaan Teknis Pembangunan Puskesmas Muara Badak (Lanjutan),LPSE KABUPATEN KUTAI KARTANEGARA,PT. ARISTA GEMILANG KONSULINDO,Tidak Menghadiri Pembuktian,,0,
4759198,Review Perencanaan Teknis Pembangunan Puskesmas Muara Badak (Lanjutan),LPSE KABUPATEN KUTAI KARTANEGARA,pt okubana konsultan,Tidak Menghadiri Pembuktian,,0,
4759198,Review Perencanaan Teknis Pembangunan Puskesmas Muara Badak (Lanjutan),LPSE KABUPATEN KUTAI KARTANEGARA,PT. TEKNIKAL GLOBAL KONSULTAN,Tidak Menghadiri Pembuktian,,0,
4759198,Review Perencanaan Teknis Pembangunan Puskesmas Muara Badak (Lanjutan),LPSE KABUPATEN KUTAI KARTANEGARA,CV. UNITED 07 CONSULTANT,Tidak Menghadiri Pembuktian,,0,
4759198,Review Perencanaan Teknis Pembangunan Puskesmas Muara Badak (Lanjutan),LPSE KABUPATEN KUTAI KARTANEGARA,CV. EXECUTIVE 04 CONSULTANT,Tidak Menghadiri Pembuktian,,0,
4759198,Review Perencanaan Teknis Pembangunan Puskesmas Muara Badak (Lanjutan),LPSE KABUPATEN KUTAI KARTANEGARA,CV. APO KHAYAN CONSULTANT,Tidak Menghadiri Pembuktian,,0,
4757198,Perencanaan Teknis Peningkatan Jalan Poros Muara Kaman Ulu Menuju Simpang Desa Sabintulung Kec. Muara Kaman,LPSE KABUPATEN KUTAI KARTANEGARA,CV.SATRIA CONSULTANT,Pemenang,"74,65",74052000,
4757198,Perencanaan Teknis Peningkatan Jalan Poros Muara Kaman Ulu Menuju Simpang Desa Sabintulung Kec. Muara Kaman,LPSE KABUPATEN KUTAI KARTANEGARA,PT. ARISTA GEMILANG KONSULINDO,Tidak Hadir Pembuktian Kualifikasi,,0,
4757198,Perencanaan Teknis Peningkatan Jalan Poros Muara Kaman Ulu Menuju Simpang Desa Sabintulung Kec. Muara Kaman,LPSE KABUPATEN KUTAI KARTANEGARA,CV.PUSAKA DIGJAYA,Tidak Hadir Pembuktian Kualifikasi,,0,
4757198,Perencanaan Teknis Peningkatan Jalan Poros Muara Kaman Ulu Menuju Simpang Desa Sabintulung Kec. Muara Kaman,LPSE KABUPATEN KUTAI KARTANEGARA,CV. WAHANA CAHAYA KONSULTAN,Tidak Hadir Pembuktian Kualifikasi,,0,
4757198,Perencanaan Teknis Peningkatan Jalan Poros Muara Kaman Ulu Menuju Simpang Desa Sabintulung Kec. Muara Kaman,LPSE KABUPATEN KUTAI KARTANEGARA,cv. aplikasi utama,Tidak Masuk Daftar Pendek,,0,
4757198,Perencanaan Teknis Peningkatan Jalan Poros Muara Kaman Ulu Menuju Simpang Desa Sabintulung Kec. Muara Kaman,LPSE KABUPATEN KUTAI KARTANEGARA,PT. BRAMUDA SINERGY,Tidak Masuk Daftar Pendek,,0,
4757198,Perencanaan Teknis Peningkatan Jalan Poros Muara Kaman Ulu Menuju Simpang Desa Sabintulung Kec. Muara Kaman,LPSE KABUPATEN KUTAI KARTANEGARA,"ARDHIA ASRI, CV",Bukan Pemenang,"55,51",74525000,
4757198,Perencanaan Teknis Peningkatan Jalan Poros Muara Kaman Ulu Menuju Simpang Desa Sabintulung Kec. Muara Kaman,LPSE KABUPATEN KUTAI KARTANEGARA,CV. Cremona Teknik Consultant,"GUGUR, Tidak Upload Dokumen Penawaran",,0,
4757198,Perencanaan Teknis Peningkatan Jalan Poros Muara Kaman Ulu Menuju Simpang Desa Sabintulung Kec. Muara Kaman,LPSE KABUPATEN KUTAI KARTANEGARA,AMBANA KARYA GROUP,Tidak Hadir Pembuktian Kualifikasi,,0,
4757198,Perencanaan Teknis Peningkatan Jalan Poros Muara Kaman Ulu Menuju Simpang Desa Sabintulung Kec. Muara Kaman,LPSE KABUPATEN KUTAI KARTANEGARA,TEKNIKA KARYA KONSULTAN,Bukan Pemenang,"54,44",67400000,
4757198,Perencanaan Teknis Peningkatan Jalan Poros Muara Kaman Ulu Menuju Simpang Desa Sabintulung Kec. Muara Kaman,LPSE KABUPATEN KUTAI KARTANEGARA,PT.ASRI ADYATAMA,Bukan Pemenang,"19,04",74800000,
4757198,Perencanaan Teknis Peningkatan Jalan Poros Muara Kaman Ulu Menuju Simpang Desa Sabintulung Kec. Muara Kaman,LPSE KABUPATEN KUTAI KARTANEGARA,PT. Erka Dua Cipta,Tidak Menghadiri Pembuktian,,0,
4757198,Perencanaan Teknis Peningkatan Jalan Poros Muara Kaman Ulu Menuju Simpang Desa Sabintulung Kec. Muara Kaman,LPSE KABUPATEN KUTAI KARTANEGARA,CV. EXECUTIVE 04 CONSULTANT,Tidak Menghadiri Pembuktian,,0,
4757198,Perencanaan Teknis Peningkatan Jalan Poros Muara Kaman Ulu Menuju Simpang Desa Sabintulung Kec. Muara Kaman,LPSE KABUPATEN KUTAI KARTANEGARA,CV. RASYA ALBAR CONSULTANT,Tidak Menghadiri Pembuktian,,0,
4757198,Perencanaan Teknis Peningkatan Jalan Poros Muara Kaman Ulu Menuju Simpang Desa Sabintulung Kec. Muara Kaman,LPSE KABUPATEN KUTAI KARTANEGARA,CV.Trikarya Utama,Tidak Menghadiri Pembuktian,,0,
4757198,Perencanaan Teknis Peningkatan Jalan Poros Muara Kaman Ulu Menuju Simpang Desa Sabintulung Kec. Muara Kaman,LPSE KABUPATEN KUTAI KARTANEGARA,PT.CIDIACH KARYA NUSANTARA,Tidak Menghadiri Pembuktian,,0,
4757198,Perencanaan Teknis Peningkatan Jalan Poros Muara Kaman Ulu Menuju Simpang Desa Sabintulung Kec. Muara Kaman,LPSE KABUPATEN KUTAI KARTANEGARA,CV. MANUNGGAL JAYA TEKNIK,Tidak Menghadiri Pembuktian,,0,
4757198,Perencanaan Teknis Peningkatan Jalan Poros Muara Kaman Ulu Menuju Simpang Desa Sabintulung Kec. Muara Kaman,LPSE KABUPATEN KUTAI KARTANEGARA,PT. BAYU KAHURIPAN,Tidak Menghadiri Pembuktian,,0,
4757198,Perencanaan Teknis Peningkatan Jalan Poros Muara Kaman Ulu Menuju Simpang Desa Sabintulung Kec. Muara Kaman,LPSE KABUPATEN KUTAI KARTANEGARA,Sarang Teknik Consultant,Tidak Menghadiri Pembuktian,,0,
4757198,Perencanaan Teknis Peningkatan Jalan Poros Muara Kaman Ulu Menuju Simpang Desa Sabintulung Kec. Muara Kaman,LPSE KABUPATEN KUTAI KARTANEGARA,PT. CAINAWA,Tidak Menghadiri Pembuktian,,0,
4757198,Perencanaan Teknis Peningkatan Jalan Poros Muara Kaman Ulu Menuju Simpang Desa Sabintulung Kec. Muara Kaman,LPSE KABUPATEN KUTAI KARTANEGARA,CV. CITA CIPTA CITRA CENDIKIA,Tidak Menghadiri Pembuktian,,0,
4757198,Perencanaan Teknis Peningkatan Jalan Poros Muara Kaman Ulu Menuju Simpang Desa Sabintulung Kec. Muara Kaman,LPSE KABUPATEN KUTAI KARTANEGARA,cv. bola mandiri,Tidak Menghadiri Pembuktian,,0,
4757198,Perencanaan Teknis Peningkatan Jalan Poros Muara Kaman Ulu Menuju Simpang Desa Sabintulung Kec. Muara Kaman,LPSE KABUPATEN KUTAI KARTANEGARA,CV. SHACIO JAYA CONSULT,Tidak Menghadiri Pembuktian,,0,
4733198,Perencanaan Teknis Rehab Taman Makam Pahlawan Bukit Biru Tenggarong,LPSE KABUPATEN KUTAI KARTANEGARA,CV. MATRIX CONSULTANT,Pemenang,"72,81",144540000,
4733198,Perencanaan Teknis Rehab Taman Makam Pahlawan Bukit Biru Tenggarong,LPSE KABUPATEN KUTAI KARTANEGARA,TEKNIKA KARYA KONSULTAN,Lulus tetapi hanya maksimal 5 Penyedia yang diundang untuk daftar pendek untuk seleksi sederhana (sesuai dengan urutan terbaik),,0,
4733198,Perencanaan Teknis Rehab Taman Makam Pahlawan Bukit Biru Tenggarong,LPSE KABUPATEN KUTAI KARTANEGARA,CV. MITRA UTAMA,"Tidak memasukkan Dokumen Penawaran Administrasi, Teknis dan HargaMasuk Daftar Pendek",,0,
4733198,Perencanaan Teknis Rehab Taman Makam Pahlawan Bukit Biru Tenggarong,LPSE KABUPATEN KUTAI KARTANEGARA,CV. FASADE UTAMA,Lulus tetapi hanya maksimal 5 Penyedia yang diundang untuk daftar pendek untuk seleksi sederhana (sesuai dengan urutan terbaik),,0,
4733198,Perencanaan Teknis Rehab Taman Makam Pahlawan Bukit Biru Tenggarong,LPSE KABUPATEN KUTAI KARTANEGARA,CV. ARCHIVIL ENGINEERING,diundang tetapi tidak Hadir dalam Acara Pembuktian Kualifikasi,,0,
4733198,Perencanaan Teknis Rehab Taman Makam Pahlawan Bukit Biru Tenggarong,LPSE KABUPATEN KUTAI KARTANEGARA,PT.CIDIACH KARYA NUSANTARA,Bukan Pemenang,"53,65",0,
4733198,Perencanaan Teknis Rehab Taman Makam Pahlawan Bukit Biru Tenggarong,LPSE KABUPATEN KUTAI KARTANEGARA,PT. MUARA CONSULT,Lulus tetapi hanya maksimal 5 Penyedia yang diundang untuk daftar pendek untuk seleksi sederhana (sesuai dengan urutan terbaik),,0,
4733198,Perencanaan Teknis Rehab Taman Makam Pahlawan Bukit Biru Tenggarong,LPSE KABUPATEN KUTAI KARTANEGARA,CV. VISTAPLAN'79 CONSULTANT,Bukan Pemenang,"36,05",0,
4733198,Perencanaan Teknis Rehab Taman Makam Pahlawan Bukit Biru Tenggarong,LPSE KABUPATEN KUTAI KARTANEGARA,CV. SIKLUS TEKNIK KONSULTAN,Lulus tetapi hanya maksimal 5 Penyedia yang diundang untuk daftar pendek untuk seleksi sederhana (sesuai dengan urutan terbaik),,0,
4733198,Perencanaan Teknis Rehab Taman Makam Pahlawan Bukit Biru Tenggarong,LPSE KABUPATEN KUTAI KARTANEGARA,CV.AURA CONSULINDO,Tidak Menghadiri Pembuktian,,0,
4733198,Perencanaan Teknis Rehab Taman Makam Pahlawan Bukit Biru Tenggarong,LPSE KABUPATEN KUTAI KARTANEGARA,CV. AKASAKA TEKNIKA CONSULTANT,Tidak Menghadiri Pembuktian,,0,
4733198,Perencanaan Teknis Rehab Taman Makam Pahlawan Bukit Biru Tenggarong,LPSE KABUPATEN KUTAI KARTANEGARA,CV. Sawi Mahakam Consultant,Tidak Menghadiri Pembuktian,,0,
4733198,Perencanaan Teknis Rehab Taman Makam Pahlawan Bukit Biru Tenggarong,LPSE KABUPATEN KUTAI KARTANEGARA,Ri N Ra Artha Karya,Tidak Menghadiri Pembuktian,,0,
4733198,Perencanaan Teknis Rehab Taman Makam Pahlawan Bukit Biru Tenggarong,LPSE KABUPATEN KUTAI KARTANEGARA,CV. JEVA UTAMA KONSULINDO,Tidak Menghadiri Pembuktian,,0,
4733198,Perencanaan Teknis Rehab Taman Makam Pahlawan Bukit Biru Tenggarong,LPSE KABUPATEN KUTAI KARTANEGARA,PT. TEKNIKAL GLOBAL KONSULTAN,Tidak Menghadiri Pembuktian,,0,
4733198,Perencanaan Teknis Rehab Taman Makam Pahlawan Bukit Biru Tenggarong,LPSE KABUPATEN KUTAI KARTANEGARA,cv. bola mandiri,Tidak Menghadiri Pembuktian,,0,
4733198,Perencanaan Teknis Rehab Taman Makam Pahlawan Bukit Biru Tenggarong,LPSE KABUPATEN KUTAI KARTANEGARA,CV. WAHANA CAHAYA KONSULTAN,Tidak Menghadiri Pembuktian,,0,
4733198,Perencanaan Teknis Rehab Taman Makam Pahlawan Bukit Biru Tenggarong,LPSE KABUPATEN KUTAI KARTANEGARA,PT. ARISTA GEMILANG KONSULINDO,Tidak Menghadiri Pembuktian,,0,
4733198,Perencanaan Teknis Rehab Taman Makam Pahlawan Bukit Biru Tenggarong,LPSE KABUPATEN KUTAI KARTANEGARA,PT. LA'MALLY,Tidak Menghadiri Pembuktian,,0,
4733198,Perencanaan Teknis Rehab Taman Makam Pahlawan Bukit Biru Tenggarong,LPSE KABUPATEN KUTAI KARTANEGARA,CV. GLOTUS KONSULTAN,Tidak Menghadiri Pembuktian,,0,
4733198,Perencanaan Teknis Rehab Taman Makam Pahlawan Bukit Biru Tenggarong,LPSE KABUPATEN KUTAI KARTANEGARA,CV.Trikarya Utama,Tidak Menghadiri Pembuktian,,0,
4733198,Perencanaan Teknis Rehab Taman Makam Pahlawan Bukit Biru Tenggarong,LPSE KABUPATEN KUTAI KARTANEGARA,CV. Pilar Nusantara Consultant,Tidak Menghadiri Pembuktian,,0,
4733198,Perencanaan Teknis Rehab Taman Makam Pahlawan Bukit Biru Tenggarong,LPSE KABUPATEN KUTAI KARTANEGARA,CV. PATOYA INDAH,Tidak Menghadiri Pembuktian,,0,
4733198,Perencanaan Teknis Rehab Taman Makam Pahlawan Bukit Biru Tenggarong,LPSE KABUPATEN KUTAI KARTANEGARA,PT. ASA DESAIN,Tidak Menghadiri Pembuktian,,0,
4690198,PERENCANAAN TEKNIS PENINGKATAN JALAN HANDIL HALIMA KEL. SALOK API LAUT KEC.SAMBOJA,LPSE KABUPATEN KUTAI KARTANEGARA,CV.PUSAKA DIGJAYA,Bukan Pemenang,"68,55",110440000,
4690198,PERENCANAAN TEKNIS PENINGKATAN JALAN HANDIL HALIMA KEL. SALOK API LAUT KEC.SAMBOJA,LPSE KABUPATEN KUTAI KARTANEGARA,CV. BUANA ENGINEERING CONSULTANT,Pemenang,"80,36",111540000,
4690198,PERENCANAAN TEKNIS PENINGKATAN JALAN HANDIL HALIMA KEL. SALOK API LAUT KEC.SAMBOJA,LPSE KABUPATEN KUTAI KARTANEGARA,CV. Cremona Teknik Consultant,Bukan Pemenang,"65,8",111925000,
4690198,PERENCANAAN TEKNIS PENINGKATAN JALAN HANDIL HALIMA KEL. SALOK API LAUT KEC.SAMBOJA,LPSE KABUPATEN KUTAI KARTANEGARA,CV. Sakti Jaya Consultant,Jangka waktu Pelaksanaan Tidak Sesuai,,0,
4690198,PERENCANAAN TEKNIS PENINGKATAN JALAN HANDIL HALIMA KEL. SALOK API LAUT KEC.SAMBOJA,LPSE KABUPATEN KUTAI KARTANEGARA,PT. BRAMUDA SINERGY,Personil Tidak Memenuhi,,0,
4690198,PERENCANAAN TEKNIS PENINGKATAN JALAN HANDIL HALIMA KEL. SALOK API LAUT KEC.SAMBOJA,LPSE KABUPATEN KUTAI KARTANEGARA,PT. TEKNIKAL GLOBAL KONSULTAN,Personil Tidak Memenuhi,,0,
4690198,PERENCANAAN TEKNIS PENINGKATAN JALAN HANDIL HALIMA KEL. SALOK API LAUT KEC.SAMBOJA,LPSE KABUPATEN KUTAI KARTANEGARA,CV. AKASAKA TEKNIKA CONSULTANT,Tidak Menghadiri Pembuktian Kualifikasi,,0,
4690198,PERENCANAAN TEKNIS PENINGKATAN JALAN HANDIL HALIMA KEL. SALOK API LAUT KEC.SAMBOJA,LPSE KABUPATEN KUTAI KARTANEGARA,PT. MARANNU MARAYA MAINDAN,Tidak Menghadiri Pembuktian Kualifikasi,,0,
4690198,PERENCANAAN TEKNIS PENINGKATAN JALAN HANDIL HALIMA KEL. SALOK API LAUT KEC.SAMBOJA,LPSE KABUPATEN KUTAI KARTANEGARA,PT.CIDIACH KARYA NUSANTARA,Tidak Memasukan Dokumen Penawaran,,0,
4690198,PERENCANAAN TEKNIS PENINGKATAN JALAN HANDIL HALIMA KEL. SALOK API LAUT KEC.SAMBOJA,LPSE KABUPATEN KUTAI KARTANEGARA,CV. VISTAPLAN'79 CONSULTANT,Personil Tidak Memenuhi,,0,
4690198,PERENCANAAN TEKNIS PENINGKATAN JALAN HANDIL HALIMA KEL. SALOK API LAUT KEC.SAMBOJA,LPSE KABUPATEN KUTAI KARTANEGARA,CV. MATRIX CONSULTANT,Personil Tidak Memenuhi,,0,
4690198,PERENCANAAN TEKNIS PENINGKATAN JALAN HANDIL HALIMA KEL. SALOK API LAUT KEC.SAMBOJA,LPSE KABUPATEN KUTAI KARTANEGARA,RIMA CIPTA CONSULTANT ( RCC ),Tidak Menghadiri Pembuktian Kualifikasi,,0,
4690198,PERENCANAAN TEKNIS PENINGKATAN JALAN HANDIL HALIMA KEL. SALOK API LAUT KEC.SAMBOJA,LPSE KABUPATEN KUTAI KARTANEGARA,CV. DEKON,Tidak Menghadiri Pembuktian Kualifikasi,,0,
4690198,PERENCANAAN TEKNIS PENINGKATAN JALAN HANDIL HALIMA KEL. SALOK API LAUT KEC.SAMBOJA,LPSE KABUPATEN KUTAI KARTANEGARA,CV. PATOYA INDAH,Tidak Menghadiri Pembuktian Kualifikasi,,0,
4690198,PERENCANAAN TEKNIS PENINGKATAN JALAN HANDIL HALIMA KEL. SALOK API LAUT KEC.SAMBOJA,LPSE KABUPATEN KUTAI KARTANEGARA,CV. Enggang Cipta Consultant,Tidak Menghadiri Pembuktian Kualifikasi,,0,
4690198,PERENCANAAN TEKNIS PENINGKATAN JALAN HANDIL HALIMA KEL. SALOK API LAUT KEC.SAMBOJA,LPSE KABUPATEN KUTAI KARTANEGARA,CV. WAHANA CAHAYA KONSULTAN,Personil Tidak Memenuhi,,0,
4690198,PERENCANAAN TEKNIS PENINGKATAN JALAN HANDIL HALIMA KEL. SALOK API LAUT KEC.SAMBOJA,LPSE KABUPATEN KUTAI KARTANEGARA,CV. RASYA ALBAR CONSULTANT,Tidak Menghadiri Pembuktian Kualifikasi,,0,
4690198,PERENCANAAN TEKNIS PENINGKATAN JALAN HANDIL HALIMA KEL. SALOK API LAUT KEC.SAMBOJA,LPSE KABUPATEN KUTAI KARTANEGARA,PT. METRO ASTADI,Tidak Menghadiri Pembuktian,,0,
4690198,PERENCANAAN TEKNIS PENINGKATAN JALAN HANDIL HALIMA KEL. SALOK API LAUT KEC.SAMBOJA,LPSE KABUPATEN KUTAI KARTANEGARA,CV.AURA CONSULINDO,Tidak Menghadiri Pembuktian,,0,
4690198,PERENCANAAN TEKNIS PENINGKATAN JALAN HANDIL HALIMA KEL. SALOK API LAUT KEC.SAMBOJA,LPSE KABUPATEN KUTAI KARTANEGARA,PT. MEGAPLAN Indoraya Esa,Tidak Menghadiri Pembuktian,,0,
4690198,PERENCANAAN TEKNIS PENINGKATAN JALAN HANDIL HALIMA KEL. SALOK API LAUT KEC.SAMBOJA,LPSE KABUPATEN KUTAI KARTANEGARA,CV. VISION ENGINEERING,Tidak Menghadiri Pembuktian,,0,
4690198,PERENCANAAN TEKNIS PENINGKATAN JALAN HANDIL HALIMA KEL. SALOK API LAUT KEC.SAMBOJA,LPSE KABUPATEN KUTAI KARTANEGARA,CV. ULFA CONSULTANT,Tidak Menghadiri Pembuktian,,0,
4690198,PERENCANAAN TEKNIS PENINGKATAN JALAN HANDIL HALIMA KEL. SALOK API LAUT KEC.SAMBOJA,LPSE KABUPATEN KUTAI KARTANEGARA,CV. SHACIO JAYA CONSULT,Tidak Menghadiri Pembuktian,,0,
4690198,PERENCANAAN TEKNIS PENINGKATAN JALAN HANDIL HALIMA KEL. SALOK API LAUT KEC.SAMBOJA,LPSE KABUPATEN KUTAI KARTANEGARA,Aurora Teknik Consultant,Tidak Menghadiri Pembuktian,,0,
4690198,PERENCANAAN TEKNIS PENINGKATAN JALAN HANDIL HALIMA KEL. SALOK API LAUT KEC.SAMBOJA,LPSE KABUPATEN KUTAI KARTANEGARA,CV. MUTIARA KARYA CONSULTANT,Tidak Menghadiri Pembuktian,,0,
4690198,PERENCANAAN TEKNIS PENINGKATAN JALAN HANDIL HALIMA KEL. SALOK API LAUT KEC.SAMBOJA,LPSE KABUPATEN KUTAI KARTANEGARA,PT. ARISTA GEMILANG KONSULINDO,Tidak Menghadiri Pembuktian,,0,
4690198,PERENCANAAN TEKNIS PENINGKATAN JALAN HANDIL HALIMA KEL. SALOK API LAUT KEC.SAMBOJA,LPSE KABUPATEN KUTAI KARTANEGARA,CV. JEVA UTAMA KONSULINDO,Tidak Menghadiri Pembuktian,,0,
4690198,PERENCANAAN TEKNIS PENINGKATAN JALAN HANDIL HALIMA KEL. SALOK API LAUT KEC.SAMBOJA,LPSE KABUPATEN KUTAI KARTANEGARA,cv. aplikasi utama,Tidak Menghadiri Pembuktian,,0,
4690198,PERENCANAAN TEKNIS PENINGKATAN JALAN HANDIL HALIMA KEL. SALOK API LAUT KEC.SAMBOJA,LPSE KABUPATEN KUTAI KARTANEGARA,CV. Inti Citra Pelangi,Tidak Menghadiri Pembuktian,,0,
4690198,PERENCANAAN TEKNIS PENINGKATAN JALAN HANDIL HALIMA KEL. SALOK API LAUT KEC.SAMBOJA,LPSE KABUPATEN KUTAI KARTANEGARA,CV.Trikarya Utama,Tidak Menghadiri Pembuktian,,0,
4690198,PERENCANAAN TEKNIS PENINGKATAN JALAN HANDIL HALIMA KEL. SALOK API LAUT KEC.SAMBOJA,LPSE KABUPATEN KUTAI KARTANEGARA,CV. PRIMA JAYA KONSULTAN,Tidak Menghadiri Pembuktian,,0,
4690198,PERENCANAAN TEKNIS PENINGKATAN JALAN HANDIL HALIMA KEL. SALOK API LAUT KEC.SAMBOJA,LPSE KABUPATEN KUTAI KARTANEGARA,CV. JALA SAKTI,Tidak Menghadiri Pembuktian,,0,
4690198,PERENCANAAN TEKNIS PENINGKATAN JALAN HANDIL HALIMA KEL. SALOK API LAUT KEC.SAMBOJA,LPSE KABUPATEN KUTAI KARTANEGARA,CV. STONE BORNEO CONSULTANT,Tidak Menghadiri Pembuktian,,0,
4690198,PERENCANAAN TEKNIS PENINGKATAN JALAN HANDIL HALIMA KEL. SALOK API LAUT KEC.SAMBOJA,LPSE KABUPATEN KUTAI KARTANEGARA,CV. Pilar Nusantara Consultant,Tidak Menghadiri Pembuktian,,0,
4690198,PERENCANAAN TEKNIS PENINGKATAN JALAN HANDIL HALIMA KEL. SALOK API LAUT KEC.SAMBOJA,LPSE KABUPATEN KUTAI KARTANEGARA,TEKNIKA KARYA KONSULTAN,Tidak Menghadiri Pembuktian,,0,
4697198,Perencanaan Teknis Peningkatan Jalan Antar Desa Benua Baru Kec. Kota Bangun,LPSE KABUPATEN KUTAI KARTANEGARA,CV. UNITECH CIPTA MANDIRI,Pemenang,"80,46",73931000,
4697198,Perencanaan Teknis Peningkatan Jalan Antar Desa Benua Baru Kec. Kota Bangun,LPSE KABUPATEN KUTAI KARTANEGARA,CV. VISTAPLAN'79 CONSULTANT,Bukan Pemenang,"69,82",74490000,
4697198,Perencanaan Teknis Peningkatan Jalan Antar Desa Benua Baru Kec. Kota Bangun,LPSE KABUPATEN KUTAI KARTANEGARA,PT.CIDIACH KARYA NUSANTARA,Bukan Pemenang,"65,59",74860000,
4697198,Perencanaan Teknis Peningkatan Jalan Antar Desa Benua Baru Kec. Kota Bangun,LPSE KABUPATEN KUTAI KARTANEGARA,PT. ARISTA GEMILANG KONSULINDO,"Gugur, Tidak Hadir Pembuktian Kualifikasi",,0,
4697198,Perencanaan Teknis Peningkatan Jalan Antar Desa Benua Baru Kec. Kota Bangun,LPSE KABUPATEN KUTAI KARTANEGARA,CV.Trikarya Utama,Tidak upload dokumen penawaran,,0,
4697198,Perencanaan Teknis Peningkatan Jalan Antar Desa Benua Baru Kec. Kota Bangun,LPSE KABUPATEN KUTAI KARTANEGARA,CV. WAHANA CAHAYA KONSULTAN,Tidak Melengkapi Persyaratan Kualifikasi/Tidak Diundang,,0,
4697198,Perencanaan Teknis Peningkatan Jalan Antar Desa Benua Baru Kec. Kota Bangun,LPSE KABUPATEN KUTAI KARTANEGARA,CV. JEVA UTAMA KONSULINDO,"Gugur, Tidak Hadir Pembuktian Kualifikasi",,0,
4697198,Perencanaan Teknis Peningkatan Jalan Antar Desa Benua Baru Kec. Kota Bangun,LPSE KABUPATEN KUTAI KARTANEGARA,PT. BRAMUDA SINERGY,Tidak Masuk Daftar Pendek,,0,
4697198,Perencanaan Teknis Peningkatan Jalan Antar Desa Benua Baru Kec. Kota Bangun,LPSE KABUPATEN KUTAI KARTANEGARA,CV. SHACIO JAYA CONSULT,Tidak Masuk Daftar Pendek,,0,
4697198,Perencanaan Teknis Peningkatan Jalan Antar Desa Benua Baru Kec. Kota Bangun,LPSE KABUPATEN KUTAI KARTANEGARA,CV. Cremona Teknik Consultant,Bukan Pemenang,"63,62",74880000,
4697198,Perencanaan Teknis Peningkatan Jalan Antar Desa Benua Baru Kec. Kota Bangun,LPSE KABUPATEN KUTAI KARTANEGARA,CV. JALA SAKTI,"Gugur,Tidak Menunjukkan Kontrak Asli/Leges",,0,
4697198,Perencanaan Teknis Peningkatan Jalan Antar Desa Benua Baru Kec. Kota Bangun,LPSE KABUPATEN KUTAI KARTANEGARA,TEKNIKA KARYA KONSULTAN,"Gugur, Tidak Hadir Pembuktian Kualifikasi",,0,
4697198,Perencanaan Teknis Peningkatan Jalan Antar Desa Benua Baru Kec. Kota Bangun,LPSE KABUPATEN KUTAI KARTANEGARA,RIMA CIPTA CONSULTANT ( RCC ),"Gugur, Tidak Hadir Pembuktian Kualifikasi",,0,
4697198,Perencanaan Teknis Peningkatan Jalan Antar Desa Benua Baru Kec. Kota Bangun,LPSE KABUPATEN KUTAI KARTANEGARA,CV. PATOYA INDAH,Tidak Masuk Daftar Pendek,,0,
4697198,Perencanaan Teknis Peningkatan Jalan Antar Desa Benua Baru Kec. Kota Bangun,LPSE KABUPATEN KUTAI KARTANEGARA,CV. MATRIX CONSULTANT,Tidak Masuk Daftar Pendek,,0,
4697198,Perencanaan Teknis Peningkatan Jalan Antar Desa Benua Baru Kec. Kota Bangun,LPSE KABUPATEN KUTAI KARTANEGARA,CV. ASIPLANT CONSULTANT,"Gugur, Tidak Hadir Pembuktian Kualifikasi",,0,
4697198,Perencanaan Teknis Peningkatan Jalan Antar Desa Benua Baru Kec. Kota Bangun,LPSE KABUPATEN KUTAI KARTANEGARA,CV. Enggang Cipta Consultant,"Gugur, Tidak Hadir Pembuktian Kualifikasi",,0,
4697198,Perencanaan Teknis Peningkatan Jalan Antar Desa Benua Baru Kec. Kota Bangun,LPSE KABUPATEN KUTAI KARTANEGARA,CV. DEKON,"Gugur, Tidak Hadir Pembuktian Kualifikasi",,0,
4697198,Perencanaan Teknis Peningkatan Jalan Antar Desa Benua Baru Kec. Kota Bangun,LPSE KABUPATEN KUTAI KARTANEGARA,CV. AKASAKA TEKNIKA CONSULTANT,Tidak Menghadiri Pembuktian,,0,
4697198,Perencanaan Teknis Peningkatan Jalan Antar Desa Benua Baru Kec. Kota Bangun,LPSE KABUPATEN KUTAI KARTANEGARA,CV. MANUNGGAL JAYA TEKNIK,Tidak Menghadiri Pembuktian,,0,
4697198,Perencanaan Teknis Peningkatan Jalan Antar Desa Benua Baru Kec. Kota Bangun,LPSE KABUPATEN KUTAI KARTANEGARA,CV. Sakti Jaya Consultant,Tidak Menghadiri Pembuktian,,0,
4697198,Perencanaan Teknis Peningkatan Jalan Antar Desa Benua Baru Kec. Kota Bangun,LPSE KABUPATEN KUTAI KARTANEGARA,CV. STONE BORNEO CONSULTANT,Tidak Menghadiri Pembuktian,,0,
4697198,Perencanaan Teknis Peningkatan Jalan Antar Desa Benua Baru Kec. Kota Bangun,LPSE KABUPATEN KUTAI KARTANEGARA,PT. METRO ASTADI,Tidak Menghadiri Pembuktian,,0,
4697198,Perencanaan Teknis Peningkatan Jalan Antar Desa Benua Baru Kec. Kota Bangun,LPSE KABUPATEN KUTAI KARTANEGARA,PT. MEGAPLAN Indoraya Esa,Tidak Menghadiri Pembuktian,,0,
4697198,Perencanaan Teknis Peningkatan Jalan Antar Desa Benua Baru Kec. Kota Bangun,LPSE KABUPATEN KUTAI KARTANEGARA,CV. RASYA ALBAR CONSULTANT,Tidak Menghadiri Pembuktian,,0,
4697198,Perencanaan Teknis Peningkatan Jalan Antar Desa Benua Baru Kec. Kota Bangun,LPSE KABUPATEN KUTAI KARTANEGARA,CV. ULFA CONSULTANT,Tidak Menghadiri Pembuktian,,0,
4697198,Perencanaan Teknis Peningkatan Jalan Antar Desa Benua Baru Kec. Kota Bangun,LPSE KABUPATEN KUTAI KARTANEGARA,CV. VISION ENGINEERING,Tidak Menghadiri Pembuktian,,0,
4697198,Perencanaan Teknis Peningkatan Jalan Antar Desa Benua Baru Kec. Kota Bangun,LPSE KABUPATEN KUTAI KARTANEGARA,CV. PRIMA JAYA KONSULTAN,Tidak Menghadiri Pembuktian,,0,
4697198,Perencanaan Teknis Peningkatan Jalan Antar Desa Benua Baru Kec. Kota Bangun,LPSE KABUPATEN KUTAI KARTANEGARA,CV.Bukit Indah Sentosa,Tidak Menghadiri Pembuktian,,0,
4697198,Perencanaan Teknis Peningkatan Jalan Antar Desa Benua Baru Kec. Kota Bangun,LPSE KABUPATEN KUTAI KARTANEGARA,CV. Pilar Nusantara Consultant,Tidak Menghadiri Pembuktian,,0,
4697198,Perencanaan Teknis Peningkatan Jalan Antar Desa Benua Baru Kec. Kota Bangun,LPSE KABUPATEN KUTAI KARTANEGARA,cv. aplikasi utama,Tidak Menghadiri Pembuktian,,0,
4697198,Perencanaan Teknis Peningkatan Jalan Antar Desa Benua Baru Kec. Kota Bangun,LPSE KABUPATEN KUTAI KARTANEGARA,CV.AURA CONSULINDO,Tidak Menghadiri Pembuktian,,0,
4674198,Pengawasan Teknis Pembangunan Jembatan Beton Desa Tanjung Limau 3 Kecamatan Muara Badak,LPSE KABUPATEN KUTAI KARTANEGARA,CV. TERA ARSI KONSULTAN,Bukan Pemenang,"73,74",187550000,
4674198,Pengawasan Teknis Pembangunan Jembatan Beton Desa Tanjung Limau 3 Kecamatan Muara Badak,LPSE KABUPATEN KUTAI KARTANEGARA,PT. MARANNU MARAYA MAINDAN,Pemenang,"75,2",194480000,
4674198,Pengawasan Teknis Pembangunan Jembatan Beton Desa Tanjung Limau 3 Kecamatan Muara Badak,LPSE KABUPATEN KUTAI KARTANEGARA,CV.Trikarya Utama,Bukan Pemenang,"31,33",196625000,
4674198,Pengawasan Teknis Pembangunan Jembatan Beton Desa Tanjung Limau 3 Kecamatan Muara Badak,LPSE KABUPATEN KUTAI KARTANEGARA,TEKNIKA KARYA KONSULTAN,Bukan Pemenang,"28,13",194837000,
4674198,Pengawasan Teknis Pembangunan Jembatan Beton Desa Tanjung Limau 3 Kecamatan Muara Badak,LPSE KABUPATEN KUTAI KARTANEGARA,CV. ASIPLANT CONSULTANT,Tidak Hadir Pembuktian Kualifikasi,,0,
4674198,Pengawasan Teknis Pembangunan Jembatan Beton Desa Tanjung Limau 3 Kecamatan Muara Badak,LPSE KABUPATEN KUTAI KARTANEGARA,CV. JALA SAKTI,Tidak Hadir Pembuktian Kualifikasi,,0,
4674198,Pengawasan Teknis Pembangunan Jembatan Beton Desa Tanjung Limau 3 Kecamatan Muara Badak,LPSE KABUPATEN KUTAI KARTANEGARA,CV.LIDIYA KARYA KONSULTAN,Tidak Hadir Pembuktian Kualifikasi,,0,
4674198,Pengawasan Teknis Pembangunan Jembatan Beton Desa Tanjung Limau 3 Kecamatan Muara Badak,LPSE KABUPATEN KUTAI KARTANEGARA,CV. MUTIARA KARYA CONSULTANT,Bukan Pemenang,"31,08",195470000,
4674198,Pengawasan Teknis Pembangunan Jembatan Beton Desa Tanjung Limau 3 Kecamatan Muara Badak,LPSE KABUPATEN KUTAI KARTANEGARA,MITRA BARITO MAKMUR,Tidak Menghadiri Pembuktian,,0,
4674198,Pengawasan Teknis Pembangunan Jembatan Beton Desa Tanjung Limau 3 Kecamatan Muara Badak,LPSE KABUPATEN KUTAI KARTANEGARA,PT. BRAMUDA SINERGY,Tidak Menghadiri Pembuktian,,0,
4674198,Pengawasan Teknis Pembangunan Jembatan Beton Desa Tanjung Limau 3 Kecamatan Muara Badak,LPSE KABUPATEN KUTAI KARTANEGARA,PT. ABRAR BERSAUDARA,Tidak Menghadiri Pembuktian,,0,
4674198,Pengawasan Teknis Pembangunan Jembatan Beton Desa Tanjung Limau 3 Kecamatan Muara Badak,LPSE KABUPATEN KUTAI KARTANEGARA,PT. ARISTA GEMILANG KONSULINDO,Tidak Menghadiri Pembuktian,,0,
4674198,Pengawasan Teknis Pembangunan Jembatan Beton Desa Tanjung Limau 3 Kecamatan Muara Badak,LPSE KABUPATEN KUTAI KARTANEGARA,CV. ARTHAKINDO,Tidak Menghadiri Pembuktian,,0,
4674198,Pengawasan Teknis Pembangunan Jembatan Beton Desa Tanjung Limau 3 Kecamatan Muara Badak,LPSE KABUPATEN KUTAI KARTANEGARA,PT.Pradipta Raya Sejahtera,Tidak Menghadiri Pembuktian,,0,
4674198,Pengawasan Teknis Pembangunan Jembatan Beton Desa Tanjung Limau 3 Kecamatan Muara Badak,LPSE KABUPATEN KUTAI KARTANEGARA,PT. METRO ASTADI,Tidak Menghadiri Pembuktian,,0,
4673198,PEMATANGAN LAHAN SMKN 1 ANGGANA (Perencanaan Pematangan Lahan dan Land Cleaning SMKN 1 Anggana) Seleksi Ulang,LPSE KABUPATEN KUTAI KARTANEGARA,PT. MEGAPLAN Indoraya Esa,Pemenang,"71,45",69700000,
4673198,PEMATANGAN LAHAN SMKN 1 ANGGANA (Perencanaan Pematangan Lahan dan Land Cleaning SMKN 1 Anggana) Seleksi Ulang,LPSE KABUPATEN KUTAI KARTANEGARA,CV. GLOTUS KONSULTAN,Tidak Melampirkan SPT Tahun 2013 dan Daftar Personil Inti/ Tenaga Ahli.,,0,
4673198,PEMATANGAN LAHAN SMKN 1 ANGGANA (Perencanaan Pematangan Lahan dan Land Cleaning SMKN 1 Anggana) Seleksi Ulang,LPSE KABUPATEN KUTAI KARTANEGARA,PT. MUARA CONSULT,Tidak Hadir dalam Pembuktian Kualifikasi,,0,
4673198,PEMATANGAN LAHAN SMKN 1 ANGGANA (Perencanaan Pematangan Lahan dan Land Cleaning SMKN 1 Anggana) Seleksi Ulang,LPSE KABUPATEN KUTAI KARTANEGARA,PT. BINA SARANA EKATAMA,Tidak Hadir dalam Pembuktian Kualifikasi,,0,
4673198,PEMATANGAN LAHAN SMKN 1 ANGGANA (Perencanaan Pematangan Lahan dan Land Cleaning SMKN 1 Anggana) Seleksi Ulang,LPSE KABUPATEN KUTAI KARTANEGARA,CV. JALA SAKTI,Tidak Melampirkan Laporan Pajak Bulan Maret 2014 dan Data Pengalaman Perusahaan tidak sesuai.,,0,
4673198,PEMATANGAN LAHAN SMKN 1 ANGGANA (Perencanaan Pematangan Lahan dan Land Cleaning SMKN 1 Anggana) Seleksi Ulang,LPSE KABUPATEN KUTAI KARTANEGARA,CV. FASADE UTAMA,Tidak meng-upload Dokumen Penawaran Teknis dan Biaya,,0,
4673198,PEMATANGAN LAHAN SMKN 1 ANGGANA (Perencanaan Pematangan Lahan dan Land Cleaning SMKN 1 Anggana) Seleksi Ulang,LPSE KABUPATEN KUTAI KARTANEGARA,CV. ASIPLANT CONSULTANT,Tidak meng-upload Dokumen Penawaran Teknis dan Biaya,,0,
4673198,PEMATANGAN LAHAN SMKN 1 ANGGANA (Perencanaan Pematangan Lahan dan Land Cleaning SMKN 1 Anggana) Seleksi Ulang,LPSE KABUPATEN KUTAI KARTANEGARA,CV. EMWE BERSAUDARA,Tidak Menghadiri Pembuktian,,0,
4673198,PEMATANGAN LAHAN SMKN 1 ANGGANA (Perencanaan Pematangan Lahan dan Land Cleaning SMKN 1 Anggana) Seleksi Ulang,LPSE KABUPATEN KUTAI KARTANEGARA,CV. WIDYA ENGINEERING,Tidak Menghadiri Pembuktian,,0,
4673198,PEMATANGAN LAHAN SMKN 1 ANGGANA (Perencanaan Pematangan Lahan dan Land Cleaning SMKN 1 Anggana) Seleksi Ulang,LPSE KABUPATEN KUTAI KARTANEGARA,PT. Iname Utama,Tidak Menghadiri Pembuktian,,0,
4673198,PEMATANGAN LAHAN SMKN 1 ANGGANA (Perencanaan Pematangan Lahan dan Land Cleaning SMKN 1 Anggana) Seleksi Ulang,LPSE KABUPATEN KUTAI KARTANEGARA,CV. Inti Citra Pelangi,Tidak Menghadiri Pembuktian,,0,
4673198,PEMATANGAN LAHAN SMKN 1 ANGGANA (Perencanaan Pematangan Lahan dan Land Cleaning SMKN 1 Anggana) Seleksi Ulang,LPSE KABUPATEN KUTAI KARTANEGARA,CV. Profit Konsultan,Tidak Menghadiri Pembuktian,,0,
4661198,Pengawasan Teknis Pembangunan Jaringan Air Bersih / Air Minum Intake Bekotok dan Intake Muara Jawa Seleksi Ulang,LPSE KABUPATEN KUTAI KARTANEGARA,CV. PATOYA INDAH,Pemenang,"90,68",151140000,
4661198,Pengawasan Teknis Pembangunan Jaringan Air Bersih / Air Minum Intake Bekotok dan Intake Muara Jawa Seleksi Ulang,LPSE KABUPATEN KUTAI KARTANEGARA,CV. Sakti Jaya Consultant,Dokumen Penawaran Prakualifikasi tidak sesuai dengan Dokumen Lelang.,,0,
4661198,Pengawasan Teknis Pembangunan Jaringan Air Bersih / Air Minum Intake Bekotok dan Intake Muara Jawa Seleksi Ulang,LPSE KABUPATEN KUTAI KARTANEGARA,CV. JALA SAKTI,Dokumen Penawaran Prakualifikasi tidak sesuai dengan Dokumen Lelang.,,0,
4661198,Pengawasan Teknis Pembangunan Jaringan Air Bersih / Air Minum Intake Bekotok dan Intake Muara Jawa Seleksi Ulang,LPSE KABUPATEN KUTAI KARTANEGARA,RIMA CIPTA CONSULTANT ( RCC ),Dokumen Penawaran Prakualifikasi tidak sesuai dengan Dokumen Lelang.,,0,
4661198,Pengawasan Teknis Pembangunan Jaringan Air Bersih / Air Minum Intake Bekotok dan Intake Muara Jawa Seleksi Ulang,LPSE KABUPATEN KUTAI KARTANEGARA,CV. DEKON,Dokumen Penawaran Prakualifikasi tidak sesuai dengan Dokumen Lelang.,,0,
4661198,Pengawasan Teknis Pembangunan Jaringan Air Bersih / Air Minum Intake Bekotok dan Intake Muara Jawa Seleksi Ulang,LPSE KABUPATEN KUTAI KARTANEGARA,NUR MILA MANDIRI,Tidak Menghadiri Pembuktian,,0,
4661198,Pengawasan Teknis Pembangunan Jaringan Air Bersih / Air Minum Intake Bekotok dan Intake Muara Jawa Seleksi Ulang,LPSE KABUPATEN KUTAI KARTANEGARA,CV.AURA CONSULINDO,Tidak Menghadiri Pembuktian,,0,
4661198,Pengawasan Teknis Pembangunan Jaringan Air Bersih / Air Minum Intake Bekotok dan Intake Muara Jawa Seleksi Ulang,LPSE KABUPATEN KUTAI KARTANEGARA,PT. TEKNIKAL GLOBAL KONSULTAN,Tidak Menghadiri Pembuktian,,0,
4661198,Pengawasan Teknis Pembangunan Jaringan Air Bersih / Air Minum Intake Bekotok dan Intake Muara Jawa Seleksi Ulang,LPSE KABUPATEN KUTAI KARTANEGARA,CV. Sawi Mahakam Consultant,Tidak Menghadiri Pembuktian,,0,
4661198,Pengawasan Teknis Pembangunan Jaringan Air Bersih / Air Minum Intake Bekotok dan Intake Muara Jawa Seleksi Ulang,LPSE KABUPATEN KUTAI KARTANEGARA,CV. MEUTHIA MULTI KONSULTAN,Tidak Menghadiri Pembuktian,,0,
4661198,Pengawasan Teknis Pembangunan Jaringan Air Bersih / Air Minum Intake Bekotok dan Intake Muara Jawa Seleksi Ulang,LPSE KABUPATEN KUTAI KARTANEGARA,CV. Enggang Cipta Consultant,Tidak Menghadiri Pembuktian,,0,
4582198,Perencanaan Teknis Pembangunan Jembatan Beton RT.10 Badak Makmur Desa Muara Badak Ulu,LPSE KABUPATEN KUTAI KARTANEGARA,PT. BRAMUDA SINERGY,Pemenang,"68,9",191592000,
4582198,Perencanaan Teknis Pembangunan Jembatan Beton RT.10 Badak Makmur Desa Muara Badak Ulu,LPSE KABUPATEN KUTAI KARTANEGARA,PT. SYAFITRI PERDANA KONSULTAN,SPT Tahun 2013 Tidak ada,,0,
4582198,Perencanaan Teknis Pembangunan Jembatan Beton RT.10 Badak Makmur Desa Muara Badak Ulu,LPSE KABUPATEN KUTAI KARTANEGARA,PT. BLANTIKA MULTI ENGINEER,Bukan Pemenang,"64,5",192142000,
4582198,Perencanaan Teknis Pembangunan Jembatan Beton RT.10 Badak Makmur Desa Muara Badak Ulu,LPSE KABUPATEN KUTAI KARTANEGARA,CV.Trikarya Utama,Bukan Pemenang,"26,4",191345000,
4582198,Perencanaan Teknis Pembangunan Jembatan Beton RT.10 Badak Makmur Desa Muara Badak Ulu,LPSE KABUPATEN KUTAI KARTANEGARA,CV. ARTHAKINDO,"SPT Tahun 2013 tidak ada, pajak 3 bulan terakhir tidak ada dan pengalaman sub. bidang tidak ada.",,0,
4582198,Perencanaan Teknis Pembangunan Jembatan Beton RT.10 Badak Makmur Desa Muara Badak Ulu,LPSE KABUPATEN KUTAI KARTANEGARA,PT. ABDI SATRIA BHUMI,Tidak hadir Pembuktian Kualifikasi,,0,
4582198,Perencanaan Teknis Pembangunan Jembatan Beton RT.10 Badak Makmur Desa Muara Badak Ulu,LPSE KABUPATEN KUTAI KARTANEGARA,PT. ASA DESAIN,Tidak Menghadiri Pembuktian,,0,
4582198,Perencanaan Teknis Pembangunan Jembatan Beton RT.10 Badak Makmur Desa Muara Badak Ulu,LPSE KABUPATEN KUTAI KARTANEGARA,AYUN JAYA MOTOR,Tidak Menghadiri Pembuktian,,0,
4582198,Perencanaan Teknis Pembangunan Jembatan Beton RT.10 Badak Makmur Desa Muara Badak Ulu,LPSE KABUPATEN KUTAI KARTANEGARA,CV GEOARCH CONSULTANT,Tidak Menghadiri Pembuktian,,0,
4582198,Perencanaan Teknis Pembangunan Jembatan Beton RT.10 Badak Makmur Desa Muara Badak Ulu,LPSE KABUPATEN KUTAI KARTANEGARA,PT. JASINDO KONSULT NEC,Tidak Menghadiri Pembuktian,,0,
4582198,Perencanaan Teknis Pembangunan Jembatan Beton RT.10 Badak Makmur Desa Muara Badak Ulu,LPSE KABUPATEN KUTAI KARTANEGARA,CV. TOPOGRAFI CONSULTANT,Tidak Menghadiri Pembuktian,,0,
4582198,Perencanaan Teknis Pembangunan Jembatan Beton RT.10 Badak Makmur Desa Muara Badak Ulu,LPSE KABUPATEN KUTAI KARTANEGARA,NUR MILA MANDIRI,Tidak Menghadiri Pembuktian,,0,
4582198,Perencanaan Teknis Pembangunan Jembatan Beton RT.10 Badak Makmur Desa Muara Badak Ulu,LPSE KABUPATEN KUTAI KARTANEGARA,PT. INTIMULYA MULTIKENCANA,Tidak Menghadiri Pembuktian,,0,
4582198,Perencanaan Teknis Pembangunan Jembatan Beton RT.10 Badak Makmur Desa Muara Badak Ulu,LPSE KABUPATEN KUTAI KARTANEGARA,CV. Cremona Teknik Consultant,Tidak Menghadiri Pembuktian,,0,
4647198,Pengawasan Teknis Penanganan Longsor Tenggarong Seberang - Samarinda,LPSE KABUPATEN KUTAI KARTANEGARA,CV. Sakti Jaya Consultant,Pemenang,"70,53",189200000,
4647198,Pengawasan Teknis Penanganan Longsor Tenggarong Seberang - Samarinda,LPSE KABUPATEN KUTAI KARTANEGARA,CV.Trikarya Utama,Bukan Pemenang,"27,43",200200000,
4647198,Pengawasan Teknis Penanganan Longsor Tenggarong Seberang - Samarinda,LPSE KABUPATEN KUTAI KARTANEGARA,CV. JALA SAKTI,Tidak Menghadiri pembuktian kualifikasi,,0,
4647198,Pengawasan Teknis Penanganan Longsor Tenggarong Seberang - Samarinda,LPSE KABUPATEN KUTAI KARTANEGARA,CV. TRI DAYA KREASI,Bukan Pemenang,"26,8",176770000,
4647198,Pengawasan Teknis Penanganan Longsor Tenggarong Seberang - Samarinda,LPSE KABUPATEN KUTAI KARTANEGARA,PT. BLANTIKA MULTI ENGINEER,Tidak Menghadiri Pembuktian,,0,
4647198,Pengawasan Teknis Penanganan Longsor Tenggarong Seberang - Samarinda,LPSE KABUPATEN KUTAI KARTANEGARA,PT. ARISTA GEMILANG KONSULINDO,Tidak Menghadiri Pembuktian,,0,
4647198,Pengawasan Teknis Penanganan Longsor Tenggarong Seberang - Samarinda,LPSE KABUPATEN KUTAI KARTANEGARA,PT. GAGAS ADI BAGASKARA,Tidak Menghadiri Pembuktian,,0,
4647198,Pengawasan Teknis Penanganan Longsor Tenggarong Seberang - Samarinda,LPSE KABUPATEN KUTAI KARTANEGARA,CV. EXECUTIVE 04 CONSULTANT,Tidak Menghadiri Pembuktian,,0,
4647198,Pengawasan Teknis Penanganan Longsor Tenggarong Seberang - Samarinda,LPSE KABUPATEN KUTAI KARTANEGARA,CV.PUSAKA DIGJAYA,Tidak Menghadiri Pembuktian,,0,
4647198,Pengawasan Teknis Penanganan Longsor Tenggarong Seberang - Samarinda,LPSE KABUPATEN KUTAI KARTANEGARA,PT. BRAMUDA SINERGY,Tidak Menghadiri Pembuktian,,0,
4647198,Pengawasan Teknis Penanganan Longsor Tenggarong Seberang - Samarinda,LPSE KABUPATEN KUTAI KARTANEGARA,PT. JASINDO KONSULT NEC,Tidak Menghadiri Pembuktian,,0,
4647198,Pengawasan Teknis Penanganan Longsor Tenggarong Seberang - Samarinda,LPSE KABUPATEN KUTAI KARTANEGARA,CV. GEOMETRIK PRATAMA KONSULTAN,Tidak Menghadiri Pembuktian,,0,
4647198,Pengawasan Teknis Penanganan Longsor Tenggarong Seberang - Samarinda,LPSE KABUPATEN KUTAI KARTANEGARA,CV. MUTIARA KARYA CONSULTANT,Tidak Menghadiri Pembuktian,,0,
4647198,Pengawasan Teknis Penanganan Longsor Tenggarong Seberang - Samarinda,LPSE KABUPATEN KUTAI KARTANEGARA,PT. ALOCITA MANDIRI,Tidak Menghadiri Pembuktian,,0,
4647198,Pengawasan Teknis Penanganan Longsor Tenggarong Seberang - Samarinda,LPSE KABUPATEN KUTAI KARTANEGARA,CV. PRIMA JAYA KONSULTAN,Tidak Menghadiri Pembuktian,,0,
4647198,Pengawasan Teknis Penanganan Longsor Tenggarong Seberang - Samarinda,LPSE KABUPATEN KUTAI KARTANEGARA,PT. NAFA AIRFINDO KONSULTAN,Tidak Menghadiri Pembuktian,,0,
4647198,Pengawasan Teknis Penanganan Longsor Tenggarong Seberang - Samarinda,LPSE KABUPATEN KUTAI KARTANEGARA,PT. SYAFITRI PERDANA KONSULTAN,Tidak Menghadiri Pembuktian,,0,
4642198,Perencanaan dan Pembangunan Akreditasi A SDN 030 Tenggarong,LPSE KABUPATEN KUTAI KARTANEGARA,CV. VISTAPLAN'79 CONSULTANT,Pemenang,"66,17",99330000,
4642198,Perencanaan dan Pembangunan Akreditasi A SDN 030 Tenggarong,LPSE KABUPATEN KUTAI KARTANEGARA,PT. ARISTA GEMILANG KONSULINDO,Tdk bs menunjukan ijazah Tenaga ahli yg asli/ dilegalisir,,0,
4642198,Perencanaan dan Pembangunan Akreditasi A SDN 030 Tenggarong,LPSE KABUPATEN KUTAI KARTANEGARA,CV. SIKLUS TEKNIK KONSULTAN,Bukan Pemenang,"42,22",98450000,
4642198,Perencanaan dan Pembangunan Akreditasi A SDN 030 Tenggarong,LPSE KABUPATEN KUTAI KARTANEGARA,PT. MUARA CONSULT,'Pajak tahunan tidak ada.,,0,
4642198,Perencanaan dan Pembangunan Akreditasi A SDN 030 Tenggarong,LPSE KABUPATEN KUTAI KARTANEGARA,CV. FASADE UTAMA,Bukan Pemenang,"29,56",93290000,
4642198,Perencanaan dan Pembangunan Akreditasi A SDN 030 Tenggarong,LPSE KABUPATEN KUTAI KARTANEGARA,PT.CIDIACH KARYA NUSANTARA,Bukan Pemenang,"64,72",99660000,
4642198,Perencanaan dan Pembangunan Akreditasi A SDN 030 Tenggarong,LPSE KABUPATEN KUTAI KARTANEGARA,CV. GLOTUS KONSULTAN,Tidak mengupload dokumen penawaran,,0,
4642198,Perencanaan dan Pembangunan Akreditasi A SDN 030 Tenggarong,LPSE KABUPATEN KUTAI KARTANEGARA,CV. MILANA CONSULTANT,Tidak bs menunjukan SPT tahunan yang asli dan Bukti kontrak pengalaman,,0,
4642198,Perencanaan dan Pembangunan Akreditasi A SDN 030 Tenggarong,LPSE KABUPATEN KUTAI KARTANEGARA,CV. MATRIX CONSULTANT,'PPh psl 21 bulan Februari tidak ada dan Tenaga ahli Elektrikal mekanikal tidak dilampirkan,,0,
4642198,Perencanaan dan Pembangunan Akreditasi A SDN 030 Tenggarong,LPSE KABUPATEN KUTAI KARTANEGARA,cv. bola mandiri,Tidak Menghadiri Pembuktian,,0,
4642198,Perencanaan dan Pembangunan Akreditasi A SDN 030 Tenggarong,LPSE KABUPATEN KUTAI KARTANEGARA,CV. WAHANA CAHAYA KONSULTAN,Tidak Menghadiri Pembuktian,,0,
4642198,Perencanaan dan Pembangunan Akreditasi A SDN 030 Tenggarong,LPSE KABUPATEN KUTAI KARTANEGARA,cv.karya lisendo,Tidak Menghadiri Pembuktian,,0,
4642198,Perencanaan dan Pembangunan Akreditasi A SDN 030 Tenggarong,LPSE KABUPATEN KUTAI KARTANEGARA,PT. Mitrakawasa Konsulindo,Tidak Menghadiri Pembuktian,,0,
4642198,Perencanaan dan Pembangunan Akreditasi A SDN 030 Tenggarong,LPSE KABUPATEN KUTAI KARTANEGARA,CV.Trikarya Utama,Tidak Menghadiri Pembuktian,,0,
4642198,Perencanaan dan Pembangunan Akreditasi A SDN 030 Tenggarong,LPSE KABUPATEN KUTAI KARTANEGARA,PT. BLANTIKA MULTI ENGINEER,Tidak Menghadiri Pembuktian,,0,
4642198,Perencanaan dan Pembangunan Akreditasi A SDN 030 Tenggarong,LPSE KABUPATEN KUTAI KARTANEGARA,CV. JALA SAKTI,Tidak Menghadiri Pembuktian,,0,
4642198,Perencanaan dan Pembangunan Akreditasi A SDN 030 Tenggarong,LPSE KABUPATEN KUTAI KARTANEGARA,CV. EXECUTIVE 04 CONSULTANT,Tidak Menghadiri Pembuktian,,0,
4642198,Perencanaan dan Pembangunan Akreditasi A SDN 030 Tenggarong,LPSE KABUPATEN KUTAI KARTANEGARA,CV.AURA CONSULINDO,Tidak Menghadiri Pembuktian,,0,
4634198,Perencanaan Teknis Pembangunan Ruang Kelas SDN 001 Kota Bangun,LPSE KABUPATEN KUTAI KARTANEGARA,"ARDHIA ASRI, CV",Pemenang,"74,74",128600000,
4634198,Perencanaan Teknis Pembangunan Ruang Kelas SDN 001 Kota Bangun,LPSE KABUPATEN KUTAI KARTANEGARA,PT. ARISTA GEMILANG KONSULINDO,Bukan Pemenang,"67,1",124448000,
4634198,Perencanaan Teknis Pembangunan Ruang Kelas SDN 001 Kota Bangun,LPSE KABUPATEN KUTAI KARTANEGARA,CV. SIKLUS TEKNIK KONSULTAN,Gugur Kualifikasi,,0,
4634198,Perencanaan Teknis Pembangunan Ruang Kelas SDN 001 Kota Bangun,LPSE KABUPATEN KUTAI KARTANEGARA,CV.SATRIA CONSULTANT,"Lulus, Tidak Diundang",,0,
4634198,Perencanaan Teknis Pembangunan Ruang Kelas SDN 001 Kota Bangun,LPSE KABUPATEN KUTAI KARTANEGARA,CV. PRABUANA ENGINEER CONSULTANT,Gugur Kualifikasi,,0,
4634198,Perencanaan Teknis Pembangunan Ruang Kelas SDN 001 Kota Bangun,LPSE KABUPATEN KUTAI KARTANEGARA,CV. ARCHIVIL ENGINEERING,Tidak memasukkan dokumen penawaran,,0,
4634198,Perencanaan Teknis Pembangunan Ruang Kelas SDN 001 Kota Bangun,LPSE KABUPATEN KUTAI KARTANEGARA,CV. MATRIX CONSULTANT,Gugur Kualifikasi,,0,
4634198,Perencanaan Teknis Pembangunan Ruang Kelas SDN 001 Kota Bangun,LPSE KABUPATEN KUTAI KARTANEGARA,CV.Trikarya Utama,Gugur Kualifikasi,,0,
4634198,Perencanaan Teknis Pembangunan Ruang Kelas SDN 001 Kota Bangun,LPSE KABUPATEN KUTAI KARTANEGARA,PT.ASRI ADYATAMA,Bukan Pemenang,"58,16",130460000,
4634198,Perencanaan Teknis Pembangunan Ruang Kelas SDN 001 Kota Bangun,LPSE KABUPATEN KUTAI KARTANEGARA,CV. JALA SAKTI,Gugur Kualifikasi,,0,
4634198,Perencanaan Teknis Pembangunan Ruang Kelas SDN 001 Kota Bangun,LPSE KABUPATEN KUTAI KARTANEGARA,PT.CIDIACH KARYA NUSANTARA,Gugur Kualifikasi,,0,
4634198,Perencanaan Teknis Pembangunan Ruang Kelas SDN 001 Kota Bangun,LPSE KABUPATEN KUTAI KARTANEGARA,CV. VISTAPLAN'79 CONSULTANT,Gugur di administrasi,,0,
4634198,Perencanaan Teknis Pembangunan Ruang Kelas SDN 001 Kota Bangun,LPSE KABUPATEN KUTAI KARTANEGARA,CV. EMWE BERSAUDARA,Tidak Menghadiri Pembuktian,,0,
4634198,Perencanaan Teknis Pembangunan Ruang Kelas SDN 001 Kota Bangun,LPSE KABUPATEN KUTAI KARTANEGARA,CV. ASIPLANT CONSULTANT,Tidak Menghadiri Pembuktian,,0,
4634198,Perencanaan Teknis Pembangunan Ruang Kelas SDN 001 Kota Bangun,LPSE KABUPATEN KUTAI KARTANEGARA,CV. MUTIARA KARYA CONSULTANT,Tidak Menghadiri Pembuktian,,0,
4634198,Perencanaan Teknis Pembangunan Ruang Kelas SDN 001 Kota Bangun,LPSE KABUPATEN KUTAI KARTANEGARA,PT. MEGAPLAN Indoraya Esa,Tidak Menghadiri Pembuktian,,0,
4634198,Perencanaan Teknis Pembangunan Ruang Kelas SDN 001 Kota Bangun,LPSE KABUPATEN KUTAI KARTANEGARA,CV.AURA CONSULINDO,Tidak Menghadiri Pembuktian,,0,
4634198,Perencanaan Teknis Pembangunan Ruang Kelas SDN 001 Kota Bangun,LPSE KABUPATEN KUTAI KARTANEGARA,CV. STONE BORNEO CONSULTANT,Tidak Menghadiri Pembuktian,,0,
4634198,Perencanaan Teknis Pembangunan Ruang Kelas SDN 001 Kota Bangun,LPSE KABUPATEN KUTAI KARTANEGARA,CV. WAHANA CAHAYA KONSULTAN,Tidak Menghadiri Pembuktian,,0,
4634198,Perencanaan Teknis Pembangunan Ruang Kelas SDN 001 Kota Bangun,LPSE KABUPATEN KUTAI KARTANEGARA,CV. DARMA CITRA UTAMA,Tidak Menghadiri Pembuktian,,0,
4634198,Perencanaan Teknis Pembangunan Ruang Kelas SDN 001 Kota Bangun,LPSE KABUPATEN KUTAI KARTANEGARA,CV. &I_GRADASI GARISARCH,Tidak Menghadiri Pembuktian,,0,
4634198,Perencanaan Teknis Pembangunan Ruang Kelas SDN 001 Kota Bangun,LPSE KABUPATEN KUTAI KARTANEGARA,PT. BLANTIKA MULTI ENGINEER,Tidak Menghadiri Pembuktian,,0,
4634198,Perencanaan Teknis Pembangunan Ruang Kelas SDN 001 Kota Bangun,LPSE KABUPATEN KUTAI KARTANEGARA,cv.karya lisendo,Tidak Menghadiri Pembuktian,,0,
4634198,Perencanaan Teknis Pembangunan Ruang Kelas SDN 001 Kota Bangun,LPSE KABUPATEN KUTAI KARTANEGARA,CV. EXECUTIVE 04 CONSULTANT,Tidak Menghadiri Pembuktian,,0,
4634198,Perencanaan Teknis Pembangunan Ruang Kelas SDN 001 Kota Bangun,LPSE KABUPATEN KUTAI KARTANEGARA,cv. bola mandiri,Tidak Menghadiri Pembuktian,,0,
4634198,Perencanaan Teknis Pembangunan Ruang Kelas SDN 001 Kota Bangun,LPSE KABUPATEN KUTAI KARTANEGARA,PT. ANTARIKSA GLOBALINDO,Tidak Menghadiri Pembuktian,,0,
4634198,Perencanaan Teknis Pembangunan Ruang Kelas SDN 001 Kota Bangun,LPSE KABUPATEN KUTAI KARTANEGARA,PT. ASA DESAIN,Tidak Menghadiri Pembuktian,,0,
4614198,Pengawasan Teknis Pemeliharaan Jalan dan Jembatan Dalam Kota Tenggarong,LPSE KABUPATEN KUTAI KARTANEGARA,CV. Sakti Jaya Consultant,Bukan Pemenang,"69,15",59125000,
4614198,Pengawasan Teknis Pemeliharaan Jalan dan Jembatan Dalam Kota Tenggarong,LPSE KABUPATEN KUTAI KARTANEGARA,PT.CIDIACH KARYA NUSANTARA,Pemenang,"74,53",70977000,
4614198,Pengawasan Teknis Pemeliharaan Jalan dan Jembatan Dalam Kota Tenggarong,LPSE KABUPATEN KUTAI KARTANEGARA,CV. VISTAPLAN'79 CONSULTANT,Bukan Pemenang,"66,21",71060000,
4614198,Pengawasan Teknis Pemeliharaan Jalan dan Jembatan Dalam Kota Tenggarong,LPSE KABUPATEN KUTAI KARTANEGARA,CV. SHACIO JAYA CONSULT,Bukan Pemenang,"44,41",73260000,
4614198,Pengawasan Teknis Pemeliharaan Jalan dan Jembatan Dalam Kota Tenggarong,LPSE KABUPATEN KUTAI KARTANEGARA,PT. BRAMUDA SINERGY,Tidak menghadiri pembuktian kualifikasi,,0,
4614198,Pengawasan Teknis Pemeliharaan Jalan dan Jembatan Dalam Kota Tenggarong,LPSE KABUPATEN KUTAI KARTANEGARA,CV. MATRIX CONSULTANT,Bukan Pemenang,"39,01",71170000,
4614198,Pengawasan Teknis Pemeliharaan Jalan dan Jembatan Dalam Kota Tenggarong,LPSE KABUPATEN KUTAI KARTANEGARA,CV. Cremona Teknik Consultant,Tidak Menghadiri Pembuktian,,0,
4614198,Pengawasan Teknis Pemeliharaan Jalan dan Jembatan Dalam Kota Tenggarong,LPSE KABUPATEN KUTAI KARTANEGARA,CV. PLASA DECO ARSIPLAN,Tidak Menghadiri Pembuktian,,0,
4614198,Pengawasan Teknis Pemeliharaan Jalan dan Jembatan Dalam Kota Tenggarong,LPSE KABUPATEN KUTAI KARTANEGARA,PT. METRO ASTADI,Tidak Menghadiri Pembuktian,,0,
4614198,Pengawasan Teknis Pemeliharaan Jalan dan Jembatan Dalam Kota Tenggarong,LPSE KABUPATEN KUTAI KARTANEGARA,CV. PRIMA JAYA KONSULTAN,Tidak Menghadiri Pembuktian,,0,
4613198,Perencanaan Teknis Peningkatan Jalan Belida,LPSE KABUPATEN KUTAI KARTANEGARA,PT. TEKNIKAL GLOBAL KONSULTAN,Bukan Pemenang,"65,12",152867000,
4613198,Perencanaan Teknis Peningkatan Jalan Belida,LPSE KABUPATEN KUTAI KARTANEGARA,CV. BUANA ENGINEERING CONSULTANT,Bukan Pemenang,"66,03",155122000,
4613198,Perencanaan Teknis Peningkatan Jalan Belida,LPSE KABUPATEN KUTAI KARTANEGARA,CV. UNITECH CIPTA MANDIRI,Pemenang,"73,64",162910000,
4613198,Perencanaan Teknis Peningkatan Jalan Belida,LPSE KABUPATEN KUTAI KARTANEGARA,PT. ARISTA GEMILANG KONSULINDO,Tidak Menghadiri Pembuktian,,0,
4613198,Perencanaan Teknis Peningkatan Jalan Belida,LPSE KABUPATEN KUTAI KARTANEGARA,CV. MUTIARA KARYA CONSULTANT,Tidak Menghadiri Pembuktian,,0,
4613198,Perencanaan Teknis Peningkatan Jalan Belida,LPSE KABUPATEN KUTAI KARTANEGARA,CV. Sakti Jaya Consultant,Tidak Menghadiri Pembuktian,,0,
4613198,Perencanaan Teknis Peningkatan Jalan Belida,LPSE KABUPATEN KUTAI KARTANEGARA,CV. SHACIO JAYA CONSULT,Tidak Menghadiri Pembuktian,,0,
4613198,Perencanaan Teknis Peningkatan Jalan Belida,LPSE KABUPATEN KUTAI KARTANEGARA,PT.CIDIACH KARYA NUSANTARA,Bukan Pemenang,"16,7",163350000,
4613198,Perencanaan Teknis Peningkatan Jalan Belida,LPSE KABUPATEN KUTAI KARTANEGARA,CV. VISTAPLAN'79 CONSULTANT,Bukan Pemenang,"16,12",163570000,
4613198,Perencanaan Teknis Peningkatan Jalan Belida,LPSE KABUPATEN KUTAI KARTANEGARA,PT. BRAMUDA SINERGY,Tidak menghadiri pembuktian kualifikasi,,0,
4613198,Perencanaan Teknis Peningkatan Jalan Belida,LPSE KABUPATEN KUTAI KARTANEGARA,CV.Trikarya Utama,Tidak menghadiri pembuktian kualifikasi,,0,
4613198,Perencanaan Teknis Peningkatan Jalan Belida,LPSE KABUPATEN KUTAI KARTANEGARA,PT. MEGAPLAN Indoraya Esa,Tidak menghadiri pembuktian kualifikasi,,0,
4613198,Perencanaan Teknis Peningkatan Jalan Belida,LPSE KABUPATEN KUTAI KARTANEGARA,PT. JASINDO KONSULT NEC,Tidak menghadiri pembuktian kualifikasi,,0,
4613198,Perencanaan Teknis Peningkatan Jalan Belida,LPSE KABUPATEN KUTAI KARTANEGARA,PT. NAFA AIRFINDO KONSULTAN,Tidak Menghadiri Pembuktian,,0,
4613198,Perencanaan Teknis Peningkatan Jalan Belida,LPSE KABUPATEN KUTAI KARTANEGARA,CV. STONE BORNEO CONSULTANT,Tidak menghadiri pembuktian kualifikasi,,0,
4613198,Perencanaan Teknis Peningkatan Jalan Belida,LPSE KABUPATEN KUTAI KARTANEGARA,CV. Cremona Teknik Consultant,Tidak Menghadiri Pembuktian,,0,
4613198,Perencanaan Teknis Peningkatan Jalan Belida,LPSE KABUPATEN KUTAI KARTANEGARA,CV. ASIPLANT CONSULTANT,Tidak menghadiri pembuktian kualifikasi,,0,
4613198,Perencanaan Teknis Peningkatan Jalan Belida,LPSE KABUPATEN KUTAI KARTANEGARA,CV. EXECUTIVE 04 CONSULTANT,Gugur Administrasi,,0,
4613198,Perencanaan Teknis Peningkatan Jalan Belida,LPSE KABUPATEN KUTAI KARTANEGARA,CV. UNITED 07 CONSULTANT,Tidak menghadiri pembuktian kualifikasi,,0,
4613198,Perencanaan Teknis Peningkatan Jalan Belida,LPSE KABUPATEN KUTAI KARTANEGARA,CV. MATRIX CONSULTANT,Tidak Menghadiri Pembuktian,,0,
4613198,Perencanaan Teknis Peningkatan Jalan Belida,LPSE KABUPATEN KUTAI KARTANEGARA,cv. bola mandiri,Tidak Menghadiri Pembuktian,,0,
4613198,Perencanaan Teknis Peningkatan Jalan Belida,LPSE KABUPATEN KUTAI KARTANEGARA,PT. BLANTIKA MULTI ENGINEER,Tidak Menghadiri Pembuktian,,0,
4613198,Perencanaan Teknis Peningkatan Jalan Belida,LPSE KABUPATEN KUTAI KARTANEGARA,CV. JALA SAKTI,Tidak Menghadiri Pembuktian,,0,
4613198,Perencanaan Teknis Peningkatan Jalan Belida,LPSE KABUPATEN KUTAI KARTANEGARA,CV. AKASAKA TEKNIKA CONSULTANT,Tidak Menghadiri Pembuktian,,0,
4613198,Perencanaan Teknis Peningkatan Jalan Belida,LPSE KABUPATEN KUTAI KARTANEGARA,CV.AURA CONSULINDO,Tidak Menghadiri Pembuktian,,0,
4613198,Perencanaan Teknis Peningkatan Jalan Belida,LPSE KABUPATEN KUTAI KARTANEGARA,"ARDHIA ASRI, CV",Tidak Menghadiri Pembuktian,,0,
4613198,Perencanaan Teknis Peningkatan Jalan Belida,LPSE KABUPATEN KUTAI KARTANEGARA,PT.ASRI ADYATAMA,Tidak Menghadiri Pembuktian,,0,
4613198,Perencanaan Teknis Peningkatan Jalan Belida,LPSE KABUPATEN KUTAI KARTANEGARA,CV. Cipta Persada Nusantara,Tidak Menghadiri Pembuktian,,0,
4613198,Perencanaan Teknis Peningkatan Jalan Belida,LPSE KABUPATEN KUTAI KARTANEGARA,CV. DIAN CONSULTAN,Tidak Menghadiri Pembuktian,,0,
4613198,Perencanaan Teknis Peningkatan Jalan Belida,LPSE KABUPATEN KUTAI KARTANEGARA,CV. RASYA ALBAR CONSULTANT,Tidak Menghadiri Pembuktian,,0,
4613198,Perencanaan Teknis Peningkatan Jalan Belida,LPSE KABUPATEN KUTAI KARTANEGARA,CV. WAHANA CAHAYA KONSULTAN,Tidak Menghadiri Pembuktian,,0,
4613198,Perencanaan Teknis Peningkatan Jalan Belida,LPSE KABUPATEN KUTAI KARTANEGARA,CV. PRIMA JAYA KONSULTAN,Tidak Menghadiri Pembuktian,,0,
4613198,Perencanaan Teknis Peningkatan Jalan Belida,LPSE KABUPATEN KUTAI KARTANEGARA,CV. GLOTUS KONSULTAN,Tidak Menghadiri Pembuktian,,0,
4605198,Perencanaan Teknis Peningkatan Jalan Ex. Projakal Desa Jongkang,LPSE KABUPATEN KUTAI KARTANEGARA,CV.Trikarya Utama,Bukan Pemenang,"82,77",107525000,
4605198,Perencanaan Teknis Peningkatan Jalan Ex. Projakal Desa Jongkang,LPSE KABUPATEN KUTAI KARTANEGARA,PT. GIRI AWAS,Pemenang,"84,62",111980000,
4605198,Perencanaan Teknis Peningkatan Jalan Ex. Projakal Desa Jongkang,LPSE KABUPATEN KUTAI KARTANEGARA,CV. VISTAPLAN'79 CONSULTANT,Bukan Pemenang,"68,32",114455000,
4605198,Perencanaan Teknis Peningkatan Jalan Ex. Projakal Desa Jongkang,LPSE KABUPATEN KUTAI KARTANEGARA,CV. UNITECH CIPTA MANDIRI,Bukan Pemenang,"79,08",114620000,
4605198,Perencanaan Teknis Peningkatan Jalan Ex. Projakal Desa Jongkang,LPSE KABUPATEN KUTAI KARTANEGARA,PT. TEKNIKAL GLOBAL KONSULTAN,Bukan Pemenang,"80,52",115032000,
4605198,Perencanaan Teknis Peningkatan Jalan Ex. Projakal Desa Jongkang,LPSE KABUPATEN KUTAI KARTANEGARA,CV. Sakti Jaya Consultant,*Gugur* Tidak memenuhi persyaratan Kualifikasi sesuai Dokumen kualifikasi,,0,
4605198,Perencanaan Teknis Peningkatan Jalan Ex. Projakal Desa Jongkang,LPSE KABUPATEN KUTAI KARTANEGARA,CV.AURA CONSULINDO,*Gugur* Tidak memenuhi persyaratan Kualifikasi sesuai Dokumen kualifikasi,,0,
4605198,Perencanaan Teknis Peningkatan Jalan Ex. Projakal Desa Jongkang,LPSE KABUPATEN KUTAI KARTANEGARA,PT. BLANTIKA MULTI ENGINEER,*Gugur* Tidak memenuhi persyaratan Kualifikasi sesuai Dokumen kualifikasi,,0,
4605198,Perencanaan Teknis Peningkatan Jalan Ex. Projakal Desa Jongkang,LPSE KABUPATEN KUTAI KARTANEGARA,PT. BRAMUDA SINERGY,*Lulus* Tidak masuk daftar Pendek,,0,
4605198,Perencanaan Teknis Peningkatan Jalan Ex. Projakal Desa Jongkang,LPSE KABUPATEN KUTAI KARTANEGARA,CV. RASYA ALBAR CONSULTANT,*Gugur* Tidak Menghadiri Pembuktian kualifikasi,,0,
4605198,Perencanaan Teknis Peningkatan Jalan Ex. Projakal Desa Jongkang,LPSE KABUPATEN KUTAI KARTANEGARA,CV. SIKLUS TEKNIK KONSULTAN,*Lulus* Tidak masuk daftar Pendek,,0,
4605198,Perencanaan Teknis Peningkatan Jalan Ex. Projakal Desa Jongkang,LPSE KABUPATEN KUTAI KARTANEGARA,PT. JASINDO KONSULT NEC,*Gugur* Tidak Menghadiri Pembuktian kualifikasi,,0,
4605198,Perencanaan Teknis Peningkatan Jalan Ex. Projakal Desa Jongkang,LPSE KABUPATEN KUTAI KARTANEGARA,PT.CIDIACH KARYA NUSANTARA,*Lulus* Tidak masuk daftar Pendek,,0,
4605198,Perencanaan Teknis Peningkatan Jalan Ex. Projakal Desa Jongkang,LPSE KABUPATEN KUTAI KARTANEGARA,PT. ARISTA GEMILANG KONSULINDO,*Lulus* Tidak masuk daftar Pendek,,0,
4605198,Perencanaan Teknis Peningkatan Jalan Ex. Projakal Desa Jongkang,LPSE KABUPATEN KUTAI KARTANEGARA,CV. MUTIARA KARYA CONSULTANT,*Gugur* Tidak memenuhi persyaratan Kualifikasi sesuai Dokumen kualifikasi,,0,
4605198,Perencanaan Teknis Peningkatan Jalan Ex. Projakal Desa Jongkang,LPSE KABUPATEN KUTAI KARTANEGARA,CV. PRIMA JAYA KONSULTAN,*Gugur* Tidak Menghadiri Pembuktian kualifikasi,,0,
4605198,Perencanaan Teknis Peningkatan Jalan Ex. Projakal Desa Jongkang,LPSE KABUPATEN KUTAI KARTANEGARA,PT. MEGAPLAN Indoraya Esa,*Gugur* Tidak memenuhi persyaratan Kualifikasi sesuai Dokumen kualifikasi,,0,
4605198,Perencanaan Teknis Peningkatan Jalan Ex. Projakal Desa Jongkang,LPSE KABUPATEN KUTAI KARTANEGARA,CV. JALA SAKTI,*Gugur* Tidak memenuhi persyaratan Kualifikasi sesuai Dokumen kualifikasi,,0,
4605198,Perencanaan Teknis Peningkatan Jalan Ex. Projakal Desa Jongkang,LPSE KABUPATEN KUTAI KARTANEGARA,CV. Cremona Teknik Consultant,*Lulus* Tidak masuk daftar Pendek,,0,
4605198,Perencanaan Teknis Peningkatan Jalan Ex. Projakal Desa Jongkang,LPSE KABUPATEN KUTAI KARTANEGARA,CV. STONE BORNEO CONSULTANT,*Gugur* Tidak Menghadiri Pembuktian kualifikasi,,0,
4605198,Perencanaan Teknis Peningkatan Jalan Ex. Projakal Desa Jongkang,LPSE KABUPATEN KUTAI KARTANEGARA,CV. SHACIO JAYA CONSULT,*Lulus* Tidak masuk daftar Pendek,,0,
4605198,Perencanaan Teknis Peningkatan Jalan Ex. Projakal Desa Jongkang,LPSE KABUPATEN KUTAI KARTANEGARA,CV. ASIPLANT CONSULTANT,*Gugur* Tidak memenuhi persyaratan Kualifikasi sesuai Dokumen kualifikasi,,0,
4605198,Perencanaan Teknis Peningkatan Jalan Ex. Projakal Desa Jongkang,LPSE KABUPATEN KUTAI KARTANEGARA,CV. MATRIX CONSULTANT,*Lulus* Tidak masuk daftar Pendek,,0,
4605198,Perencanaan Teknis Peningkatan Jalan Ex. Projakal Desa Jongkang,LPSE KABUPATEN KUTAI KARTANEGARA,PT. NAFA AIRFINDO KONSULTAN,*Gugur* Tidak memenuhi persyaratan Kualifikasi sesuai Dokumen kualifikasi,,0,
4605198,Perencanaan Teknis Peningkatan Jalan Ex. Projakal Desa Jongkang,LPSE KABUPATEN KUTAI KARTANEGARA,CV. AKASAKA TEKNIKA CONSULTANT,*Lulus* Tidak masuk daftar Pendek,,0,
4605198,Perencanaan Teknis Peningkatan Jalan Ex. Projakal Desa Jongkang,LPSE KABUPATEN KUTAI KARTANEGARA,PT. HARI PERDANA KONSULTAN,Tidak Menghadiri Pembuktian,,0,
4605198,Perencanaan Teknis Peningkatan Jalan Ex. Projakal Desa Jongkang,LPSE KABUPATEN KUTAI KARTANEGARA,PT. SIGMA EKSPRESI,Tidak Menghadiri Pembuktian,,0,
4605198,Perencanaan Teknis Peningkatan Jalan Ex. Projakal Desa Jongkang,LPSE KABUPATEN KUTAI KARTANEGARA,PT. Arenco Binatama,Tidak Menghadiri Pembuktian,,0,
4605198,Perencanaan Teknis Peningkatan Jalan Ex. Projakal Desa Jongkang,LPSE KABUPATEN KUTAI KARTANEGARA,CV. FASADE UTAMA,Tidak Menghadiri Pembuktian,,0,
4605198,Perencanaan Teknis Peningkatan Jalan Ex. Projakal Desa Jongkang,LPSE KABUPATEN KUTAI KARTANEGARA,RIMA CIPTA CONSULTANT ( RCC ),Tidak Menghadiri Pembuktian,,0,
4605198,Perencanaan Teknis Peningkatan Jalan Ex. Projakal Desa Jongkang,LPSE KABUPATEN KUTAI KARTANEGARA,CV. DEKON,Tidak Menghadiri Pembuktian,,0,
4605198,Perencanaan Teknis Peningkatan Jalan Ex. Projakal Desa Jongkang,LPSE KABUPATEN KUTAI KARTANEGARA,PT. ANDRA CIPTA CONSULT,Tidak Menghadiri Pembuktian,,0,
4605198,Perencanaan Teknis Peningkatan Jalan Ex. Projakal Desa Jongkang,LPSE KABUPATEN KUTAI KARTANEGARA,CV. WAHANA CAHAYA KONSULTAN,Tidak Menghadiri Pembuktian,,0,
4605198,Perencanaan Teknis Peningkatan Jalan Ex. Projakal Desa Jongkang,LPSE KABUPATEN KUTAI KARTANEGARA,CV. DIAN CONSULTAN,Tidak Menghadiri Pembuktian,,0,
4605198,Perencanaan Teknis Peningkatan Jalan Ex. Projakal Desa Jongkang,LPSE KABUPATEN KUTAI KARTANEGARA,cv. bola mandiri,Tidak Menghadiri Pembuktian,,0,
4605198,Perencanaan Teknis Peningkatan Jalan Ex. Projakal Desa Jongkang,LPSE KABUPATEN KUTAI KARTANEGARA,PT. AURAMA KARYA KONSULTAN,Tidak Menghadiri Pembuktian,,0,
4581198,Pengawasan Teknis Pengadaan dan Pemasangan Menara Suar di Alur Pelayaran Pesisir Wilayah kab. Kutai Kartanegara,LPSE KABUPATEN KUTAI KARTANEGARA,PT. Multi Kharisma Guna Karya,Bukan Pemenang,"66,51",132880000,
4581198,Pengawasan Teknis Pengadaan dan Pemasangan Menara Suar di Alur Pelayaran Pesisir Wilayah kab. Kutai Kartanegara,LPSE KABUPATEN KUTAI KARTANEGARA,CV. Sakti Jaya Consultant,Pemenang,"70,45",148912500,
4581198,Pengawasan Teknis Pengadaan dan Pemasangan Menara Suar di Alur Pelayaran Pesisir Wilayah kab. Kutai Kartanegara,LPSE KABUPATEN KUTAI KARTANEGARA,CV. APO KHAYAN CONSULTANT,Bukan Pemenang,"56,51",144950000,
4581198,Pengawasan Teknis Pengadaan dan Pemasangan Menara Suar di Alur Pelayaran Pesisir Wilayah kab. Kutai Kartanegara,LPSE KABUPATEN KUTAI KARTANEGARA,PT. GEOMATIK CONSULTANT,Tidak Menghadiri Pembuktian,,0,
4581198,Pengawasan Teknis Pengadaan dan Pemasangan Menara Suar di Alur Pelayaran Pesisir Wilayah kab. Kutai Kartanegara,LPSE KABUPATEN KUTAI KARTANEGARA,cv.karya lisendo,Tidak Menghadiri Pembuktian,,0,
4581198,Pengawasan Teknis Pengadaan dan Pemasangan Menara Suar di Alur Pelayaran Pesisir Wilayah kab. Kutai Kartanegara,LPSE KABUPATEN KUTAI KARTANEGARA,PT. Genta Prima Pertiwi,Tidak Menghadiri Pembuktian,,0,
4581198,Pengawasan Teknis Pengadaan dan Pemasangan Menara Suar di Alur Pelayaran Pesisir Wilayah kab. Kutai Kartanegara,LPSE KABUPATEN KUTAI KARTANEGARA,CV. FASADE UTAMA,Tidak Menghadiri Pembuktian,,0,
4581198,Pengawasan Teknis Pengadaan dan Pemasangan Menara Suar di Alur Pelayaran Pesisir Wilayah kab. Kutai Kartanegara,LPSE KABUPATEN KUTAI KARTANEGARA,PT. Mitrakawasa Konsulindo,Tidak Menghadiri Pembuktian,,0,
4581198,Pengawasan Teknis Pengadaan dan Pemasangan Menara Suar di Alur Pelayaran Pesisir Wilayah kab. Kutai Kartanegara,LPSE KABUPATEN KUTAI KARTANEGARA,CV. EXECUTIVE 04 CONSULTANT,Tidak Menghadiri Pembuktian,,0,
4581198,Pengawasan Teknis Pengadaan dan Pemasangan Menara Suar di Alur Pelayaran Pesisir Wilayah kab. Kutai Kartanegara,LPSE KABUPATEN KUTAI KARTANEGARA,PT. SUMBER MITRA KALTIM,Tidak Menghadiri Pembuktian,,0,
4581198,Pengawasan Teknis Pengadaan dan Pemasangan Menara Suar di Alur Pelayaran Pesisir Wilayah kab. Kutai Kartanegara,LPSE KABUPATEN KUTAI KARTANEGARA,PT. MORTEZA Teknikatama,Tidak Menghadiri Pembuktian,,0,
4581198,Pengawasan Teknis Pengadaan dan Pemasangan Menara Suar di Alur Pelayaran Pesisir Wilayah kab. Kutai Kartanegara,LPSE KABUPATEN KUTAI KARTANEGARA,"ARDHIA ASRI, CV",Tidak Menghadiri Pembuktian,,0,
4581198,Pengawasan Teknis Pengadaan dan Pemasangan Menara Suar di Alur Pelayaran Pesisir Wilayah kab. Kutai Kartanegara,LPSE KABUPATEN KUTAI KARTANEGARA,PT. BRAMUDA SINERGY,Tidak Menghadiri Pembuktian,,0,
4581198,Pengawasan Teknis Pengadaan dan Pemasangan Menara Suar di Alur Pelayaran Pesisir Wilayah kab. Kutai Kartanegara,LPSE KABUPATEN KUTAI KARTANEGARA,CV.KEMIRI GADING,Tidak Menghadiri Pembuktian,,0,
4581198,Pengawasan Teknis Pengadaan dan Pemasangan Menara Suar di Alur Pelayaran Pesisir Wilayah kab. Kutai Kartanegara,LPSE KABUPATEN KUTAI KARTANEGARA,PT. ARISTA GEMILANG KONSULINDO,Tidak Menghadiri Pembuktian,,0,
4562198,"Pengawasan Teknis Peningkatan Jalan Barong Tongkok RT. 17, 19, 20, 21",LPSE KABUPATEN KUTAI KARTANEGARA,"ARDHIA ASRI, CV",Pemenang,"72,73",81290000,
4562198,"Pengawasan Teknis Peningkatan Jalan Barong Tongkok RT. 17, 19, 20, 21",LPSE KABUPATEN KUTAI KARTANEGARA,PT Karya Kompas Konsultan,Gugur administrasi,,0,
4562198,"Pengawasan Teknis Peningkatan Jalan Barong Tongkok RT. 17, 19, 20, 21",LPSE KABUPATEN KUTAI KARTANEGARA,CV. MATRIX CONSULTANT,Tidak Mengupload Dokumen Penawaran,,0,
4562198,"Pengawasan Teknis Peningkatan Jalan Barong Tongkok RT. 17, 19, 20, 21",LPSE KABUPATEN KUTAI KARTANEGARA,CV. VISTAPLAN'79 CONSULTANT,Bukan Pemenang,"57,03",80190000,
4562198,"Pengawasan Teknis Peningkatan Jalan Barong Tongkok RT. 17, 19, 20, 21",LPSE KABUPATEN KUTAI KARTANEGARA,CV. Sakti Jaya Consultant,Tidak menghadiri pembuktian kualifikasi,,0,
4562198,"Pengawasan Teknis Peningkatan Jalan Barong Tongkok RT. 17, 19, 20, 21",LPSE KABUPATEN KUTAI KARTANEGARA,CV.SATRIA CONSULTANT,Bukan Pemenang,"63,39",80740000,
4562198,"Pengawasan Teknis Peningkatan Jalan Barong Tongkok RT. 17, 19, 20, 21",LPSE KABUPATEN KUTAI KARTANEGARA,PT. ARISTA GEMILANG KONSULINDO,Tidak menghadiri pembuktian kualifikasi,,0,
4562198,"Pengawasan Teknis Peningkatan Jalan Barong Tongkok RT. 17, 19, 20, 21",LPSE KABUPATEN KUTAI KARTANEGARA,PT.ASRI ADYATAMA,Tidak Menghadiri Pembuktian,,0,
4562198,"Pengawasan Teknis Peningkatan Jalan Barong Tongkok RT. 17, 19, 20, 21",LPSE KABUPATEN KUTAI KARTANEGARA,AMBANA KARYA GROUP,Tidak Menghadiri Pembuktian,,0,
4562198,"Pengawasan Teknis Peningkatan Jalan Barong Tongkok RT. 17, 19, 20, 21",LPSE KABUPATEN KUTAI KARTANEGARA,PT.CIDIACH KARYA NUSANTARA,Tidak Mengupload Dokumen Penawaran,,0,
4562198,"Pengawasan Teknis Peningkatan Jalan Barong Tongkok RT. 17, 19, 20, 21",LPSE KABUPATEN KUTAI KARTANEGARA,PT. NAFA AIRFINDO KONSULTAN,Tidak Menghadiri Pembuktian,,0,
4562198,"Pengawasan Teknis Peningkatan Jalan Barong Tongkok RT. 17, 19, 20, 21",LPSE KABUPATEN KUTAI KARTANEGARA,CV. Cremona Teknik Consultant,Tidak Menghadiri Pembuktian,,0,
4562198,"Pengawasan Teknis Peningkatan Jalan Barong Tongkok RT. 17, 19, 20, 21",LPSE KABUPATEN KUTAI KARTANEGARA,CV. Sawi Mahakam Consultant,Tidak Menghadiri Pembuktian,,0,
4562198,"Pengawasan Teknis Peningkatan Jalan Barong Tongkok RT. 17, 19, 20, 21",LPSE KABUPATEN KUTAI KARTANEGARA,PT. METRO ASTADI,Tidak Menghadiri Pembuktian,,0,
4562198,"Pengawasan Teknis Peningkatan Jalan Barong Tongkok RT. 17, 19, 20, 21",LPSE KABUPATEN KUTAI KARTANEGARA,CV. Excelindo Consultant,Tidak Menghadiri Pembuktian,,0,
4562198,"Pengawasan Teknis Peningkatan Jalan Barong Tongkok RT. 17, 19, 20, 21",LPSE KABUPATEN KUTAI KARTANEGARA,PT. BRAMUDA SINERGY,Tidak Menghadiri Pembuktian,,0,
4562198,"Pengawasan Teknis Peningkatan Jalan Barong Tongkok RT. 17, 19, 20, 21",LPSE KABUPATEN KUTAI KARTANEGARA,PT. AURAMA KARYA KONSULTAN,Tidak Menghadiri Pembuktian,,0,
4563198,Pengawasan Teknis Peningkatan jalan Bensamar menuju Bengkuring Kel. Loa Ipuh Kec. Tenggarong,LPSE KABUPATEN KUTAI KARTANEGARA,CV.SATRIA CONSULTANT,Bukan Pemenang,"65,29",121000000,
4563198,Pengawasan Teknis Peningkatan jalan Bensamar menuju Bengkuring Kel. Loa Ipuh Kec. Tenggarong,LPSE KABUPATEN KUTAI KARTANEGARA,CV. MUTIARA KARYA CONSULTANT,Pemenang,"74,84",122925000,
4563198,Pengawasan Teknis Peningkatan jalan Bensamar menuju Bengkuring Kel. Loa Ipuh Kec. Tenggarong,LPSE KABUPATEN KUTAI KARTANEGARA,PT.CIDIACH KARYA NUSANTARA,Bukan Pemenang,"65,01",124740000,
4563198,Pengawasan Teknis Peningkatan jalan Bensamar menuju Bengkuring Kel. Loa Ipuh Kec. Tenggarong,LPSE KABUPATEN KUTAI KARTANEGARA,CV. MATRIX CONSULTANT,Tidak Menghadiri Pembuktian,,0,
4563198,Pengawasan Teknis Peningkatan jalan Bensamar menuju Bengkuring Kel. Loa Ipuh Kec. Tenggarong,LPSE KABUPATEN KUTAI KARTANEGARA,CV. VISTAPLAN'79 CONSULTANT,Tidak upload penawaran,,0,
4563198,Pengawasan Teknis Peningkatan jalan Bensamar menuju Bengkuring Kel. Loa Ipuh Kec. Tenggarong,LPSE KABUPATEN KUTAI KARTANEGARA,CV. Sakti Jaya Consultant,Tidak menghadiri pembuktian kualifikasi,,0,
4563198,Pengawasan Teknis Peningkatan jalan Bensamar menuju Bengkuring Kel. Loa Ipuh Kec. Tenggarong,LPSE KABUPATEN KUTAI KARTANEGARA,"ARDHIA ASRI, CV",Tidak upload penawaran,,0,
4563198,Pengawasan Teknis Peningkatan jalan Bensamar menuju Bengkuring Kel. Loa Ipuh Kec. Tenggarong,LPSE KABUPATEN KUTAI KARTANEGARA,PT. ARISTA GEMILANG KONSULINDO,Tidak menghadiri pembuktian kualifikasi,,0,
4563198,Pengawasan Teknis Peningkatan jalan Bensamar menuju Bengkuring Kel. Loa Ipuh Kec. Tenggarong,LPSE KABUPATEN KUTAI KARTANEGARA,PT.ASRI ADYATAMA,Tidak Menghadiri Pembuktian,,0,
4563198,Pengawasan Teknis Peningkatan jalan Bensamar menuju Bengkuring Kel. Loa Ipuh Kec. Tenggarong,LPSE KABUPATEN KUTAI KARTANEGARA,AMBANA KARYA GROUP,Tidak Menghadiri Pembuktian,,0,
4563198,Pengawasan Teknis Peningkatan jalan Bensamar menuju Bengkuring Kel. Loa Ipuh Kec. Tenggarong,LPSE KABUPATEN KUTAI KARTANEGARA,PT. METRO ASTADI,Tidak Menghadiri Pembuktian,,0,
4563198,Pengawasan Teknis Peningkatan jalan Bensamar menuju Bengkuring Kel. Loa Ipuh Kec. Tenggarong,LPSE KABUPATEN KUTAI KARTANEGARA,CV. STONE BORNEO CONSULTANT,Tidak Menghadiri Pembuktian,,0,
4563198,Pengawasan Teknis Peningkatan jalan Bensamar menuju Bengkuring Kel. Loa Ipuh Kec. Tenggarong,LPSE KABUPATEN KUTAI KARTANEGARA,PT. SECON DWITUNGGAL PUTRA,Tidak Menghadiri Pembuktian,,0,
4563198,Pengawasan Teknis Peningkatan jalan Bensamar menuju Bengkuring Kel. Loa Ipuh Kec. Tenggarong,LPSE KABUPATEN KUTAI KARTANEGARA,PT. BRAMUDA SINERGY,Tidak Menghadiri Pembuktian,,0,
4563198,Pengawasan Teknis Peningkatan jalan Bensamar menuju Bengkuring Kel. Loa Ipuh Kec. Tenggarong,LPSE KABUPATEN KUTAI KARTANEGARA,PT. AURAMA KARYA KONSULTAN,Tidak Menghadiri Pembuktian,,0,
4563198,Pengawasan Teknis Peningkatan jalan Bensamar menuju Bengkuring Kel. Loa Ipuh Kec. Tenggarong,LPSE KABUPATEN KUTAI KARTANEGARA,PT. NAFA AIRFINDO KONSULTAN,Tidak Menghadiri Pembuktian,,0,
4563198,Pengawasan Teknis Peningkatan jalan Bensamar menuju Bengkuring Kel. Loa Ipuh Kec. Tenggarong,LPSE KABUPATEN KUTAI KARTANEGARA,CV. Cremona Teknik Consultant,Tidak Menghadiri Pembuktian,,0,
4563198,Pengawasan Teknis Peningkatan jalan Bensamar menuju Bengkuring Kel. Loa Ipuh Kec. Tenggarong,LPSE KABUPATEN KUTAI KARTANEGARA,PT. BLANTIKA MULTI ENGINEER,Tidak Menghadiri Pembuktian,,0,
4563198,Pengawasan Teknis Peningkatan jalan Bensamar menuju Bengkuring Kel. Loa Ipuh Kec. Tenggarong,LPSE KABUPATEN KUTAI KARTANEGARA,PT Karya Kompas Konsultan,Tidak Menghadiri Pembuktian,,0,
4563198,Pengawasan Teknis Peningkatan jalan Bensamar menuju Bengkuring Kel. Loa Ipuh Kec. Tenggarong,LPSE KABUPATEN KUTAI KARTANEGARA,CV. Excelindo Consultant,Tidak Menghadiri Pembuktian,,0,
4555198,Perencanaan Rehabilitasi Total Kantor dan Ruang Kelas SMPN I Loa Kulu,LPSE KABUPATEN KUTAI KARTANEGARA,CV. SIKLUS TEKNIK KONSULTAN,Pemenang,"81,55",102245000,
4555198,Perencanaan Rehabilitasi Total Kantor dan Ruang Kelas SMPN I Loa Kulu,LPSE KABUPATEN KUTAI KARTANEGARA,CV. PRABUANA ENGINEER CONSULTANT,Bukan Pemenang,"81,55",104005000,
4555198,Perencanaan Rehabilitasi Total Kantor dan Ruang Kelas SMPN I Loa Kulu,LPSE KABUPATEN KUTAI KARTANEGARA,PT. ARISTA GEMILANG KONSULINDO,Tenaga Ahli pada daftar Isian Kualifikasi tidak sesuai yang dipersyaratkan dalam LDK,,0,
4555198,Perencanaan Rehabilitasi Total Kantor dan Ruang Kelas SMPN I Loa Kulu,LPSE KABUPATEN KUTAI KARTANEGARA,CV.Trikarya Utama,Tenaga Ahli pada daftar Isian Kualifikasi tidak sesuai yang dipersyaratkan dalam LDK,,0,
4555198,Perencanaan Rehabilitasi Total Kantor dan Ruang Kelas SMPN I Loa Kulu,LPSE KABUPATEN KUTAI KARTANEGARA,PT.BIOSFERA WIDHY ENGINEERING,Tenaga Ahli pada daftar Isian Kualifikasi tidak sesuai yang dipersyaratkan dalam LDK,,0,
4555198,Perencanaan Rehabilitasi Total Kantor dan Ruang Kelas SMPN I Loa Kulu,LPSE KABUPATEN KUTAI KARTANEGARA,CV. GLOTUS KONSULTAN,Tujuan alamat surat penawaran tidak sesui dalam Dokumen lelang,,0,
4555198,Perencanaan Rehabilitasi Total Kantor dan Ruang Kelas SMPN I Loa Kulu,LPSE KABUPATEN KUTAI KARTANEGARA,CV. MILANA CONSULTANT,Tujuan alamat surat penawaran tidak sesui dalam Dokumen lelang,,0,
4555198,Perencanaan Rehabilitasi Total Kantor dan Ruang Kelas SMPN I Loa Kulu,LPSE KABUPATEN KUTAI KARTANEGARA,PT.CIDIACH KARYA NUSANTARA,Tenaga Ahli pada daftar Isian Kualifikasi tidak sesuai yang dipersyaratkan dalam LDK,,0,
4555198,Perencanaan Rehabilitasi Total Kantor dan Ruang Kelas SMPN I Loa Kulu,LPSE KABUPATEN KUTAI KARTANEGARA,CV. VISTAPLAN'79 CONSULTANT,Tenaga Ahli pada daftar Isian Kualifikasi tidak sesuai yang dipersyaratkan dalam LDK,,0,
4555198,Perencanaan Rehabilitasi Total Kantor dan Ruang Kelas SMPN I Loa Kulu,LPSE KABUPATEN KUTAI KARTANEGARA,CV. MATRIX CONSULTANT,Tenaga Ahli pada daftar Isian Kualifikasi tidak sesuai yang dipersyaratkan dalam LDK,,0,
4555198,Perencanaan Rehabilitasi Total Kantor dan Ruang Kelas SMPN I Loa Kulu,LPSE KABUPATEN KUTAI KARTANEGARA,PT. MARANNU MARAYA MAINDAN,Tidak hadir pada pembuktian kualifikasi,,0,
4555198,Perencanaan Rehabilitasi Total Kantor dan Ruang Kelas SMPN I Loa Kulu,LPSE KABUPATEN KUTAI KARTANEGARA,CV. MATRA DESAIN,Tidak Menghadiri Pembuktian,,0,
4555198,Perencanaan Rehabilitasi Total Kantor dan Ruang Kelas SMPN I Loa Kulu,LPSE KABUPATEN KUTAI KARTANEGARA,CV. BOPACINDO KONSULTAN,Tidak Menghadiri Pembuktian,,0,
4555198,Perencanaan Rehabilitasi Total Kantor dan Ruang Kelas SMPN I Loa Kulu,LPSE KABUPATEN KUTAI KARTANEGARA,CV. &I_GRADASI GARISARCH,Tidak Menghadiri Pembuktian,,0,
4555198,Perencanaan Rehabilitasi Total Kantor dan Ruang Kelas SMPN I Loa Kulu,LPSE KABUPATEN KUTAI KARTANEGARA,cv. bola mandiri,Tidak Menghadiri Pembuktian,,0,
4555198,Perencanaan Rehabilitasi Total Kantor dan Ruang Kelas SMPN I Loa Kulu,LPSE KABUPATEN KUTAI KARTANEGARA,CV. DUTA PONTANA,Tidak Menghadiri Pembuktian,,0,
4555198,Perencanaan Rehabilitasi Total Kantor dan Ruang Kelas SMPN I Loa Kulu,LPSE KABUPATEN KUTAI KARTANEGARA,CV. FORTUNA TEKNIK,Tidak Menghadiri Pembuktian,,0,
4555198,Perencanaan Rehabilitasi Total Kantor dan Ruang Kelas SMPN I Loa Kulu,LPSE KABUPATEN KUTAI KARTANEGARA,CV. AKASAKA TEKNIKA CONSULTANT,Tidak Menghadiri Pembuktian,,0,
4555198,Perencanaan Rehabilitasi Total Kantor dan Ruang Kelas SMPN I Loa Kulu,LPSE KABUPATEN KUTAI KARTANEGARA,CV. SARI MURNI,Tidak Menghadiri Pembuktian,,0,
4555198,Perencanaan Rehabilitasi Total Kantor dan Ruang Kelas SMPN I Loa Kulu,LPSE KABUPATEN KUTAI KARTANEGARA,cv. datum,Tidak Menghadiri Pembuktian,,0,
4555198,Perencanaan Rehabilitasi Total Kantor dan Ruang Kelas SMPN I Loa Kulu,LPSE KABUPATEN KUTAI KARTANEGARA,PT. BLANTIKA MULTI ENGINEER,Tidak Menghadiri Pembuktian,,0,
4555198,Perencanaan Rehabilitasi Total Kantor dan Ruang Kelas SMPN I Loa Kulu,LPSE KABUPATEN KUTAI KARTANEGARA,PT. WAHANA PRAKARSA UTAMA,Tidak Menghadiri Pembuktian,,0,
4555198,Perencanaan Rehabilitasi Total Kantor dan Ruang Kelas SMPN I Loa Kulu,LPSE KABUPATEN KUTAI KARTANEGARA,CV. WIRA JASA CONSULTANT,Tidak Menghadiri Pembuktian,,0,
4555198,Perencanaan Rehabilitasi Total Kantor dan Ruang Kelas SMPN I Loa Kulu,LPSE KABUPATEN KUTAI KARTANEGARA,CV.KEONG MAS,Tidak Menghadiri Pembuktian,,0,
4555198,Perencanaan Rehabilitasi Total Kantor dan Ruang Kelas SMPN I Loa Kulu,LPSE KABUPATEN KUTAI KARTANEGARA,Ri N Ra Artha Karya,Tidak Menghadiri Pembuktian,,0,
4555198,Perencanaan Rehabilitasi Total Kantor dan Ruang Kelas SMPN I Loa Kulu,LPSE KABUPATEN KUTAI KARTANEGARA,cv.karya lisendo,Tidak Menghadiri Pembuktian,,0,
4555198,Perencanaan Rehabilitasi Total Kantor dan Ruang Kelas SMPN I Loa Kulu,LPSE KABUPATEN KUTAI KARTANEGARA,CV.KEMIRI GADING,Tidak Menghadiri Pembuktian,,0,
4555198,Perencanaan Rehabilitasi Total Kantor dan Ruang Kelas SMPN I Loa Kulu,LPSE KABUPATEN KUTAI KARTANEGARA,PT. TEKNIKAL GLOBAL KONSULTAN,Tidak Menghadiri Pembuktian,,0,
4555198,Perencanaan Rehabilitasi Total Kantor dan Ruang Kelas SMPN I Loa Kulu,LPSE KABUPATEN KUTAI KARTANEGARA,CV. Sawi Mahakam Consultant,Tidak Menghadiri Pembuktian,,0,
4546198,Perencanaan Pembangunan Ruang Kelas SDN 001 Loa Janan,LPSE KABUPATEN KUTAI KARTANEGARA,CV. PRABUANA ENGINEER CONSULTANT,Pemenang,"90,83",133925000,
4546198,Perencanaan Pembangunan Ruang Kelas SDN 001 Loa Janan,LPSE KABUPATEN KUTAI KARTANEGARA,CV. VISTAPLAN'79 CONSULTANT,Bukan Pemenang,"71,25",132990000,
4546198,Perencanaan Pembangunan Ruang Kelas SDN 001 Loa Janan,LPSE KABUPATEN KUTAI KARTANEGARA,PT.CIDIACH KARYA NUSANTARA,Bukan Pemenang,"77,48",133370000,
4546198,Perencanaan Pembangunan Ruang Kelas SDN 001 Loa Janan,LPSE KABUPATEN KUTAI KARTANEGARA,CV. ARCHIVIL ENGINEERING,"Tidak memasukkan PenawaranLulus, Diundang",,0,
4546198,Perencanaan Pembangunan Ruang Kelas SDN 001 Loa Janan,LPSE KABUPATEN KUTAI KARTANEGARA,PT. GEMILANG SURYA INTI,Tidak hadir pada pembuktian kualifikasi,,0,
4546198,Perencanaan Pembangunan Ruang Kelas SDN 001 Loa Janan,LPSE KABUPATEN KUTAI KARTANEGARA,Ri N Ra Artha Karya,Tidak hadir pada pembuktian kualifikasi,,0,
4546198,Perencanaan Pembangunan Ruang Kelas SDN 001 Loa Janan,LPSE KABUPATEN KUTAI KARTANEGARA,CV. Sawi Mahakam Consultant,Tidak hadir pada pembuktian kualifikasi,,0,
4546198,Perencanaan Pembangunan Ruang Kelas SDN 001 Loa Janan,LPSE KABUPATEN KUTAI KARTANEGARA,CV. AKASAKA TEKNIKA CONSULTANT,Tidak hadir pada pembuktian kualifikasi,,0,
4546198,Perencanaan Pembangunan Ruang Kelas SDN 001 Loa Janan,LPSE KABUPATEN KUTAI KARTANEGARA,CV. SIKLUS TEKNIK KONSULTAN,Tidak hadir pada pembuktian kualifikasi,,0,
4546198,Perencanaan Pembangunan Ruang Kelas SDN 001 Loa Janan,LPSE KABUPATEN KUTAI KARTANEGARA,CV.Trikarya Utama,"Lulus, Tidak Diundang",,0,
4546198,Perencanaan Pembangunan Ruang Kelas SDN 001 Loa Janan,LPSE KABUPATEN KUTAI KARTANEGARA,PT. ARISTA GEMILANG KONSULINDO,"Jangka Waktu Berlakunya Surat Penawaran Tidak Sesuai Dok. PemilihanLulus, Diundang",,0,
4546198,Perencanaan Pembangunan Ruang Kelas SDN 001 Loa Janan,LPSE KABUPATEN KUTAI KARTANEGARA,CV. MATRIX CONSULTANT,"Lulus, Tidak Diundang",,0,
4546198,Perencanaan Pembangunan Ruang Kelas SDN 001 Loa Janan,LPSE KABUPATEN KUTAI KARTANEGARA,CV. DUTA PONTANA,"Lulus, Tidak Diundang",,0,
4546198,Perencanaan Pembangunan Ruang Kelas SDN 001 Loa Janan,LPSE KABUPATEN KUTAI KARTANEGARA,PT. MODUL LIMA UTAMA,"Lulus, Tidak Diundang",,0,
4546198,Perencanaan Pembangunan Ruang Kelas SDN 001 Loa Janan,LPSE KABUPATEN KUTAI KARTANEGARA,CV. FORTUNA TEKNIK,"Lulus, Tidak Diundang",,0,
4546198,Perencanaan Pembangunan Ruang Kelas SDN 001 Loa Janan,LPSE KABUPATEN KUTAI KARTANEGARA,PT. MARANNU MARAYA MAINDAN,Tidak Menghadiri Pembuktian,,0,
4546198,Perencanaan Pembangunan Ruang Kelas SDN 001 Loa Janan,LPSE KABUPATEN KUTAI KARTANEGARA,CV. KALTICONS DESAIN,Tidak Menghadiri Pembuktian,,0,
4546198,Perencanaan Pembangunan Ruang Kelas SDN 001 Loa Janan,LPSE KABUPATEN KUTAI KARTANEGARA,CV. MITRA UTAMA,Tidak Menghadiri Pembuktian,,0,
4546198,Perencanaan Pembangunan Ruang Kelas SDN 001 Loa Janan,LPSE KABUPATEN KUTAI KARTANEGARA,PT. BLANTIKA MULTI ENGINEER,Tidak Menghadiri Pembuktian,,0,
4546198,Perencanaan Pembangunan Ruang Kelas SDN 001 Loa Janan,LPSE KABUPATEN KUTAI KARTANEGARA,CV. MUTIARA KARYA CONSULTANT,Tidak Menghadiri Pembuktian,,0,
4546198,Perencanaan Pembangunan Ruang Kelas SDN 001 Loa Janan,LPSE KABUPATEN KUTAI KARTANEGARA,CV. MILANA CONSULTANT,Tidak Menghadiri Pembuktian,,0,
4546198,Perencanaan Pembangunan Ruang Kelas SDN 001 Loa Janan,LPSE KABUPATEN KUTAI KARTANEGARA,PT. MEGAPLAN Indoraya Esa,Tidak Menghadiri Pembuktian,,0,
4546198,Perencanaan Pembangunan Ruang Kelas SDN 001 Loa Janan,LPSE KABUPATEN KUTAI KARTANEGARA,CV. DIAN CONSULTAN,Tidak Menghadiri Pembuktian,,0,
4546198,Perencanaan Pembangunan Ruang Kelas SDN 001 Loa Janan,LPSE KABUPATEN KUTAI KARTANEGARA,CV.KEMIRI GADING,Tidak Menghadiri Pembuktian,,0,
4546198,Perencanaan Pembangunan Ruang Kelas SDN 001 Loa Janan,LPSE KABUPATEN KUTAI KARTANEGARA,PT. TEKNIKAL GLOBAL KONSULTAN,Tidak Menghadiri Pembuktian,,0,
4546198,Perencanaan Pembangunan Ruang Kelas SDN 001 Loa Janan,LPSE KABUPATEN KUTAI KARTANEGARA,PT. GEOMATIK CONSULTANT,Tidak Menghadiri Pembuktian,,0,
4546198,Perencanaan Pembangunan Ruang Kelas SDN 001 Loa Janan,LPSE KABUPATEN KUTAI KARTANEGARA,CV. MATRA DESAIN,Tidak Menghadiri Pembuktian,,0,
4546198,Perencanaan Pembangunan Ruang Kelas SDN 001 Loa Janan,LPSE KABUPATEN KUTAI KARTANEGARA,CV. BOPACINDO KONSULTAN,Tidak Menghadiri Pembuktian,,0,
4546198,Perencanaan Pembangunan Ruang Kelas SDN 001 Loa Janan,LPSE KABUPATEN KUTAI KARTANEGARA,CV. &I_GRADASI GARISARCH,Tidak Menghadiri Pembuktian,,0,
4546198,Perencanaan Pembangunan Ruang Kelas SDN 001 Loa Janan,LPSE KABUPATEN KUTAI KARTANEGARA,cv. bola mandiri,Tidak Menghadiri Pembuktian,,0,
4529198,Perencanaan Pemeliharaan Prasarana Olahraga Gedung Komplek Stadion Aji Imbut Tenggarong Seberang,LPSE KABUPATEN KUTAI KARTANEGARA,PT. GEMILANG SURYA INTI,Bukan Pemenang,"69,79",159500000,
4529198,Perencanaan Pemeliharaan Prasarana Olahraga Gedung Komplek Stadion Aji Imbut Tenggarong Seberang,LPSE KABUPATEN KUTAI KARTANEGARA,Sarang Teknik Consultant,Bukan Pemenang,"65,08",167090000,
4529198,Perencanaan Pemeliharaan Prasarana Olahraga Gedung Komplek Stadion Aji Imbut Tenggarong Seberang,LPSE KABUPATEN KUTAI KARTANEGARA,PT. Inasa Sakha Kirana,Bukan Pemenang,"71,57",172062000,
4529198,Perencanaan Pemeliharaan Prasarana Olahraga Gedung Komplek Stadion Aji Imbut Tenggarong Seberang,LPSE KABUPATEN KUTAI KARTANEGARA,CV. PRABUANA ENGINEER CONSULTANT,Pemenang,"91,6",175021000,
4529198,Perencanaan Pemeliharaan Prasarana Olahraga Gedung Komplek Stadion Aji Imbut Tenggarong Seberang,LPSE KABUPATEN KUTAI KARTANEGARA,CV. ARCHIVIL ENGINEERING,Tidak mengupload/memindai Dokumen Penawaran,,0,
4529198,Perencanaan Pemeliharaan Prasarana Olahraga Gedung Komplek Stadion Aji Imbut Tenggarong Seberang,LPSE KABUPATEN KUTAI KARTANEGARA,CV. Sawi Mahakam Consultant,Daftar pendek untuk seleksi sederhana berjumlah 3 - 5 penyedia jasa konsultansi (short list) berdasarkan urutan terbaik,,0,
4529198,Perencanaan Pemeliharaan Prasarana Olahraga Gedung Komplek Stadion Aji Imbut Tenggarong Seberang,LPSE KABUPATEN KUTAI KARTANEGARA,Ri N Ra Artha Karya,Daftar pendek untuk seleksi sederhana berjumlah 3 - 5 penyedia jasa konsultansi (short list) berdasarkan urutan terbaik,,0,
4529198,Perencanaan Pemeliharaan Prasarana Olahraga Gedung Komplek Stadion Aji Imbut Tenggarong Seberang,LPSE KABUPATEN KUTAI KARTANEGARA,PT. PRIMA MAXIMA ABADI,Daftar pendek untuk seleksi sederhana berjumlah 3 - 5 penyedia jasa konsultansi (short list) berdasarkan urutan terbaik,,0,
4529198,Perencanaan Pemeliharaan Prasarana Olahraga Gedung Komplek Stadion Aji Imbut Tenggarong Seberang,LPSE KABUPATEN KUTAI KARTANEGARA,cv. datum,Daftar pendek untuk seleksi sederhana berjumlah 3 - 5 penyedia jasa konsultansi (short list) berdasarkan urutan terbaik,,0,
4529198,Perencanaan Pemeliharaan Prasarana Olahraga Gedung Komplek Stadion Aji Imbut Tenggarong Seberang,LPSE KABUPATEN KUTAI KARTANEGARA,cv. bola mandiri,Daftar pendek untuk seleksi sederhana berjumlah 3 - 5 penyedia jasa konsultansi (short list) berdasarkan urutan terbaik,,0,
4529198,Perencanaan Pemeliharaan Prasarana Olahraga Gedung Komplek Stadion Aji Imbut Tenggarong Seberang,LPSE KABUPATEN KUTAI KARTANEGARA,PT. DWI ELTIS KONSULTAN,Daftar pendek untuk seleksi sederhana berjumlah 3 - 5 penyedia jasa konsultansi (short list) berdasarkan urutan terbaik,,0,
4529198,Perencanaan Pemeliharaan Prasarana Olahraga Gedung Komplek Stadion Aji Imbut Tenggarong Seberang,LPSE KABUPATEN KUTAI KARTANEGARA,PT. Munasa Kreasi Nusantara,Daftar pendek untuk seleksi sederhana berjumlah 3 - 5 penyedia jasa konsultansi (short list) berdasarkan urutan terbaik,,0,
4529198,Perencanaan Pemeliharaan Prasarana Olahraga Gedung Komplek Stadion Aji Imbut Tenggarong Seberang,LPSE KABUPATEN KUTAI KARTANEGARA,PT. JASAKONS PUTRA UTAMA,Daftar pendek untuk seleksi sederhana berjumlah 3 - 5 penyedia jasa konsultansi (short list) berdasarkan urutan terbaik,,0,
4529198,Perencanaan Pemeliharaan Prasarana Olahraga Gedung Komplek Stadion Aji Imbut Tenggarong Seberang,LPSE KABUPATEN KUTAI KARTANEGARA,CV. AKASAKA TEKNIKA CONSULTANT,Daftar pendek untuk seleksi sederhana berjumlah 3 - 5 penyedia jasa konsultansi (short list) berdasarkan urutan terbaik,,0,
4529198,Perencanaan Pemeliharaan Prasarana Olahraga Gedung Komplek Stadion Aji Imbut Tenggarong Seberang,LPSE KABUPATEN KUTAI KARTANEGARA,"Instalis, CV",Tidak Menghadiri Pembuktian,,0,
4529198,Perencanaan Pemeliharaan Prasarana Olahraga Gedung Komplek Stadion Aji Imbut Tenggarong Seberang,LPSE KABUPATEN KUTAI KARTANEGARA,PT. MAPINDO MATRAKARSA,Tidak Menghadiri Pembuktian,,0,
4529198,Perencanaan Pemeliharaan Prasarana Olahraga Gedung Komplek Stadion Aji Imbut Tenggarong Seberang,LPSE KABUPATEN KUTAI KARTANEGARA,PT. HEGAR DAYA,Tidak Menghadiri Pembuktian,,0,
4529198,Perencanaan Pemeliharaan Prasarana Olahraga Gedung Komplek Stadion Aji Imbut Tenggarong Seberang,LPSE KABUPATEN KUTAI KARTANEGARA,PT. METRO ASTADI,Tidak Menghadiri Pembuktian,,0,
4529198,Perencanaan Pemeliharaan Prasarana Olahraga Gedung Komplek Stadion Aji Imbut Tenggarong Seberang,LPSE KABUPATEN KUTAI KARTANEGARA,anugrah fajar abadi,Tidak Menghadiri Pembuktian,,0,
4529198,Perencanaan Pemeliharaan Prasarana Olahraga Gedung Komplek Stadion Aji Imbut Tenggarong Seberang,LPSE KABUPATEN KUTAI KARTANEGARA,alumuga,Tidak Menghadiri Pembuktian,,0,
4529198,Perencanaan Pemeliharaan Prasarana Olahraga Gedung Komplek Stadion Aji Imbut Tenggarong Seberang,LPSE KABUPATEN KUTAI KARTANEGARA,CV.ARCHITILA BORNEO KONSULTAN,Tidak Menghadiri Pembuktian,,0,
4529198,Perencanaan Pemeliharaan Prasarana Olahraga Gedung Komplek Stadion Aji Imbut Tenggarong Seberang,LPSE KABUPATEN KUTAI KARTANEGARA,KUMALA SARI INDAH,Tidak Menghadiri Pembuktian,,0,
4529198,Perencanaan Pemeliharaan Prasarana Olahraga Gedung Komplek Stadion Aji Imbut Tenggarong Seberang,LPSE KABUPATEN KUTAI KARTANEGARA,CV. IDESPLAN CONSULTING ENGINEER'S,Tidak Menghadiri Pembuktian,,0,
4529198,Perencanaan Pemeliharaan Prasarana Olahraga Gedung Komplek Stadion Aji Imbut Tenggarong Seberang,LPSE KABUPATEN KUTAI KARTANEGARA,PT. Gumilang Sajati,Tidak Menghadiri Pembuktian,,0,
4529198,Perencanaan Pemeliharaan Prasarana Olahraga Gedung Komplek Stadion Aji Imbut Tenggarong Seberang,LPSE KABUPATEN KUTAI KARTANEGARA,PT. MUARA CONSULT,Tidak Menghadiri Pembuktian,,0,
4529198,Perencanaan Pemeliharaan Prasarana Olahraga Gedung Komplek Stadion Aji Imbut Tenggarong Seberang,LPSE KABUPATEN KUTAI KARTANEGARA,PT. ARISTA GEMILANG KONSULINDO,Tidak Menghadiri Pembuktian,,0,
4529198,Perencanaan Pemeliharaan Prasarana Olahraga Gedung Komplek Stadion Aji Imbut Tenggarong Seberang,LPSE KABUPATEN KUTAI KARTANEGARA,cv.ar-rozaq,Tidak Menghadiri Pembuktian,,0,
4529198,Perencanaan Pemeliharaan Prasarana Olahraga Gedung Komplek Stadion Aji Imbut Tenggarong Seberang,LPSE KABUPATEN KUTAI KARTANEGARA,PT.ASRI ADYATAMA,Tidak Menghadiri Pembuktian,,0,
4529198,Perencanaan Pemeliharaan Prasarana Olahraga Gedung Komplek Stadion Aji Imbut Tenggarong Seberang,LPSE KABUPATEN KUTAI KARTANEGARA,CV. EMWE BERSAUDARA,Tidak Menghadiri Pembuktian,,0,
4765198,Perencanaan Lanjutan Pengembangan Kawasan Wisata Waduk Panji Sukarame Tenggarong,LPSE KABUPATEN KUTAI KARTANEGARA,PT. NUSANTARA CITRA KONSULTAN,Bukan Pemenang,"87,17",800030000,"87,17"
4765198,Perencanaan Lanjutan Pengembangan Kawasan Wisata Waduk Panji Sukarame Tenggarong,LPSE KABUPATEN KUTAI KARTANEGARA,PT. Pandu Persada,Bukan Pemenang,"80,63",827475000,"80,63"
4765198,Perencanaan Lanjutan Pengembangan Kawasan Wisata Waduk Panji Sukarame Tenggarong,LPSE KABUPATEN KUTAI KARTANEGARA,PT. DAYA CIPTA DIANRANCANA,Pemenang,"89,94",943500000,"89,94"
4765198,Perencanaan Lanjutan Pengembangan Kawasan Wisata Waduk Panji Sukarame Tenggarong,LPSE KABUPATEN KUTAI KARTANEGARA,PT. GEMILANG SURYA INTI,Gugur di Tenaga Ahli,,0,
4765198,Perencanaan Lanjutan Pengembangan Kawasan Wisata Waduk Panji Sukarame Tenggarong,LPSE KABUPATEN KUTAI KARTANEGARA,CV.GRIYA LOKA,"Lulus, Tidak Diundang",,0,
4765198,Perencanaan Lanjutan Pengembangan Kawasan Wisata Waduk Panji Sukarame Tenggarong,LPSE KABUPATEN KUTAI KARTANEGARA,PT. ALOCITA MANDIRI,Bukan Pemenang,,0,
4765198,Perencanaan Lanjutan Pengembangan Kawasan Wisata Waduk Panji Sukarame Tenggarong,LPSE KABUPATEN KUTAI KARTANEGARA,PT. ABDI SATRIA BHUMI,Gugur di Tenaga Ahli,,0,
4765198,Perencanaan Lanjutan Pengembangan Kawasan Wisata Waduk Panji Sukarame Tenggarong,LPSE KABUPATEN KUTAI KARTANEGARA,PT. Teraga Olahrakayasa,Gugur di Sertifikat Badan Usaha (SBU),,0,
4765198,Perencanaan Lanjutan Pengembangan Kawasan Wisata Waduk Panji Sukarame Tenggarong,LPSE KABUPATEN KUTAI KARTANEGARA,PT. INTIMULYA MULTIKENCANA,Gugur di Tenaga Ahli,,0,
4765198,Perencanaan Lanjutan Pengembangan Kawasan Wisata Waduk Panji Sukarame Tenggarong,LPSE KABUPATEN KUTAI KARTANEGARA,PT. MARANNU MARAYA MAINDAN,Gugur di Tenaga Ahli,,0,
4765198,Perencanaan Lanjutan Pengembangan Kawasan Wisata Waduk Panji Sukarame Tenggarong,LPSE KABUPATEN KUTAI KARTANEGARA,PT. Wahanacipta Bangunwisma,Tidak Memasukkan Dokumen Penawaran,,0,
4765198,Perencanaan Lanjutan Pengembangan Kawasan Wisata Waduk Panji Sukarame Tenggarong,LPSE KABUPATEN KUTAI KARTANEGARA,PT. ARIA RIPTA SARANA,Gugur di Sertifikat Badan Usaha (SBU),,0,
4765198,Perencanaan Lanjutan Pengembangan Kawasan Wisata Waduk Panji Sukarame Tenggarong,LPSE KABUPATEN KUTAI KARTANEGARA,PT. Suwanda Karya Mandiri,Gugur di Tenaga Ahli,,0,
4765198,Perencanaan Lanjutan Pengembangan Kawasan Wisata Waduk Panji Sukarame Tenggarong,LPSE KABUPATEN KUTAI KARTANEGARA,PT. DWI ELTIS KONSULTAN,Gugur di Tenaga Ahli,,0,
4765198,Perencanaan Lanjutan Pengembangan Kawasan Wisata Waduk Panji Sukarame Tenggarong,LPSE KABUPATEN KUTAI KARTANEGARA,PT. Puri Dimensi,Gugur di Tenaga Ahli,,0,
4765198,Perencanaan Lanjutan Pengembangan Kawasan Wisata Waduk Panji Sukarame Tenggarong,LPSE KABUPATEN KUTAI KARTANEGARA,PT. ADHI HUTAMA KONSULINDO,Gugur di Tenaga Ahli,,0,
4765198,Perencanaan Lanjutan Pengembangan Kawasan Wisata Waduk Panji Sukarame Tenggarong,LPSE KABUPATEN KUTAI KARTANEGARA,PT. Rayakonsult,Gugur di Tenaga Ahli,,0,
4765198,Perencanaan Lanjutan Pengembangan Kawasan Wisata Waduk Panji Sukarame Tenggarong,LPSE KABUPATEN KUTAI KARTANEGARA,TEKNIKA KARYA KONSULTAN,Gugur di Tenaga Ahli,,0,
4765198,Perencanaan Lanjutan Pengembangan Kawasan Wisata Waduk Panji Sukarame Tenggarong,LPSE KABUPATEN KUTAI KARTANEGARA,CV. FASADE UTAMA,Gugur di Tenaga Ahli,,0,
4765198,Perencanaan Lanjutan Pengembangan Kawasan Wisata Waduk Panji Sukarame Tenggarong,LPSE KABUPATEN KUTAI KARTANEGARA,PT. ARIA GRAHA,Gugur di Tenaga Ahli,,0,
4765198,Perencanaan Lanjutan Pengembangan Kawasan Wisata Waduk Panji Sukarame Tenggarong,LPSE KABUPATEN KUTAI KARTANEGARA,PT. MUARA CONSULT,Tidak Menghadiri Pembuktian,,0,
4765198,Perencanaan Lanjutan Pengembangan Kawasan Wisata Waduk Panji Sukarame Tenggarong,LPSE KABUPATEN KUTAI KARTANEGARA,PT. JASAKONS PUTRA UTAMA,Tidak Menghadiri Pembuktian,,0,
4765198,Perencanaan Lanjutan Pengembangan Kawasan Wisata Waduk Panji Sukarame Tenggarong,LPSE KABUPATEN KUTAI KARTANEGARA,PT. CAINAWA,Tidak Menghadiri Pembuktian,,0,
4765198,Perencanaan Lanjutan Pengembangan Kawasan Wisata Waduk Panji Sukarame Tenggarong,LPSE KABUPATEN KUTAI KARTANEGARA,CV. CITA CIPTA CITRA CENDIKIA,Tidak Menghadiri Pembuktian,,0,
4765198,Perencanaan Lanjutan Pengembangan Kawasan Wisata Waduk Panji Sukarame Tenggarong,LPSE KABUPATEN KUTAI KARTANEGARA,PT. ARCI PRATAMA KONSULTAN,Tidak Menghadiri Pembuktian,,0,
4765198,Perencanaan Lanjutan Pengembangan Kawasan Wisata Waduk Panji Sukarame Tenggarong,LPSE KABUPATEN KUTAI KARTANEGARA,PT. BRAMUDA SINERGY,Tidak Menghadiri Pembuktian,,0,
4765198,Perencanaan Lanjutan Pengembangan Kawasan Wisata Waduk Panji Sukarame Tenggarong,LPSE KABUPATEN KUTAI KARTANEGARA,PT. Celebes Sarana Jasa,Tidak Menghadiri Pembuktian,,0,
4765198,Perencanaan Lanjutan Pengembangan Kawasan Wisata Waduk Panji Sukarame Tenggarong,LPSE KABUPATEN KUTAI KARTANEGARA,PT. TEKNIKA CIPTAKONSULTAN,Tidak Menghadiri Pembuktian,,0,
4765198,Perencanaan Lanjutan Pengembangan Kawasan Wisata Waduk Panji Sukarame Tenggarong,LPSE KABUPATEN KUTAI KARTANEGARA,PT ADDIN BROTHERS,Tidak Menghadiri Pembuktian,,0,
4765198,Perencanaan Lanjutan Pengembangan Kawasan Wisata Waduk Panji Sukarame Tenggarong,LPSE KABUPATEN KUTAI KARTANEGARA,PT. PERMATA MARGA KREASI,Tidak Menghadiri Pembuktian,,0,
4765198,Perencanaan Lanjutan Pengembangan Kawasan Wisata Waduk Panji Sukarame Tenggarong,LPSE KABUPATEN KUTAI KARTANEGARA,CV. RASYA ALBAR CONSULTANT,Tidak Menghadiri Pembuktian,,0,
4765198,Perencanaan Lanjutan Pengembangan Kawasan Wisata Waduk Panji Sukarame Tenggarong,LPSE KABUPATEN KUTAI KARTANEGARA,PT. GIRI AWAS,Tidak Menghadiri Pembuktian,,0,
4765198,Perencanaan Lanjutan Pengembangan Kawasan Wisata Waduk Panji Sukarame Tenggarong,LPSE KABUPATEN KUTAI KARTANEGARA,PT. Inasa Sakha Kirana,Tidak Menghadiri Pembuktian,,0,
4765198,Perencanaan Lanjutan Pengembangan Kawasan Wisata Waduk Panji Sukarame Tenggarong,LPSE KABUPATEN KUTAI KARTANEGARA,PT. SUMAPLAN ADICIPTA PERSADA,Tidak Menghadiri Pembuktian,,0,
4765198,Perencanaan Lanjutan Pengembangan Kawasan Wisata Waduk Panji Sukarame Tenggarong,LPSE KABUPATEN KUTAI KARTANEGARA,PT. ASA DESAIN,Tidak Menghadiri Pembuktian,,0,
4765198,Perencanaan Lanjutan Pengembangan Kawasan Wisata Waduk Panji Sukarame Tenggarong,LPSE KABUPATEN KUTAI KARTANEGARA,PT. ARISTA GEMILANG KONSULINDO,Tidak Menghadiri Pembuktian,,0,
4765198,Perencanaan Lanjutan Pengembangan Kawasan Wisata Waduk Panji Sukarame Tenggarong,LPSE KABUPATEN KUTAI KARTANEGARA,PT. BINTANG TIRTA PRATAMA,Tidak Menghadiri Pembuktian,,0,
4765198,Perencanaan Lanjutan Pengembangan Kawasan Wisata Waduk Panji Sukarame Tenggarong,LPSE KABUPATEN KUTAI KARTANEGARA,PT. Mitrakawasa Konsulindo,Tidak Menghadiri Pembuktian,,0,
4765198,Perencanaan Lanjutan Pengembangan Kawasan Wisata Waduk Panji Sukarame Tenggarong,LPSE KABUPATEN KUTAI KARTANEGARA,PT. TARAM,Tidak Menghadiri Pembuktian,,0,
